uri:/instrument/1.0/AAL/chartdata;type=quote;range=1d/csv
ticker:aal
Company-Name:American Airlines Group, Inc.
Exchange-Name:NMS
unit:MIN
timezone:EDT
currency:USD
gmtoffset:-14400
previous_close:48.8500
Timestamp:1431523800,1431547200
labels:1431525600,1431529200,1431532800,1431536400,1431540000,1431543600,1431547200
values:Timestamp,close,high,low,open,volume
close:48.4100,49.8400
high:48.4350,49.8500
low:48.4000,49.6200
open:48.4100,49.8300
volume:0,369600
1431523851,49.0200,49.2400,48.9100,48.9500,269800
1431523912,49.3200,49.3900,49.1100,49.1200,88500
1431523977,49.3000,49.3800,49.2000,49.3380,81400
1431523981,49.3200,49.3800,49.2726,49.2800,69700
1431524040,49.4200,49.6300,49.2886,49.3100,113500
1431524100,49.4300,49.5000,49.3800,49.4100,79700
1431524218,49.5600,49.7400,49.4280,49.4300,101100
1431524220,49.5700,49.7000,49.5100,49.5400,58600
1431524280,49.5100,49.6300,49.5000,49.5800,33500
1431524344,49.4400,49.5570,49.4200,49.5500,39700
1431524400,49.3600,49.4700,49.3500,49.4200,63300
1431524461,49.5300,49.5500,49.3600,49.3600,40700
1431524522,49.6700,49.7000,49.5250,49.5300,65000
1431524584,49.8400,49.8400,49.6200,49.6800,90800
1431524699,49.5900,49.8500,49.5900,49.8300,40100
1431524759,49.5100,49.6200,49.5000,49.5800,43200
1431524815,49.4600,49.5100,49.4300,49.4900,39200
1431524820,49.4838,49.5100,49.4240,49.4240,28100
1431524938,49.5052,49.5200,49.4600,49.4800,20500
1431524998,49.5280,49.5600,49.4950,49.5099,31000
1431525059,49.4900,49.5500,49.4300,49.5300,32600
1431525061,49.3800,49.5100,49.3650,49.4800,31000
1431525173,49.4100,49.4300,49.3890,49.3899,26200
1431525181,49.4000,49.4100,49.3600,49.4000,37000
1431525241,49.3812,49.4500,49.3400,49.4400,50700
1431525304,49.4300,49.4702,49.3500,49.3700,45000
1431525419,49.3900,49.4500,49.3200,49.4500,36400
1431525479,49.2700,49.4100,49.2300,49.3900,65200
1431525538,49.2600,49.2800,49.2220,49.2800,60800
1431525599,49.3200,49.3400,49.2400,49.2599,19800
1431525659,49.2100,49.3600,49.2000,49.3100,50400
1431525715,49.2800,49.2800,49.1700,49.2100,17200
1431525778,49.2700,49.3000,49.2300,49.2800,7500
1431525780,49.2350,49.3000,49.2350,49.2600,22900
1431525840,49.2792,49.2900,49.1900,49.2300,11300
1431525952,49.2314,49.3000,49.2100,49.2900,23300
1431526019,49.2200,49.2600,49.1600,49.2100,40400
1431526078,49.2300,49.2800,49.2200,49.2200,27600
1431526083,49.2800,49.3000,49.2400,49.2400,34000
1431526198,49.2900,49.3100,49.2600,49.2900,45200
1431526258,49.3000,49.3100,49.2600,49.3000,33700
1431526261,49.2900,49.3100,49.2500,49.3000,26600
1431526378,49.2600,49.3100,49.2500,49.3100,29600
1431526385,49.2900,49.3100,49.2500,49.2500,14700
1431526440,49.3000,49.3200,49.2700,49.2900,23500
1431526557,49.2600,49.3099,49.2599,49.3050,36700
1431526618,49.2496,49.2900,49.2300,49.2700,23400
1431526622,49.2300,49.2600,49.2300,49.2530,17800
1431526737,49.2000,49.2300,49.2000,49.2300,18900
1431526798,49.1100,49.2100,49.1100,49.2044,52000
1431526857,49.1600,49.1600,49.1000,49.1100,17200
1431526911,49.2378,49.2400,49.1600,49.1600,11400
1431526978,49.2401,49.2800,49.2401,49.2500,13700
1431527038,49.2000,49.2480,49.2000,49.2480,30400
1431527047,49.2200,49.2220,49.1800,49.2174,22800
1431527150,49.1900,49.2100,49.1700,49.2000,7400
1431527164,49.1300,49.1800,49.1300,49.1800,13400
1431527220,49.1000,49.1800,49.1000,49.1400,26200
1431527339,49.0700,49.1000,49.0600,49.1000,27700
1431527399,49.0251,49.0800,49.0200,49.0650,14200
1431527453,48.9000,49.0300,48.8750,49.0200,73200
1431527519,48.9700,48.9700,48.8900,48.8900,62500
1431527578,48.9924,49.0200,48.9501,48.9724,21800
1431527639,48.9600,48.9698,48.9101,48.9600,20400
1431527698,49.0300,49.0300,48.9500,48.9700,20500
1431527702,48.9800,49.0500,48.9800,49.0300,20700
1431527819,49.0000,49.0178,48.9656,48.9700,6300
1431527879,48.9132,49.0100,48.9100,49.0100,13300
1431527939,48.9432,48.9649,48.9102,48.9102,4700
1431527940,48.9900,48.9900,48.9500,48.9500,11300
1431528003,48.9450,48.9800,48.9210,48.9800,8000
1431528119,48.9900,48.9900,48.9200,48.9401,9400
1431528178,49.0000,49.0400,48.9800,49.0000,41400
1431528239,49.0100,49.0300,48.9900,49.0100,15000
1431528241,49.0200,49.0200,48.9600,49.0100,28000
1431528355,48.9500,49.0100,48.9500,49.0100,12100
1431528361,49.0136,49.0166,48.9550,48.9568,8800
1431528422,49.0400,49.0500,49.0166,49.0166,37800
1431528538,49.0300,49.0400,49.0000,49.0400,19500
1431528542,49.0300,49.0436,48.9750,49.0200,17700
1431528602,49.0588,49.0588,49.0100,49.0200,10700
1431528661,49.0950,49.1000,49.0600,49.0600,72800
1431528720,49.1200,49.1300,49.0700,49.1100,77300
1431528839,49.1568,49.1600,49.1100,49.1200,37000
1431528899,49.1800,49.2200,49.1600,49.1600,84300
1431528959,49.0700,49.1800,49.0500,49.1800,48700
1431529018,49.0616,49.0799,49.0500,49.0600,27300
1431529027,49.1000,49.1132,49.0500,49.0500,6300
1431529138,49.0900,49.1400,49.0900,49.1200,12600
1431529152,49.0200,49.0500,49.0100,49.0500,16400
1431529259,48.9300,49.0166,48.9300,49.0150,32700
1431529319,48.9500,48.9600,48.9300,48.9300,19700
1431529323,48.9600,49.0000,48.9600,48.9700,17800
1431529392,49.0200,49.0300,48.9600,48.9600,12500
1431529442,49.0500,49.0500,48.9700,49.0300,22200
1431529559,49.0500,49.0700,49.0300,49.0400,13100
1431529560,49.0200,49.0600,49.0000,49.0500,56300
1431529672,49.0100,49.0582,49.0100,49.0200,7800
1431529736,48.9900,49.0300,48.9500,49.0100,20900
1431529797,49.0473,49.0570,48.9800,48.9800,31700
1431529800,49.0400,49.0500,49.0000,49.0500,37800
1431529914,49.0400,49.0700,49.0200,49.0400,25600
1431529924,48.9900,49.0400,48.9900,49.0200,18900
1431530004,49.0000,49.0000,48.9800,48.9800,6500
1431530099,49.0200,49.0400,48.9800,48.9800,7800
1431530157,49.0200,49.0300,49.0000,49.0000,3300
1431530216,49.0500,49.0500,49.0100,49.0200,4700
1431530276,49.1000,49.1100,49.0700,49.0700,8800
1431530333,49.1000,49.1000,49.0900,49.1000,7000
1431530399,49.0847,49.1154,49.0700,49.1100,21700
1431530459,49.0258,49.0800,49.0100,49.0800,9900
1431530460,49.0300,49.0399,48.9700,49.0200,14000
1431530577,49.0601,49.0858,49.0400,49.0400,9600
1431530639,49.1000,49.1100,49.0585,49.0600,12000
1431530699,49.1000,49.1100,49.1000,49.1000,13600
1431530700,49.1000,49.1100,49.0900,49.1000,22100
1431530765,49.1000,49.1200,49.0900,49.1000,25300
1431530876,49.0000,49.1051,49.0000,49.1000,49300
1431530939,48.9000,49.0000,48.8900,49.0000,37900
1431530999,48.9200,48.9300,48.8900,48.9000,19900
1431531000,48.9190,48.9300,48.8900,48.9100,13800
1431531116,48.9500,48.9500,48.9200,48.9200,9200
1431531127,48.9700,48.9800,48.9500,48.9500,3900
1431531236,49.0300,49.0300,48.9650,48.9700,16400
1431531299,49.0700,49.0714,49.0300,49.0300,9600
1431531345,49.0600,49.0900,49.0300,49.0800,9300
1431531419,49.0858,49.1000,49.0500,49.0600,5100
1431531478,49.0800,49.1200,49.0800,49.0940,10400
1431531535,49.0900,49.1000,49.0827,49.0900,6900
1431531599,49.0900,49.1200,49.0800,49.0900,11700
1431531605,49.0936,49.1036,49.0900,49.0900,4100
1431531673,49.0876,49.1100,49.0876,49.0951,15100
1431531778,49.1368,49.1400,49.0800,49.0800,24300
1431531837,49.1000,49.1500,49.1000,49.1375,18900
1431531897,49.0920,49.1100,49.0700,49.1000,12300
1431531900,49.0736,49.1200,49.0600,49.0900,42000
1431532014,49.0800,49.0900,49.0500,49.0600,7500
1431532073,49.1000,49.1000,49.0400,49.0890,5100
1431532093,49.1000,49.1200,49.0957,49.1000,15500
1431532143,49.1400,49.1400,49.1000,49.1000,4800
1431532257,49.0900,49.1500,49.0600,49.1500,19500
1431532311,49.0800,49.0982,49.0800,49.0900,4900
1431532374,49.1000,49.1000,49.0500,49.0600,9100
1431532439,49.0500,49.0900,49.0492,49.0900,4600
1431532485,48.9900,49.0400,48.9700,49.0400,20000
1431532558,48.9600,49.0000,48.9600,48.9851,5400
1431532616,48.9500,48.9700,48.9500,48.9545,5500
1431532678,48.9700,48.9700,48.9500,48.9500,12200
1431532733,48.9900,49.0200,48.9800,48.9800,6900
1431532798,48.9950,49.0200,48.9800,48.9900,13400
1431532858,48.9700,48.9900,48.9600,48.9900,11200
1431532907,49.0168,49.0200,48.9700,48.9750,12900
1431532943,49.0400,49.0400,49.0200,49.0200,2300
1431533036,49.0400,49.0600,49.0388,49.0388,3400
1431533095,49.0650,49.0698,49.0400,49.0400,4800
1431533159,49.0500,49.0866,49.0500,49.0700,5200
1431533161,49.0200,49.0500,49.0200,49.0500,2300
1431533272,49.0400,49.0400,49.0270,49.0270,2800
1431533326,49.0428,49.0650,49.0400,49.0450,3600
1431533363,49.0200,49.0600,49.0200,49.0500,6100
1431533451,49.0300,49.0324,49.0200,49.0258,3600
1431533460,49.0650,49.0664,49.0300,49.0300,4400
1431533543,49.0800,49.0840,49.0700,49.0700,3500
1431533635,49.0898,49.1000,49.0750,49.0750,17200
1431533647,49.0700,49.0800,49.0500,49.0800,3100
1431533728,49.0500,49.1100,49.0500,49.0900,6600
1431533815,49.0756,49.0756,49.0700,49.0700,600
1431533820,49.0900,49.0900,49.0700,49.0800,5700
1431533928,49.0900,49.0950,49.0900,49.0950,2000
1431533983,49.0900,49.1000,49.0900,49.1000,10800
1431534000,49.0700,49.0900,49.0700,49.0900,3900
1431534088,49.0520,49.0700,49.0520,49.0700,1400
1431534130,49.0500,49.0500,49.0400,49.0500,7100
1431534193,49.0200,49.0585,49.0100,49.0585,10000
1431534264,48.9950,49.0200,48.9700,49.0200,10300
1431534359,48.9650,49.0000,48.9500,49.0000,13900
1431534418,48.9500,48.9900,48.9500,48.9700,7500
1431534467,48.9400,48.9500,48.9000,48.9500,17600
1431534480,48.9700,48.9751,48.9401,48.9401,4000
1431534597,48.9300,48.9850,48.9300,48.9800,13800
1431534600,48.8800,48.9270,48.8800,48.9200,12400
1431534717,48.9082,48.9100,48.8600,48.8850,22800
1431534722,48.8800,48.9100,48.8800,48.9100,18200
1431534839,48.9500,48.9600,48.8800,48.8899,25800
1431534899,48.9900,48.9900,48.9550,48.9600,5200
1431534959,49.0000,49.0100,48.9900,48.9900,19900
1431534964,48.9900,49.0051,48.9700,49.0000,6500
1431535033,48.9850,48.9900,48.9850,48.9900,3100
1431535093,48.9900,49.0000,48.9900,49.0000,5800
1431535194,48.9750,49.0100,48.9750,48.9900,9100
1431535259,48.9250,48.9900,48.9200,48.9800,8100
1431535263,48.9458,48.9500,48.9300,48.9300,4700
1431535375,48.9440,48.9500,48.9250,48.9400,7900
1431535438,48.9450,48.9500,48.9350,48.9450,11000
1431535499,48.9499,48.9499,48.9350,48.9450,4400
1431535558,48.9450,48.9566,48.9350,48.9500,6500
1431535616,48.9600,48.9700,48.9450,48.9450,3500
1431535671,48.9850,48.9850,48.9600,48.9650,7200
1431535734,49.0000,49.0162,48.9900,48.9900,13100
1431535795,49.0098,49.0100,48.9900,48.9950,10100
1431535807,48.9950,49.0400,48.9950,49.0250,10900
1431535908,49.0100,49.0100,48.9800,48.9999,4000
1431535922,49.0000,49.0200,48.9900,49.0100,5900
1431536030,49.0262,49.0279,48.9950,48.9950,11200
1431536042,49.0000,49.0200,49.0000,49.0200,7500
1431536149,48.9600,49.0050,48.9600,48.9999,5000
1431536219,48.9300,48.9573,48.9249,48.9573,2000
1431536279,48.9800,48.9800,48.9400,48.9400,3400
1431536339,49.0000,49.0100,48.9850,48.9850,3800
1431536346,48.9800,49.0050,48.9800,49.0000,7700
1431536459,48.9900,48.9900,48.9750,48.9800,8600
1431536464,49.0200,49.0200,48.9850,48.9900,6900
1431536579,49.0200,49.0600,49.0200,49.0300,16600
1431536635,49.0100,49.0300,49.0100,49.0100,8500
1431536698,49.0100,49.0200,49.0050,49.0200,8500
1431536705,48.9800,49.0050,48.9800,49.0050,3500
1431536808,48.9700,49.0000,48.9600,48.9900,33800
1431536823,48.9600,48.9701,48.9600,48.9700,3100
1431536935,48.9451,48.9600,48.9350,48.9600,4600
1431536999,48.9200,48.9450,48.9150,48.9400,9900
1431537058,48.9200,48.9300,48.9100,48.9200,11100
1431537119,48.9350,48.9350,48.9200,48.9299,3400
1431537122,48.9300,48.9470,48.9300,48.9400,12600
1431537238,48.9400,48.9450,48.9300,48.9300,4300
1431537299,48.9600,48.9600,48.9400,48.9400,2300
1431537351,48.9700,48.9800,48.9700,48.9700,6000
1431537364,48.9900,48.9900,48.9700,48.9701,13800
1431537478,49.0000,49.0000,48.9818,48.9900,15800
1431537536,48.9799,49.0098,48.9750,49.0000,10700
1431537596,48.9800,48.9850,48.9800,48.9800,2400
1431537653,48.9800,48.9900,48.9800,48.9800,3200
1431537707,49.0150,49.0200,48.9800,48.9800,18200
1431537723,48.9800,49.0300,48.9800,49.0150,9300
1431537837,48.9900,48.9900,48.9700,48.9800,4100
1431537898,48.9768,49.0000,48.9700,49.0000,10900
1431537957,48.9800,49.0000,48.9750,48.9750,7800
1431538013,48.9300,48.9800,48.9300,48.9800,7000
1431538064,48.9400,48.9500,48.9400,48.9500,7100
1431538136,48.9600,48.9700,48.9400,48.9450,7000
1431538198,48.9800,48.9816,48.9700,48.9700,18000
1431538202,48.9800,48.9900,48.9500,48.9850,14800
1431538263,49.0000,49.0000,48.9750,48.9845,4400
1431538379,49.0200,49.0200,48.9900,48.9900,8100
1431538381,49.0300,49.0300,49.0018,49.0158,19200
1431538449,49.0500,49.0550,49.0300,49.0350,13500
1431538555,49.0450,49.0500,49.0400,49.0400,6700
1431538566,49.0800,49.0900,49.0600,49.0600,8000
1431538620,49.0600,49.0900,49.0600,49.0800,10100
1431538685,49.0800,49.0800,49.0588,49.0588,5500
1431538784,49.0500,49.0800,49.0500,49.0800,10200
1431538857,49.0651,49.0858,49.0550,49.0600,5800
1431538912,49.0900,49.1001,49.0400,49.0600,14200
1431538979,49.1000,49.1050,49.0800,49.0900,18700
1431538985,49.1000,49.1000,49.0800,49.1000,8800
1431539098,49.1100,49.1200,49.0900,49.0950,27200
1431539154,49.1000,49.1200,49.0850,49.1200,13500
1431539161,49.0600,49.1000,49.0600,49.1000,8800
1431539277,49.0900,49.1000,49.0600,49.0600,4400
1431539287,49.0900,49.0900,49.0600,49.0900,11700
1431539353,49.0700,49.0900,49.0500,49.0900,5700
1431539458,49.0500,49.0900,49.0500,49.0800,5100
1431539510,49.0350,49.0566,49.0250,49.0450,3500
1431539538,49.0100,49.0300,49.0100,49.0300,4000
1431539581,49.0000,49.0150,49.0000,49.0050,5200
1431539645,48.9600,48.9900,48.9557,48.9900,7900
1431539713,48.9600,48.9600,48.9550,48.9600,12600
1431539818,48.9700,48.9800,48.9400,48.9500,21900
1431539820,48.9800,48.9800,48.9600,48.9700,5200
1431539937,49.0068,49.0400,48.9750,48.9750,24400
1431539940,49.0050,49.0100,49.0000,49.0000,3100
1431540059,48.9850,49.0400,48.9850,49.0100,11200
1431540102,49.0000,49.0100,48.9750,48.9830,7600
1431540120,49.0050,49.0500,49.0050,49.0100,26800
1431540189,49.0050,49.0400,49.0000,49.0010,7100
1431540242,48.9700,49.0138,48.9700,49.0100,5000
1431540359,49.0190,49.0200,48.9700,48.9700,8200
1431540417,49.0100,49.0190,48.9800,49.0190,22200
1431540474,48.9700,49.0200,48.9700,49.0000,11900
1431540539,48.9500,48.9700,48.9500,48.9700,4800
1431540599,48.9850,48.9900,48.9550,48.9600,13800
1431540659,48.9700,48.9900,48.9650,48.9850,17300
1431540717,48.9400,48.9790,48.9400,48.9700,24000
1431540779,48.9300,48.9450,48.9300,48.9450,3800
1431540838,48.9101,48.9300,48.9000,48.9250,15400
1431540896,48.9050,48.9200,48.9000,48.9150,10100
1431540955,48.8700,48.9099,48.8700,48.9050,15200
1431541018,48.8100,48.8600,48.8000,48.8600,56500
1431541077,48.8000,48.8200,48.8000,48.8100,11200
1431541135,48.7700,48.8100,48.7700,48.8100,17100
1431541196,48.8350,48.8395,48.7700,48.7700,18200
1431541255,48.8699,48.8699,48.8260,48.8350,14600
1431541264,48.8100,48.8600,48.8100,48.8600,11100
1431541373,48.7901,48.8350,48.7899,48.8300,9200
1431541382,48.8200,48.8200,48.7900,48.8000,8200
1431541444,48.8400,48.8450,48.8100,48.8100,11100
1431541559,48.8200,48.8350,48.8200,48.8300,9600
1431541565,48.8200,48.8358,48.8100,48.8290,14500
1431541679,48.8258,48.8400,48.8200,48.8200,7200
1431541732,48.8201,48.8250,48.8200,48.8200,11100
1431541746,48.7900,48.8297,48.7800,48.8250,26600
1431541800,48.7500,48.7801,48.7500,48.7800,33900
1431541915,48.7450,48.7550,48.7200,48.7500,72600
1431541978,48.7500,48.7600,48.7400,48.7500,10500
1431541981,48.7600,48.7600,48.7400,48.7500,5300
1431542046,48.7500,48.7600,48.7500,48.7550,3700
1431542154,48.7466,48.7500,48.7400,48.7500,4000
1431542168,48.7700,48.7700,48.7450,48.7500,12200
1431542222,48.7440,48.7800,48.7400,48.7700,12600
1431542335,48.7199,48.7400,48.7199,48.7400,18900
1431542395,48.7800,48.7800,48.7100,48.7100,16800
1431542450,48.7470,48.7799,48.7450,48.7750,23300
1431542517,48.7700,48.7900,48.7400,48.7400,11600
1431542526,48.7600,48.7802,48.7600,48.7676,18800
1431542638,48.7700,48.7700,48.7600,48.7668,4200
1431542692,48.7450,48.7800,48.7400,48.7800,10700
1431542759,48.7700,48.7700,48.7450,48.7456,5200
1431542816,48.7650,48.7800,48.7600,48.7700,8100
1431542879,48.7500,48.7630,48.7300,48.7600,16400
1431542928,48.7400,48.7500,48.7400,48.7500,4100
1431542990,48.7300,48.7450,48.7300,48.7400,9800
1431543059,48.7142,48.7382,48.7100,48.7300,6200
1431543117,48.7150,48.7300,48.7100,48.7200,16800
1431543122,48.6800,48.7200,48.6800,48.7100,13500
1431543180,48.6770,48.6884,48.6600,48.6800,14400
1431543253,48.6800,48.6850,48.6800,48.6800,2800
1431543314,48.6200,48.6800,48.6200,48.6800,45900
1431543415,48.6299,48.6400,48.6100,48.6150,13000
1431543477,48.6300,48.6366,48.6000,48.6200,23900
1431543538,48.6390,48.6400,48.6100,48.6350,22300
1431543550,48.6700,48.6700,48.6350,48.6400,15300
1431543659,48.7255,48.7300,48.6700,48.6750,12600
1431543663,48.7600,48.7700,48.7300,48.7300,25900
1431543725,48.7300,48.7677,48.7300,48.7600,34900
1431543822,48.7100,48.7450,48.7100,48.7370,7400
1431543840,48.7300,48.7400,48.7000,48.7100,15300
1431543959,48.7020,48.7400,48.7000,48.7201,6100
1431544017,48.6500,48.7000,48.6500,48.7000,21100
1431544075,48.6700,48.6700,48.6500,48.6599,11200
1431544081,48.6600,48.6900,48.6600,48.6700,8600
1431544141,48.6597,48.6700,48.6500,48.6650,7700
1431544259,48.7000,48.7000,48.6550,48.6600,22800
1431544318,48.6600,48.7300,48.6450,48.7100,30700
1431544322,48.6301,48.6700,48.6300,48.6500,14200
1431544435,48.6044,48.6250,48.6000,48.6200,14100
1431544499,48.5750,48.6099,48.5700,48.6000,18500
1431544500,48.5900,48.6100,48.5750,48.5750,10400
1431544619,48.6100,48.6400,48.5999,48.6000,17200
1431544676,48.6150,48.6166,48.6000,48.6100,4500
1431544739,48.6000,48.6200,48.5900,48.6200,7400
1431544740,48.5450,48.6100,48.5400,48.6000,64700
1431544857,48.5400,48.5500,48.5400,48.5500,8100
1431544860,48.5500,48.5500,48.5300,48.5400,20300
1431544922,48.5300,48.5500,48.5200,48.5500,15500
1431544981,48.5600,48.5600,48.5050,48.5300,21100
1431545098,48.5600,48.5858,48.5600,48.5600,19000
1431545158,48.5550,48.5700,48.5550,48.5700,8800
1431545219,48.5010,48.5584,48.4900,48.5536,47900
1431545279,48.4700,48.5100,48.4600,48.5000,69200
1431545280,48.4600,48.4700,48.4400,48.4700,31600
1431545399,48.4251,48.4600,48.4200,48.4500,115700
1431545459,48.4100,48.4350,48.4000,48.4300,57200
1431545460,48.4350,48.4400,48.4000,48.4100,30000
1431545526,48.4750,48.4750,48.4168,48.4350,18900
1431545637,48.4900,48.5200,48.4700,48.4794,24000
1431545697,48.5100,48.5400,48.4900,48.4900,9200
1431545700,48.5400,48.5400,48.5000,48.5200,20500
1431545819,48.5700,48.5850,48.5350,48.5400,28000
1431545820,48.5900,48.5900,48.5400,48.5700,22200
1431545880,48.5600,48.6000,48.5500,48.5900,17300
1431545999,48.5500,48.5700,48.5350,48.5700,8000
1431546000,48.5400,48.5500,48.5250,48.5500,17100
1431546060,48.5750,48.5800,48.5400,48.5475,17000
1431546171,48.5800,48.5900,48.5600,48.5800,16300
1431546235,48.5650,48.6000,48.5500,48.5900,16400
1431546240,48.5250,48.5700,48.5200,48.5700,24200
1431546305,48.5500,48.5600,48.5200,48.5250,19400
1431546419,48.5900,48.6000,48.5550,48.5550,19000
1431546478,48.6100,48.6150,48.5800,48.5900,19800
1431546539,48.6001,48.6200,48.6000,48.6100,24800
1431546597,48.5964,48.6200,48.5900,48.6050,24500
1431546658,48.5800,48.5900,48.5600,48.5900,29800
1431546719,48.5700,48.5800,48.5700,48.5800,11300
1431546721,48.5600,48.5800,48.5600,48.5700,22600
1431546781,48.5200,48.5651,48.5200,48.5651,61100
1431546841,48.5300,48.5300,48.5300,48.5300,100
1431546898,48.5601,48.5800,48.5200,48.5300,0
1431546954,48.6000,48.6000,48.5500,48.5800,26300
1431547015,48.6100,48.6200,48.6000,48.6000,19200
1431547078,48.5916,48.6200,48.5900,48.6150,30000
1431547139,48.5300,48.6100,48.5200,48.5900,95600
1431547199,48.4900,48.6200,48.4800,48.5200,369600
1431547200,48.4900,48.4900,48.4900,48.4900,100
                                                                                                           