uri:/instrument/1.0/AAPL/chartdata;type=quote;range=1d/csv
ticker:aapl
Company-Name:Apple Inc.
Exchange-Name:NMS
unit:MIN
timezone:EDT
currency:USD
gmtoffset:-14400
previous_close:125.8650
Timestamp:1431523800,1431547200
labels:1431525600,1431529200,1431532800,1431536400,1431540000,1431543600,1431547200
values:Timestamp,close,high,low,open,volume
close:125.9400,127.1300
high:125.9600,127.1900
low:125.8700,127.0600
open:125.9399,127.1200
volume:0,1760900
1431523821,126.1300,126.1900,126.0100,126.0300,903600
1431523917,126.5700,126.5800,126.1200,126.1300,304200
1431523979,126.6100,126.6700,126.3500,126.5700,361100
1431523980,126.6004,126.8600,126.4900,126.6200,322500
1431524041,126.6000,126.8300,126.5400,126.5890,236100
1431524159,126.7100,126.7300,126.5550,126.6000,146800
1431524160,126.6873,126.7300,126.5910,126.7300,183100
1431524279,126.7499,126.8800,126.6900,126.6950,292500
1431524339,126.7300,126.8700,126.6800,126.7300,210200
1431524399,126.7800,126.8000,126.6800,126.7200,115900
1431524459,126.8000,126.8900,126.7500,126.7600,173100
1431524519,126.9200,126.9810,126.7900,126.7950,272400
1431524522,127.0201,127.0400,126.8991,126.9178,239300
1431524639,127.1090,127.1200,127.0100,127.0300,192300
1431524640,127.0400,127.1900,127.0300,127.1000,232000
1431524757,126.8600,127.1219,126.7600,127.0300,288300
1431524760,126.9000,126.9400,126.8100,126.8900,263800
1431524821,126.8250,126.9100,126.8150,126.9000,113900
1431524939,126.8600,126.8900,126.7900,126.8300,110700
1431524940,126.9100,126.9100,126.8300,126.8600,143000
1431525059,126.9000,126.9760,126.8700,126.9200,154300
1431525119,126.9600,126.9700,126.9000,126.9000,110100
1431525121,127.1300,127.1400,126.9400,126.9500,166800
1431525239,127.0600,127.1400,127.0600,127.1200,115900
1431525240,127.0610,127.1300,127.0102,127.1000,121700
1431525359,127.1090,127.1300,127.0000,127.0700,167000
1431525419,126.9475,127.1500,126.9300,127.1000,191200
1431525420,126.9700,127.0400,126.8900,126.9650,202600
1431525481,126.7378,126.9700,126.7300,126.9700,149400
1431525540,126.7688,126.8100,126.6700,126.7310,206700
1431525600,126.6500,126.7800,126.6200,126.7600,135300
1431525719,126.7200,126.7200,126.6000,126.6900,142700
1431525779,126.6800,126.7300,126.5400,126.7249,201400
1431525780,126.7700,126.8100,126.6700,126.6700,162900
1431525899,126.7700,126.8199,126.7150,126.7200,163500
1431525959,126.8400,126.8800,126.7700,126.7800,170100
1431526019,126.9051,126.9300,126.8400,126.8500,120000
1431526078,126.9250,126.9600,126.9000,126.9100,76500
1431526139,126.8200,126.9100,126.8000,126.9100,153800
1431526199,126.8000,126.8700,126.7700,126.8300,91700
1431526258,126.7500,126.8300,126.7000,126.7800,109500
1431526319,126.8344,126.8609,126.6900,126.7555,94700
1431526321,126.8000,126.8800,126.8000,126.8400,68000
1431526439,126.8800,126.9000,126.8000,126.8000,55000
1431526499,126.8000,126.8700,126.7600,126.8700,99000
1431526500,126.6900,126.8200,126.6800,126.8000,82700
1431526619,126.6900,126.7100,126.5900,126.7000,132100
1431526620,126.6999,126.7600,126.6800,126.7000,74400
1431526680,126.6700,126.7080,126.6100,126.7080,77200
1431526740,126.5150,126.6600,126.5100,126.6500,117500
1431526800,126.5900,126.5900,126.5100,126.5150,77400
1431526860,126.6900,126.7000,126.5700,126.5978,120400
1431526979,126.7200,126.7500,126.6684,126.6900,80400
1431527039,126.6600,126.7400,126.6600,126.7244,58200
1431527099,126.6300,126.6600,126.5600,126.6600,92700
1431527158,126.6400,126.6800,126.6100,126.6300,64500
1431527160,126.6700,126.7100,126.6200,126.6400,63100
1431527220,126.5500,126.6500,126.5100,126.6500,65200
1431527281,126.6400,126.6800,126.5600,126.5600,74800
1431527340,126.6100,126.7400,126.6000,126.6400,114100
1431527401,126.6600,126.6644,126.6200,126.6500,51800
1431527461,126.6200,126.6700,126.6000,126.6690,53700
1431527579,126.7001,126.7100,126.6000,126.6300,102500
1431527583,126.5600,126.6600,126.5200,126.6600,124500
1431527640,126.4400,126.5600,126.4000,126.5550,259300
1431527759,126.5000,126.5500,126.4400,126.4490,145300
1431527760,126.5366,126.6198,126.5000,126.5050,98300
1431527821,126.5300,126.5950,126.4199,126.5380,110300
1431527939,126.4801,126.5600,126.4700,126.5200,81000
1431527999,126.4900,126.5000,126.4200,126.4900,53300
1431528059,126.5750,126.5800,126.4300,126.4900,86400
1431528060,126.5800,126.6000,126.5350,126.5600,49000
1431528179,126.5500,126.6000,126.5300,126.5800,46900
1431528180,126.6100,126.6500,126.5350,126.5600,72300
1431528240,126.4800,126.6050,126.4800,126.6050,58600
1431528359,126.4180,126.4700,126.3700,126.4600,185900
1431528360,126.5200,126.5500,126.4032,126.4032,109600
1431528421,126.4800,126.5600,126.4700,126.5300,69800
1431528480,126.5400,126.5400,126.4300,126.4800,133000
1431528540,126.4610,126.5500,126.4600,126.5350,58300
1431528659,126.5200,126.5301,126.4100,126.4600,78100
1431528660,126.5450,126.5700,126.5200,126.5264,57300
1431528779,126.6500,126.6550,126.4900,126.5300,113400
1431528780,126.6800,126.7600,126.5900,126.6582,119800
1431528899,126.6800,126.7600,126.6600,126.6800,55300
1431528959,126.6923,126.7500,126.6500,126.6800,83600
1431528963,126.7300,126.7500,126.6726,126.6900,1760900
1431529023,126.6099,126.7300,126.6099,126.7100,52800
1431529133,126.5800,126.6300,126.5500,126.6100,72700
1431529140,126.4800,126.5600,126.4300,126.5600,158800
1431529258,126.4300,126.4800,126.4100,126.4800,106200
1431529261,126.4399,126.4500,126.2800,126.4200,231300
1431529379,126.3699,126.4400,126.3600,126.4200,81000
1431529437,126.3600,126.3800,126.2700,126.3600,121600
1431529440,126.3500,126.3790,126.2700,126.3600,119000
1431529559,126.4000,126.4600,126.3300,126.3600,128400
1431529619,126.4210,126.4600,126.3900,126.4000,85700
1431529679,126.4700,126.5400,126.4300,126.4510,102700
1431529680,126.5000,126.5000,126.4300,126.4800,66200
1431529796,126.5301,126.5401,126.4600,126.5000,73800
1431529801,126.5500,126.5650,126.5100,126.5300,94200
1431529863,126.5499,126.5800,126.5000,126.5600,77700
1431529924,126.5400,126.5600,126.4900,126.5201,71100
1431530037,126.4500,126.5300,126.4200,126.5300,56900
1431530099,126.5358,126.5400,126.4300,126.4438,44500
1431530159,126.4900,126.5400,126.4600,126.5400,41700
1431530219,126.5000,126.5199,126.4500,126.4900,53300
1431530221,126.5844,126.5844,126.4800,126.4962,67600
1431530339,126.5610,126.6200,126.5500,126.5900,53900
1431530399,126.5900,126.6332,126.5100,126.5600,90100
1431530401,126.4900,126.5801,126.4600,126.5800,70400
1431530519,126.4640,126.4800,126.4000,126.4800,70500
1431530520,126.4800,126.5300,126.4490,126.4700,39200
1431530639,126.5200,126.5380,126.4300,126.4710,21700
1431530699,126.5200,126.5655,126.5100,126.5200,56400
1431530759,126.4799,126.5200,126.4700,126.5200,33300
1431530816,126.5438,126.5438,126.4300,126.4600,60600
1431530878,126.4644,126.5700,126.4500,126.5500,42400
1431530884,126.4099,126.5100,126.3800,126.4600,62600
1431530999,126.4400,126.4500,126.3900,126.4000,33000
1431531000,126.3199,126.4400,126.3000,126.4350,83800
1431531118,126.3700,126.3900,126.3300,126.3300,52200
1431531120,126.4000,126.4100,126.3600,126.3810,31100
1431531180,126.4730,126.4900,126.3700,126.3900,66500
1431531298,126.5500,126.6000,126.4568,126.4700,107300
1431531300,126.5280,126.5800,126.5000,126.5500,64600
1431531364,126.5350,126.5500,126.5000,126.5201,37300
1431531420,126.5100,126.5600,126.5000,126.5400,19500
1431531535,126.5400,126.5700,126.4800,126.5036,49300
1431531599,126.5150,126.5500,126.5100,126.5400,31000
1431531600,126.5344,126.5500,126.5000,126.5200,20300
1431531660,126.6000,126.6300,126.5200,126.5400,94200
1431531720,126.6300,126.6456,126.6000,126.6050,61800
1431531780,126.6300,126.6500,126.6000,126.6300,53600
1431531840,126.6500,126.6700,126.6000,126.6300,45100
1431531957,126.5400,126.6500,126.5000,126.6500,53000
1431532019,126.6101,126.6600,126.5400,126.5560,64300
1431532079,126.6501,126.6600,126.5800,126.5901,40000
1431532139,126.6200,126.6800,126.6200,126.6560,44100
1431532199,126.7100,126.7200,126.6000,126.6101,97300
1431532200,126.6400,126.7100,126.5800,126.7100,56700
1431532319,126.6216,126.6637,126.6216,126.6450,20600
1431532320,126.6200,126.6500,126.5900,126.6300,33500
1431532384,126.5600,126.6100,126.5500,126.6100,30900
1431532440,126.5600,126.6000,126.5390,126.5500,22600
1431532505,126.6150,126.6200,126.5670,126.5670,16300
1431532566,126.6600,126.6700,126.6200,126.6200,97100
1431532621,126.6300,126.6650,126.5950,126.6650,57600
1431532738,126.5800,126.6300,126.5800,126.6250,30000
1431532740,126.6063,126.6188,126.5800,126.5800,29800
1431532800,126.6300,126.6400,126.6000,126.6100,35000
1431532860,126.6198,126.6300,126.6050,126.6300,25800
1431532922,126.6590,126.6600,126.6000,126.6200,58900
1431532983,126.6200,126.6900,126.6100,126.6550,49300
1431533099,126.6400,126.6500,126.6100,126.6264,22700
1431533100,126.5900,126.6900,126.5900,126.6344,32500
1431533219,126.6000,126.6100,126.5600,126.5865,27900
1431533279,126.6200,126.6300,126.6000,126.6100,31300
1431533339,126.6200,126.6400,126.6153,126.6200,20700
1431533341,126.5600,126.6200,126.5600,126.6200,19600
1431533405,126.5400,126.5570,126.5000,126.5000,66900
1431533519,126.5000,126.5400,126.5000,126.5400,44100
1431533520,126.5300,126.5300,126.5000,126.5000,25900
1431533638,126.5600,126.5700,126.5300,126.5356,29700
1431533640,126.5200,126.5600,126.5000,126.5600,27600
1431533700,126.5701,126.5899,126.5200,126.5345,16400
1431533815,126.5100,126.5801,126.5000,126.5800,18900
1431533878,126.5400,126.5500,126.5100,126.5200,23100
1431533880,126.5310,126.5700,126.5200,126.5500,15200
1431533999,126.5600,126.5744,126.5302,126.5302,18000
1431534001,126.5700,126.5800,126.5300,126.5700,19800
1431534065,126.5600,126.5900,126.5500,126.5735,14200
1431534120,126.4600,126.5500,126.4600,126.5500,58800
1431534238,126.3900,126.4700,126.3550,126.4700,114900
1431534242,126.3235,126.4000,126.3000,126.3900,70800
1431534359,126.3400,126.3700,126.3199,126.3200,43500
1431534419,126.3000,126.3700,126.2700,126.3460,86400
1431534478,126.2400,126.3300,126.1800,126.3000,138500
1431534480,126.2651,126.3200,126.2599,126.2600,54400
1431534598,126.2600,126.3100,126.2500,126.2800,28600
1431534600,126.1900,126.2700,126.1400,126.2600,114400
1431534663,126.2360,126.2400,126.1500,126.1700,109400
1431534779,126.3100,126.3200,126.2200,126.2399,91500
1431534780,126.3000,126.3300,126.2700,126.3150,35800
1431534840,126.3500,126.3600,126.3000,126.3090,43500
1431534958,126.3300,126.3700,126.3100,126.3600,54400
1431535017,126.4099,126.4230,126.3600,126.3700,58100
1431535020,126.3900,126.4200,126.3700,126.4001,30800
1431535080,126.4101,126.4300,126.3801,126.3900,36400
1431535199,126.4000,126.4401,126.4000,126.4140,43400
1431535259,126.4400,126.4500,126.4050,126.4050,37300
1431535260,126.4561,126.4700,126.4100,126.4485,59300
1431535320,126.4210,126.4800,126.3900,126.4600,44800
1431535439,126.4320,126.4400,126.3800,126.4200,26800
1431535443,126.4200,126.4270,126.3500,126.4200,39100
1431535510,126.4200,126.4450,126.4100,126.4216,38900
1431535618,126.4801,126.4850,126.4200,126.4200,38000
1431535624,126.4988,126.5000,126.4600,126.4800,38300
1431535688,126.4855,126.5400,126.4800,126.4901,48300
1431535799,126.5367,126.5367,126.4700,126.4801,22500
1431535800,126.5280,126.5900,126.5100,126.5398,85600
1431535862,126.5200,126.5500,126.5000,126.5200,17300
1431535979,126.4600,126.5500,126.4600,126.5100,27200
1431535982,126.5200,126.5200,126.4600,126.4700,14600
1431536099,126.4900,126.5500,126.4878,126.5300,14000
1431536100,126.3660,126.4800,126.3660,126.4800,61700
1431536160,126.4284,126.4284,126.3600,126.3799,23100
1431536222,126.4700,126.4740,126.4200,126.4300,23300
1431536280,126.3800,126.4700,126.3200,126.4700,46800
1431536399,126.4200,126.4300,126.3500,126.3800,26500
1431536459,126.4400,126.4700,126.4000,126.4200,26200
1431536460,126.5361,126.5390,126.4300,126.4400,72400
1431536520,126.6200,126.6500,126.5399,126.5399,124500
1431536639,126.7243,126.7300,126.6000,126.6000,88900
1431536699,126.7100,126.7500,126.7000,126.7210,102400
1431536759,126.6900,126.7301,126.6400,126.7150,101700
1431536819,126.6438,126.6800,126.6400,126.6800,41600
1431536820,126.7100,126.7300,126.6000,126.6450,259900
1431536939,126.7200,126.7500,126.6940,126.7100,58400
1431536943,126.6700,126.7200,126.6700,126.7140,23100
1431537001,126.6800,126.6960,126.6750,126.6750,21700
1431537060,126.7000,126.7000,126.6600,126.6800,31300
1431537123,126.6300,126.7050,126.6100,126.7050,61800
1431537238,126.6300,126.6700,126.5700,126.6300,69300
1431537242,126.6300,126.6800,126.6200,126.6390,40600
1431537301,126.5900,126.6400,126.5800,126.6350,38400
1431537363,126.6201,126.6201,126.5900,126.5900,16600
1431537420,126.6150,126.6300,126.5799,126.6300,25800
1431537482,126.5900,126.6600,126.5800,126.6200,41500
1431537540,126.6100,126.6510,126.5900,126.5900,41200
1431537600,126.5600,126.6200,126.5500,126.6100,39500
1431537660,126.5900,126.6230,126.5660,126.5660,22300
1431537779,126.5600,126.6200,126.5600,126.5900,50600
1431537783,126.5200,126.5550,126.4400,126.5550,57500
1431537840,126.5501,126.5599,126.5000,126.5300,26500
1431537903,126.6100,126.6100,126.5400,126.5500,28500
1431537962,126.5900,126.6159,126.5700,126.6000,22000
1431538020,126.6200,126.6285,126.5800,126.5900,15600
1431538139,126.5900,126.6400,126.5700,126.6200,17100
1431538144,126.6550,126.6610,126.5900,126.5900,42500
1431538259,126.7200,126.7300,126.6575,126.6600,42200
1431538260,126.7600,126.7700,126.7200,126.7200,65100
1431538379,126.7900,126.8000,126.7300,126.7700,93800
1431538380,126.7800,126.7900,126.7600,126.7784,36600
1431538446,126.7835,126.8000,126.7650,126.7800,26500
1431538558,126.7600,126.7999,126.7600,126.7850,55100
1431538619,126.7715,126.7850,126.7600,126.7600,26600
1431538676,126.7651,126.7900,126.7600,126.7800,32600
1431538739,126.7100,126.7790,126.6950,126.7600,69800
1431538740,126.6900,126.7299,126.6500,126.7004,40200
1431538803,126.7300,126.7500,126.7000,126.7000,24200
1431538918,126.7400,126.7459,126.7250,126.7300,10900
1431538920,126.7399,126.7401,126.7000,126.7300,33900
1431539039,126.6600,126.7400,126.6500,126.7350,56400
1431539040,126.6350,126.6600,126.6000,126.6550,56400
1431539159,126.6200,126.6690,126.6100,126.6400,46500
1431539160,126.5650,126.6200,126.5400,126.6200,82800
1431539279,126.5790,126.6150,126.5745,126.5745,30700
1431539280,126.6200,126.6200,126.5700,126.5750,20800
1431539340,126.6200,126.6500,126.6000,126.6230,35200
1431539459,126.5900,126.6500,126.5750,126.6300,49200
1431539519,126.6000,126.6150,126.5800,126.5900,27900
1431539579,126.5999,126.6100,126.5800,126.6000,25700
1431539580,126.5600,126.6050,126.5540,126.6000,41900
1431539641,126.5999,126.6050,126.5100,126.5673,46300
1431539701,126.6050,126.6149,126.5800,126.6000,25600
1431539760,126.6400,126.6500,126.5900,126.6000,52400
1431539879,126.6899,126.6899,126.6300,126.6400,34600
1431539939,126.7259,126.7400,126.6800,126.6900,84600
1431539940,126.7431,126.7500,126.6800,126.7200,54800
1431540000,126.7400,126.7500,126.7200,126.7500,67400
1431540119,126.7150,126.7499,126.6900,126.7450,46000
1431540120,126.7500,126.7501,126.7100,126.7100,48700
1431540239,126.7750,126.7800,126.7300,126.7500,48600
1431540241,126.7900,126.8000,126.7700,126.7744,42600
1431540300,126.8000,126.8100,126.7800,126.7900,69900
1431540360,126.7850,126.8090,126.7800,126.8000,74200
1431540478,126.6601,126.7850,126.6300,126.7800,82300
1431540480,126.6400,126.6650,126.5850,126.6650,64900
1431540540,126.6001,126.6499,126.5801,126.6499,39700
1431540659,126.4000,126.6100,126.4000,126.6100,102300
1431540660,126.4900,126.5000,126.3500,126.4100,86000
1431540779,126.5200,126.5301,126.4500,126.4993,52800
1431540781,126.5250,126.5450,126.5100,126.5200,55200
1431540898,126.5399,126.5500,126.5150,126.5350,29500
1431540901,126.4800,126.5500,126.4700,126.5350,66200
1431540961,126.4299,126.4800,126.3700,126.4800,72000
1431541079,126.4090,126.4400,126.3700,126.4200,42900
1431541139,126.3400,126.4100,126.3200,126.4050,76300
1431541199,126.3700,126.4000,126.3200,126.3400,93000
1431541259,126.3600,126.3700,126.3050,126.3399,78400
1431541319,126.2800,126.3700,126.2600,126.3651,114400
1431541321,126.3000,126.3100,126.2600,126.3000,51800
1431541380,126.3400,126.3600,126.3000,126.3000,64800
1431541499,126.3300,126.3550,126.3150,126.3400,37700
1431541500,126.3300,126.3360,126.2800,126.3300,55100
1431541560,126.3400,126.3800,126.3200,126.3200,57800
1431541622,126.3950,126.4200,126.3100,126.3500,69700
1431541681,126.3500,126.4100,126.3401,126.3900,28300
1431541799,126.3500,126.3500,126.3100,126.3400,24000
1431541800,126.2490,126.3400,126.2101,126.3400,102800
1431541860,126.2600,126.3060,126.2300,126.2500,39400
1431541979,126.2889,126.3100,126.2600,126.2721,46200
1431542038,126.3301,126.3500,126.2900,126.3000,64000
1431542040,126.2800,126.3498,126.2800,126.3300,30100
1431542100,126.2800,126.3200,126.2700,126.2700,33700
1431542219,126.3400,126.3400,126.2750,126.2850,38300
1431542221,126.3500,126.3800,126.3200,126.3550,61500
1431542339,126.3500,126.3950,126.3350,126.3599,45000
1431542341,126.3744,126.3744,126.3200,126.3500,20000
1431542401,126.3364,126.3700,126.3300,126.3700,26400
1431542519,126.3300,126.3600,126.2800,126.3300,68900
1431542579,126.3400,126.3500,126.3010,126.3300,29000
1431542639,126.3900,126.4100,126.3100,126.3300,74600
1431542699,126.3900,126.4400,126.3800,126.4000,74000
1431542700,126.3800,126.4200,126.3800,126.3900,42100
1431542762,126.3800,126.4000,126.3800,126.3889,13800
1431542879,126.4900,126.4900,126.3700,126.3800,77300
1431542936,126.4301,126.4850,126.4201,126.4850,57000
1431542941,126.4261,126.4399,126.3858,126.4399,32100
1431543057,126.3747,126.4482,126.3600,126.4239,27600
1431543060,126.3900,126.3990,126.3570,126.3750,35500
1431543120,126.2800,126.4100,126.2800,126.3815,63100
1431543180,126.2400,126.2900,126.2100,126.2899,101200
1431543240,126.2965,126.3062,126.2300,126.2340,69300
1431543358,126.2400,126.3100,126.2200,126.2999,79300
1431543364,126.2700,126.2850,126.2100,126.2400,69800
1431543420,126.2800,126.2900,126.2300,126.2600,31200
1431543480,126.2699,126.2878,126.2300,126.2800,44400
1431543599,126.3150,126.3200,126.2600,126.2600,28400
1431543604,126.2300,126.3150,126.1620,126.3150,143800
1431543660,126.3100,126.3382,126.2400,126.2400,101700
1431543721,126.3500,126.3500,126.2701,126.3199,74500
1431543780,126.3050,126.3400,126.2600,126.3310,49200
1431543842,126.3450,126.3500,126.2900,126.3100,60900
1431543901,126.3139,126.3500,126.2800,126.3400,82500
1431543960,126.2700,126.3160,126.2600,126.3000,67900
1431544079,126.3300,126.3700,126.2540,126.2600,92300
1431544080,126.2900,126.3300,126.2300,126.3300,110900
1431544199,126.3000,126.3100,126.2800,126.3000,22100
1431544258,126.3200,126.3200,126.2900,126.3000,25200
1431544319,126.2500,126.3400,126.2200,126.3212,79000
1431544320,126.2400,126.2600,126.2000,126.2399,64300
1431544438,126.2100,126.2330,126.1900,126.2330,42200
1431544498,126.1200,126.2161,126.1000,126.2100,114100
1431544500,126.1257,126.1500,126.1000,126.1399,50100
1431544561,126.1900,126.2500,126.1100,126.1399,110100
1431544679,126.2390,126.2500,126.1900,126.1900,60800
1431544681,126.1900,126.2500,126.1800,126.2344,29800
1431544740,126.1800,126.2400,126.1800,126.2000,50600
1431544800,126.1200,126.1900,126.0900,126.1900,66300
1431544919,126.1930,126.2000,126.0600,126.1144,94700
1431544979,126.1600,126.2100,126.1379,126.1900,41900
1431545039,126.2000,126.2190,126.0700,126.1524,164600
1431545099,126.2200,126.2900,126.1800,126.2073,111200
1431545100,126.2700,126.3000,126.2300,126.2300,118000
1431545160,126.2800,126.3000,126.2600,126.2799,57700
1431545220,126.2800,126.2900,126.2610,126.2700,38700
1431545339,126.2400,126.2800,126.1800,126.2800,61200
1431545340,126.1450,126.2400,126.1400,126.2300,74000
1431545402,126.0762,126.1500,126.0550,126.1400,124700
1431545519,126.0799,126.0900,126.0100,126.0550,112900
1431545521,126.0070,126.0800,125.9400,126.0800,194300
1431545581,126.0200,126.0600,125.9500,126.0100,79700
1431545641,125.9500,126.0499,125.9350,126.0200,106400
1431545758,125.9400,125.9600,125.8700,125.9500,194400
1431545819,125.9900,126.0100,125.8700,125.9399,144500
1431545879,125.9700,125.9800,125.8900,125.9800,76500
1431545937,126.0561,126.0600,125.9800,125.9900,149400
1431545940,126.0000,126.0600,125.9799,126.0500,127100
1431546002,126.0800,126.0800,125.9916,125.9916,129500
1431546061,126.1200,126.1200,126.0400,126.0600,147200
1431546179,126.1100,126.1400,126.0700,126.1200,116200
1431546239,126.1400,126.1600,126.0900,126.1090,54600
1431546240,126.1100,126.1900,126.0720,126.1400,105700
1431546359,126.1299,126.1300,126.0160,126.1000,120500
1431546419,126.1336,126.1700,126.0900,126.1300,55100
1431546422,126.1000,126.1500,126.0939,126.1400,49900
1431546480,126.0950,126.1299,126.0700,126.1000,46700
1431546540,126.0910,126.1200,126.0700,126.0900,46500
1431546600,126.0100,126.0900,126.0100,126.0800,135800
1431546719,125.9900,126.0300,125.9800,126.0300,75200
1431546721,126.0416,126.0500,125.9600,125.9800,99700
1431546781,126.0450,126.0450,126.0450,126.0450,100
1431546839,125.9850,126.1600,125.9600,126.0400,0
1431546899,126.0000,126.1200,125.9500,125.9800,93600
1431546958,126.0150,126.1400,125.9800,126.0000,120900
1431547018,126.0399,126.1400,126.0100,126.0100,103500
1431547079,125.9850,126.1300,125.9600,126.0336,116800
1431547139,125.9800,126.1100,125.9500,125.9800,114800
1431547199,125.9800,126.1200,125.9550,125.9700,510200
1431547200,125.9800,125.9800,125.9800,125.9800,500
                                                                                            