uri:/instrument/1.0/APPS/chartdata;type=quote;range=1d/csv
ticker:apps
Company-Name:
Exchange-Name:NCM
unit:MIN
timezone:EDT
currency:USD
gmtoffset:-14400
previous_close:3.7200
Timestamp:1431523800,1431547200
labels:1431525600,1431529200,1431532800,1431536400,1431540000,1431543600,1431547200
values:Timestamp,close,high,low,open,volume
close:3.6200,3.7500
high:3.6200,3.7500
low:3.6200,3.7499
open:3.6200,3.7500
volume:100,6200
1431523800,3.7000,3.7000,3.7000,3.7000,1000
1431524134,3.6800,3.6876,3.6800,3.6876,300
1431524207,3.7000,3.7000,3.7000,3.7000,800
1431524530,3.7400,3.7400,3.7400,3.7400,100
1431524646,3.7500,3.7500,3.7499,3.7499,3100
1431525054,3.7100,3.7500,3.7100,3.7500,3300
1431525112,3.7000,3.7200,3.7000,3.7100,1100
1431525144,3.7000,3.7000,3.7000,3.7000,100
1431525251,3.6900,3.6900,3.6900,3.6900,400
1431525494,3.6920,3.6920,3.6920,3.6920,200
1431525821,3.6900,3.6900,3.6900,3.6900,3800
1431525890,3.6900,3.6900,3.6900,3.6900,100
1431525991,3.6950,3.6950,3.6950,3.6950,100
1431526058,3.6950,3.7000,3.6950,3.7000,200
1431526254,3.7000,3.7000,3.7000,3.7000,100
1431526309,3.6950,3.6950,3.6950,3.6950,200
1431526361,3.6900,3.6900,3.6900,3.6900,100
1431526537,3.6950,3.6950,3.6950,3.6950,300
1431526583,3.6900,3.6900,3.6900,3.6900,100
1431526713,3.6950,3.6950,3.6950,3.6950,100
1431526783,3.6800,3.6950,3.6800,3.6900,1300
1431526944,3.6850,3.6850,3.6850,3.6850,100
1431527019,3.6850,3.6900,3.6850,3.6900,300
1431527063,3.6800,3.6850,3.6800,3.6850,200
1431527220,3.6850,3.6850,3.6850,3.6850,100
1431527302,3.6850,3.6850,3.6850,3.6850,100
1431527364,3.6800,3.6800,3.6800,3.6800,100
1431527443,3.6800,3.6800,3.6800,3.6800,100
1431527496,3.6850,3.6850,3.6850,3.6850,200
1431527543,3.6700,3.6800,3.6700,3.6800,1900
1431527729,3.6500,3.6500,3.6500,3.6500,200
1431527874,3.6800,3.6800,3.6800,3.6800,100
1431527935,3.6700,3.6750,3.6600,3.6600,3400
1431527999,3.6700,3.6700,3.6700,3.6700,100
1431528032,3.6800,3.6800,3.6800,3.6800,100
1431528149,3.6800,3.6800,3.6800,3.6800,500
1431528283,3.6800,3.6800,3.6700,3.6700,200
1431528455,3.6800,3.6800,3.6800,3.6800,600
1431528489,3.6900,3.6900,3.6900,3.6900,300
1431528709,3.6900,3.6900,3.6900,3.6900,200
1431528934,3.6900,3.6900,3.6800,3.6900,400
1431529070,3.6801,3.6801,3.6801,3.6801,300
1431529125,3.6800,3.6800,3.6800,3.6800,100
1431529350,3.6900,3.6900,3.6800,3.6800,900
1431529561,3.6700,3.6700,3.6700,3.6700,200
1431529654,3.6600,3.6600,3.6600,3.6600,100
1431529685,3.6700,3.6700,3.6700,3.6700,100
1431529846,3.6600,3.6600,3.6600,3.6600,100
1431529886,3.6700,3.6700,3.6700,3.6700,100
1431530015,3.6800,3.6800,3.6800,3.6800,600
1431530131,3.6600,3.6600,3.6600,3.6600,200
1431530434,3.6600,3.6600,3.6600,3.6600,100
1431530579,3.6700,3.6700,3.6700,3.6700,200
1431530657,3.6600,3.6600,3.6600,3.6600,100
1431530724,3.6600,3.6600,3.6600,3.6600,100
1431530942,3.6700,3.6800,3.6500,3.6800,1500
1431531064,3.6700,3.6700,3.6700,3.6700,100
1431531409,3.6601,3.6700,3.6600,3.6600,1100
1431531599,3.6700,3.6700,3.6700,3.6700,100
1431531706,3.6600,3.6600,3.6600,3.6600,100
1431532049,3.6800,3.6800,3.6600,3.6600,200
1431532253,3.6600,3.6600,3.6600,3.6600,100
1431532345,3.6600,3.6700,3.6600,3.6700,1200
1431532614,3.6799,3.6799,3.6700,3.6700,400
1431532677,3.6750,3.6750,3.6750,3.6750,100
1431532954,3.6800,3.6800,3.6800,3.6800,300
1431533010,3.6792,3.6792,3.6792,3.6792,100
1431533276,3.6700,3.6700,3.6700,3.6700,300
1431533648,3.6700,3.6750,3.6700,3.6700,1000
1431534033,3.6800,3.6800,3.6700,3.6700,200
1431534467,3.6700,3.6750,3.6600,3.6700,4100
1431534573,3.6700,3.6700,3.6700,3.6700,200
1431534653,3.6800,3.6800,3.6800,3.6800,100
1431534719,3.6600,3.6700,3.6600,3.6700,200
1431534729,3.6700,3.6700,3.6700,3.6700,100
1431534937,3.6750,3.6750,3.6700,3.6700,200
1431535048,3.6800,3.6800,3.6792,3.6792,400
1431535099,3.6700,3.6700,3.6700,3.6700,100
1431535190,3.6700,3.6700,3.6700,3.6700,100
1431535276,3.6700,3.6700,3.6700,3.6700,100
1431535357,3.6800,3.6800,3.6800,3.6800,100
1431535500,3.6750,3.6750,3.6750,3.6750,100
1431535778,3.6700,3.6800,3.6700,3.6800,3000
1431535859,3.6600,3.6750,3.6600,3.6750,4200
1431535879,3.6500,3.6600,3.6500,3.6600,2600
1431535933,3.6550,3.6550,3.6500,3.6500,400
1431536157,3.6550,3.6550,3.6550,3.6550,100
1431536256,3.6500,3.6550,3.6500,3.6500,800
1431536432,3.6500,3.6574,3.6500,3.6574,1200
1431536697,3.6500,3.6550,3.6400,3.6500,1800
1431536722,3.6500,3.6600,3.6500,3.6600,1300
1431536900,3.6500,3.6500,3.6500,3.6500,200
1431537030,3.6700,3.6700,3.6700,3.6700,200
1431537348,3.6500,3.6500,3.6500,3.6500,100
1431537407,3.6500,3.6500,3.6500,3.6500,100
1431537528,3.6500,3.6500,3.6500,3.6500,100
1431537545,3.6500,3.6500,3.6500,3.6500,100
1431537692,3.6500,3.6700,3.6500,3.6700,200
1431537827,3.6500,3.6500,3.6500,3.6500,100
1431538008,3.6600,3.6600,3.6500,3.6500,200
1431538051,3.6700,3.6700,3.6700,3.6700,200
1431538158,3.6700,3.6700,3.6700,3.6700,300
1431538273,3.6700,3.6700,3.6700,3.6700,100
1431538603,3.6600,3.6700,3.6500,3.6500,300
1431538802,3.6600,3.6700,3.6600,3.6700,300
1431538920,3.6650,3.6650,3.6650,3.6650,100
1431539016,3.6700,3.6700,3.6700,3.6700,100
1431539077,3.6700,3.6700,3.6700,3.6700,100
1431539141,3.6600,3.6700,3.6600,3.6700,400
1431539267,3.6400,3.6625,3.6400,3.6600,1000
1431539688,3.6400,3.6400,3.6400,3.6400,100
1431539788,3.6500,3.6500,3.6500,3.6500,100
1431539986,3.6400,3.6400,3.6400,3.6400,100
1431540034,3.6600,3.6600,3.6600,3.6600,100
1431540076,3.6400,3.6500,3.6400,3.6400,500
1431540404,3.6500,3.6500,3.6500,3.6500,100
1431540460,3.6400,3.6500,3.6400,3.6400,300
1431540711,3.6400,3.6400,3.6400,3.6400,100
1431540723,3.6500,3.6500,3.6400,3.6500,300
1431540811,3.6600,3.6600,3.6600,3.6600,100
1431540928,3.6500,3.6550,3.6500,3.6550,200
1431541056,3.6599,3.6599,3.6599,3.6599,100
1431541114,3.6550,3.6550,3.6550,3.6550,200
1431541290,3.6600,3.6600,3.6600,3.6600,200
1431541413,3.6550,3.6600,3.6500,3.6599,1500
1431541544,3.6525,3.6600,3.6500,3.6600,1200
1431541627,3.6600,3.6600,3.6600,3.6600,100
1431541720,3.6550,3.6550,3.6550,3.6550,100
1431542021,3.6500,3.6599,3.6500,3.6599,200
1431542148,3.6500,3.6500,3.6500,3.6500,100
1431542188,3.6600,3.6600,3.6590,3.6590,2600
1431542551,3.6700,3.6700,3.6700,3.6700,100
1431542704,3.7000,3.7000,3.6699,3.6700,2200
1431542784,3.6999,3.7000,3.6999,3.7000,1100
1431542854,3.7000,3.7000,3.6999,3.7000,3300
1431542939,3.7000,3.7000,3.6900,3.7000,4400
1431543030,3.7000,3.7000,3.7000,3.7000,100
1431543207,3.6950,3.6950,3.6950,3.6950,100
1431543297,3.7000,3.7000,3.7000,3.7000,300
1431543540,3.7000,3.7000,3.7000,3.7000,100
1431543639,3.6950,3.6950,3.6950,3.6950,100
1431543819,3.7000,3.7000,3.6950,3.6950,200
1431543878,3.7000,3.7000,3.7000,3.7000,200
1431543925,3.6800,3.6950,3.6800,3.6950,6100
1431544041,3.6800,3.6800,3.6774,3.6774,5100
1431544153,3.6800,3.6800,3.6800,3.6800,100
1431544257,3.6700,3.6800,3.6700,3.6800,200
1431544275,3.6800,3.6800,3.6800,3.6800,100
1431544392,3.6800,3.6800,3.6800,3.6800,100
1431544486,3.6700,3.6700,3.6700,3.6700,100
1431544517,3.6700,3.6800,3.6700,3.6800,600
1431544619,3.6600,3.6600,3.6600,3.6600,300
1431544667,3.6600,3.6700,3.6600,3.6700,200
1431544768,3.6800,3.6800,3.6700,3.6800,4200
1431544893,3.6800,3.6800,3.6800,3.6800,200
1431544985,3.6800,3.6800,3.6800,3.6800,1200
1431545060,3.6800,3.6800,3.6800,3.6800,100
1431545192,3.6750,3.6750,3.6750,3.6750,100
1431545259,3.6800,3.6800,3.6800,3.6800,200
1431545400,3.6750,3.6750,3.6700,3.6700,200
1431545564,3.6800,3.6800,3.6800,3.6800,100
1431545604,3.6750,3.6750,3.6750,3.6750,100
1431545796,3.6800,3.6800,3.6800,3.6800,300
1431545836,3.6800,3.6800,3.6800,3.6800,200
1431545931,3.6700,3.6750,3.6700,3.6700,5600
1431545993,3.6800,3.6800,3.6700,3.6700,200
1431546041,3.6700,3.6750,3.6700,3.6750,800
1431546082,3.6700,3.6700,3.6650,3.6650,400
1431546534,3.6600,3.6600,3.6600,3.6600,200
1431546600,3.6650,3.6650,3.6650,3.6650,100
1431546717,3.6600,3.6700,3.6600,3.6700,6200
1431546736,3.6600,3.6600,3.6600,3.6600,200
1431546833,3.6600,3.6650,3.6600,3.6650,2800
1431546877,3.6600,3.6600,3.6600,3.6600,500
1431546939,3.6300,3.6650,3.6300,3.6650,1100
1431546970,3.6400,3.6400,3.6400,3.6400,500
1431547107,3.6300,3.6400,3.6300,3.6400,400
1431547171,3.6350,3.6400,3.6300,3.6400,700
1431547200,3.6200,3.6200,3.6200,3.6200,200
                                                                                                                                                                                                                                                              