uri:/instrument/1.0/ASEI/chartdata;type=quote;range=1d/csv
ticker:asei
Company-Name:American Science and Engineerin
Exchange-Name:NMS
unit:MIN
timezone:EDT
currency:USD
gmtoffset:-14400
previous_close:37.9000
Timestamp:1431437400,1431460800
labels:1431439200,1431442800,1431446400,1431450000,1431453600,1431457200,1431460800
values:Timestamp,close,high,low,open,volume
close:36.3400,39.3500
high:36.3400,39.9300
low:36.3200,39.3400
open:36.3206,39.9300
volume:0,11900
1431437400,37.0200,37.0200,37.0200,37.0200,1300
1431437628,37.0200,37.0200,37.0200,37.0200,100
1431437827,38.3801,39.9300,38.3801,39.9300,900
1431437975,38.2500,38.2500,38.1250,38.1250,900
1431438000,37.8700,38.2300,37.5800,38.2300,5000
1431438062,37.8700,37.8700,37.8700,37.8700,100
1431438130,36.9700,37.3300,36.8500,37.2900,4500
1431438180,37.6000,37.6000,36.7300,37.1500,1600
1431438303,37.3700,37.3700,37.1700,37.1700,400
1431438414,37.4400,37.4400,37.2400,37.2500,1100
1431438474,37.2100,37.2100,37.1100,37.1100,200
1431438526,36.8600,37.1000,36.8300,37.1000,3400
1431438560,36.3400,36.3400,36.3400,36.3400,200
1431438634,36.6000,36.6000,36.3200,36.3206,800
1431438674,36.6400,36.6400,36.6400,36.6400,300
1431438761,36.5500,36.6800,36.5500,36.6700,2300
1431438811,36.7300,36.7300,36.7000,36.7300,800
1431438880,36.7200,36.7200,36.3900,36.5300,500
1431438958,37.4300,37.4300,36.7800,36.8400,3100
1431439027,37.7500,37.7500,37.5000,37.5000,1000
1431439100,38.2800,38.2800,38.2800,38.2800,100
1431439202,37.2701,37.2701,37.2701,37.2701,100
1431439288,37.7000,37.7000,37.6900,37.6900,200
1431439477,37.8300,37.8300,37.7100,37.7100,1400
1431439717,37.8800,37.8800,37.8800,37.8800,100
1431439772,38.1700,38.1700,38.1700,38.1700,200
1431439800,38.1651,38.1651,38.1130,38.1130,600
1431439962,38.7200,38.7299,38.2100,38.2100,1300
1431439987,39.2200,39.2200,38.5000,38.5000,1300
1431440051,38.9300,39.0100,38.9300,38.9900,800
1431440210,38.8500,38.8500,38.8500,38.8500,300
1431440435,38.5400,38.5401,38.5400,38.5401,500
1431440488,38.5700,38.5700,38.5700,38.5700,200
1431440550,38.5800,38.6000,38.5800,38.6000,200
1431440597,38.6100,38.6100,38.5900,38.5900,700
1431440676,38.6000,38.6000,38.6000,38.6000,200
1431440873,39.1799,39.1799,38.5100,38.5200,1600
1431440909,39.2899,39.2900,39.2400,39.2400,600
1431440979,39.3500,39.3500,39.3400,39.3400,1300
1431441065,39.2600,39.2600,39.2600,39.2600,300
1431441140,39.1500,39.1500,39.1500,39.1500,300
1431441205,38.9501,38.9501,38.9501,38.9501,200
1431441571,39.1100,39.1100,39.1100,39.1100,100
1431441633,39.0700,39.3600,39.0700,39.1000,800
1431441672,38.9900,38.9900,38.9900,38.9900,200
1431441771,38.7600,38.7600,38.7600,38.7600,400
1431442184,38.7500,38.7500,38.7500,38.7500,100
1431442500,38.8260,38.8260,38.8260,38.8260,100
1431442585,38.7500,38.7500,38.7500,38.7500,100
1431442628,38.7100,38.7100,38.7100,38.7100,200
1431442765,38.8100,38.8100,38.7000,38.7500,2100
1431442802,38.8200,38.8200,38.8200,38.8200,300
1431443331,38.8000,38.8000,38.8000,38.8000,300
1431443343,38.7600,38.8800,38.7600,38.8000,1100
1431443647,38.8900,38.8900,38.8900,38.8900,100
1431443713,38.7400,38.7500,38.7400,38.7500,200
1431444430,38.6900,38.7500,38.6900,38.7400,700
1431444640,38.6600,38.6600,38.6600,38.6600,200
1431444735,38.6600,38.6600,38.6600,38.6600,100
1431445031,38.6600,38.6800,38.6600,38.6600,2500
1431445086,38.5100,38.6500,38.5100,38.6500,1000
1431445272,38.5001,38.5100,38.5001,38.5100,200
1431445351,38.3000,38.5000,38.3000,38.5000,800
1431445475,38.1900,38.2100,38.1600,38.1600,400
1431445565,38.2400,38.2400,38.2400,38.2400,300
1431446292,38.1800,38.2200,38.1800,38.2200,400
1431446413,38.1500,38.1550,38.1500,38.1550,400
1431446516,38.1400,38.1400,38.1100,38.1300,1600
1431446562,37.7450,37.8600,37.6500,37.8600,3700
1431446615,37.9300,37.9499,37.5800,37.5800,500
1431446717,37.7500,37.7800,37.7500,37.7800,200
1431447013,37.7550,37.7550,37.7550,37.7550,300
1431447119,37.6000,37.7200,37.6000,37.7200,200
1431447120,37.7300,37.7300,37.7300,37.7300,100
1431447399,37.7450,37.7450,37.7450,37.7450,200
1431447427,37.9900,37.9900,37.8100,37.8100,1000
1431447642,38.0200,38.0200,38.0200,38.0200,200
1431447671,38.0200,38.0200,38.0200,38.0200,200
1431447830,38.0200,38.0200,38.0200,38.0200,100
1431447965,38.2600,38.2600,38.2600,38.2600,200
1431448184,38.4100,38.4100,38.3900,38.3900,200
1431448247,38.8600,39.0300,38.5000,38.5000,2000
1431448271,38.8200,38.9850,38.8200,38.9850,900
1431448683,38.3900,38.3900,38.3900,38.3900,200
1431449056,38.3500,38.3500,38.3500,38.3500,100
1431449114,38.1500,38.1700,38.1500,38.1700,200
1431449179,38.3600,38.3600,38.3600,38.3600,100
1431449375,38.6000,38.6000,38.3750,38.3800,1100
1431449406,38.6200,38.6200,38.6200,38.6200,100
1431449614,38.7350,38.7350,38.7350,38.7350,100
1431449662,38.8500,38.8500,38.8300,38.8300,200
1431449776,38.8400,38.8400,38.8400,38.8400,100
1431449973,38.7700,38.7700,38.6900,38.6900,200
1431450026,38.8000,38.8000,38.7700,38.7700,200
1431450272,38.7600,38.7900,38.7600,38.7900,200
1431450659,38.7500,38.9700,38.7200,38.9700,2500
1431450667,38.8345,38.8345,38.8345,38.8345,200
1431450726,38.7700,38.7700,38.7700,38.7700,500
1431450840,38.9700,38.9700,38.9700,38.9700,100
1431451120,38.7600,39.0100,38.7500,39.0000,1400
1431451168,38.7500,38.7500,38.7500,38.7500,100
1431451225,38.7400,38.7400,38.7400,38.7400,400
1431451449,38.9200,38.9200,38.9200,38.9200,100
1431451943,38.7100,38.7100,38.7100,38.7100,100
1431452077,38.7800,38.8050,38.7800,38.8050,500
1431452697,38.8399,38.8399,38.7200,38.7200,200
1431452916,38.8189,38.8189,38.8189,38.8189,100
1431452990,38.7800,38.7800,38.7800,38.7800,200
1431453428,38.7200,38.7200,38.7200,38.7200,200
1431453489,38.7900,38.7900,38.7900,38.7900,100
1431453545,38.8100,38.8100,38.7800,38.7800,400
1431453825,38.7800,38.7800,38.7800,38.7800,300
1431454051,38.9399,38.9399,38.9399,38.9399,100
1431454260,38.7400,38.7500,38.7400,38.7500,400
1431454460,38.7600,38.7600,38.7350,38.7400,1700
1431454615,38.7700,38.7700,38.7700,38.7700,100
1431454690,38.7450,38.7450,38.7450,38.7450,400
1431454796,38.7699,38.7699,38.7699,38.7699,1200
1431454804,38.7600,38.7600,38.7400,38.7400,300
1431455194,38.6600,38.7300,38.6600,38.7300,300
1431455377,38.7200,38.7200,38.7200,38.7200,100
1431455450,38.6600,38.6600,38.6550,38.6600,700
1431455583,38.6700,38.6700,38.6700,38.6700,300
1431456341,38.7000,38.7000,38.6900,38.6900,800
1431456408,38.6800,38.6900,38.6750,38.6800,700
1431456778,38.7000,38.7000,38.6950,38.7000,400
1431456806,38.6900,38.7100,38.6800,38.7100,500
1431456865,38.7100,38.7100,38.7100,38.7100,100
1431457097,38.6800,38.6800,38.6600,38.6750,1000
1431457161,38.5100,38.5100,38.5100,38.5100,200
1431457307,38.3700,38.4500,38.3700,38.4500,200
1431457397,38.3500,38.3500,38.3500,38.3500,100
1431457575,38.3700,38.3800,38.3300,38.3800,1400
1431457696,38.3350,38.3350,38.3350,38.3350,100
1431457908,38.3600,38.3600,38.3300,38.3600,800
1431457975,38.3100,38.3100,38.3100,38.3100,200
1431458691,38.3250,38.3400,38.3250,38.3400,700
1431458747,38.2600,38.3100,38.2600,38.3100,500
1431458760,38.1900,38.2300,38.1900,38.2300,1800
1431458858,38.0400,38.1700,38.0050,38.1700,2800
1431458955,37.9600,37.9600,37.9600,37.9600,200
1431459111,38.2300,39.4300,37.9650,37.9650,11900
1431459218,38.3750,38.4999,38.3750,38.4999,500
1431459285,38.4960,38.4960,38.4960,38.4960,100
1431459418,38.3800,38.3900,38.3800,38.3900,200
1431459420,38.3250,38.3250,38.3250,38.3250,300
1431459492,38.2700,38.2700,38.2600,38.2650,2000
1431459590,38.2700,38.2700,38.2600,38.2600,400
1431459600,38.2600,38.2600,38.2600,38.2600,600
1431459759,38.1600,38.1900,38.1600,38.1900,400
1431459892,38.1000,38.1000,38.1000,38.1000,100
1431459959,38.0500,38.0695,38.0500,38.0650,2100
1431459970,38.0700,38.0700,38.0450,38.0600,1900
1431460065,38.0000,38.0300,38.0000,38.0300,800
1431460133,37.9100,37.9100,37.9100,37.9100,100
1431460163,37.9100,37.9200,37.9100,37.9200,300
1431460254,37.9000,37.9100,37.9000,37.9100,1500
1431460283,37.8300,37.8300,37.7800,37.8300,1200
1431460355,37.8450,37.8600,37.8250,37.8300,3200
1431460386,37.7800,37.7800,37.7650,37.7650,600
1431460446,37.7700,37.7700,37.7200,37.7500,1200
1431460536,37.8900,37.9700,37.7600,37.7600,6000
1431460610,37.9000,38.0300,37.9000,38.0300,1500
1431460678,37.9150,38.0100,37.9000,38.0100,1500
1431460689,37.9200,37.9200,37.9150,37.9150,3000
1431460744,37.9000,37.9700,37.9000,37.9300,3000
1431460749,37.9350,37.9350,37.9350,37.9350,0
1431460800,37.9000,37.9000,37.9000,37.9000,1900
       