uri:/instrument/1.0/ATSG/chartdata;type=quote;range=1d/csv
ticker:atsg
Company-Name:Air Transport Services Group, I
Exchange-Name:NMS
unit:MIN
timezone:EDT
currency:USD
gmtoffset:-14400
previous_close:10.4500
Timestamp:1431523800,1431547200
labels:1431525600,1431529200,1431532800,1431536400,1431540000,1431543600,1431547200
values:Timestamp,close,high,low,open,volume
close:10.3710,10.5700
high:10.3900,10.5700
low:10.3709,10.5600
open:10.3709,10.5600
volume:0,37300
1431523913,10.4700,10.5179,10.4700,10.5060,11800
1431524014,10.5000,10.5000,10.5000,10.5000,100
1431524085,10.4800,10.4800,10.4800,10.4800,300
1431524143,10.5000,10.5000,10.5000,10.5000,300
1431524207,10.4950,10.4950,10.4900,10.4900,2800
1431524410,10.4600,10.4999,10.4600,10.4999,1900
1431524631,10.4706,10.4850,10.4700,10.4700,1300
1431524806,10.5000,10.5000,10.5000,10.5000,1200
1431524832,10.5400,10.5500,10.5300,10.5500,800
1431524919,10.5300,10.5450,10.5300,10.5300,2500
1431524942,10.5400,10.5400,10.5400,10.5400,600
1431525024,10.5200,10.5501,10.5200,10.5500,700
1431525491,10.5100,10.5148,10.5100,10.5148,600
1431525592,10.5700,10.5700,10.5400,10.5400,300
1431525627,10.5200,10.5600,10.5100,10.5330,3800
1431525713,10.5400,10.5450,10.5300,10.5400,3400
1431525772,10.5300,10.5350,10.5300,10.5350,500
1431525833,10.5300,10.5300,10.5300,10.5300,200
1431525853,10.5100,10.5200,10.5100,10.5100,3100
1431525922,10.5300,10.5300,10.5300,10.5300,100
1431526001,10.5200,10.5200,10.5200,10.5200,100
1431526144,10.5250,10.5300,10.5200,10.5200,2400
1431526227,10.5300,10.5300,10.5300,10.5300,500
1431526291,10.5300,10.5300,10.5300,10.5300,100
1431526432,10.5400,10.5400,10.5270,10.5270,1400
1431526478,10.5399,10.5399,10.5316,10.5316,1300
1431526550,10.5300,10.5310,10.5300,10.5300,1600
1431526629,10.5200,10.5250,10.5200,10.5250,2100
1431526775,10.5100,10.5100,10.5100,10.5100,500
1431526829,10.5100,10.5100,10.4900,10.5000,1300
1431526923,10.5100,10.5100,10.5100,10.5100,100
1431527038,10.5000,10.5100,10.4850,10.5100,14600
1431527213,10.5000,10.5000,10.4901,10.4901,1400
1431527225,10.5000,10.5000,10.5000,10.5000,100
1431527292,10.5000,10.5000,10.5000,10.5000,200
1431527387,10.4800,10.5100,10.4800,10.5000,37300
1431527541,10.4810,10.5000,10.4800,10.4832,2500
1431527608,10.4800,10.4800,10.4800,10.4800,800
1431527649,10.4850,10.4850,10.4850,10.4850,300
1431527752,10.4600,10.4700,10.4600,10.4700,800
1431527791,10.4700,10.4700,10.4700,10.4700,100
1431527839,10.4800,10.4800,10.4700,10.4800,400
1431527926,10.4790,10.4900,10.4790,10.4800,2300
1431527971,10.4800,10.4800,10.4400,10.4700,5500
1431528024,10.4668,10.4668,10.4668,10.4668,500
1431528110,10.4300,10.4600,10.4300,10.4600,900
1431528188,10.4400,10.4400,10.4400,10.4400,400
1431528300,10.4300,10.4400,10.4300,10.4400,1700
1431528454,10.4500,10.4500,10.4400,10.4400,4600
1431528525,10.4600,10.4600,10.4600,10.4600,100
1431528567,10.4800,10.4800,10.4600,10.4600,400
1431528657,10.4860,10.4860,10.4800,10.4800,1500
1431528758,10.4900,10.4900,10.4900,10.4900,2100
1431528796,10.4900,10.4900,10.4600,10.4806,8800
1431528918,10.4732,10.4732,10.4600,10.4600,200
1431529010,10.4300,10.4600,10.4300,10.4600,3600
1431529153,10.4100,10.4300,10.4100,10.4200,1400
1431529257,10.3900,10.4000,10.3900,10.4000,1100
1431529415,10.3900,10.3900,10.3732,10.3732,1200
1431529468,10.4000,10.4000,10.3800,10.3800,900
1431529531,10.4000,10.4000,10.3709,10.3709,1000
1431529616,10.3710,10.4000,10.3710,10.3850,1400
1431529739,10.3950,10.4000,10.3900,10.4000,4500
1431529756,10.4000,10.4000,10.3900,10.3900,1000
1431529971,10.4000,10.4000,10.4000,10.4000,2000
1431530109,10.4400,10.4400,10.4400,10.4400,600
1431530169,10.4300,10.4300,10.4200,10.4200,1900
1431530273,10.4216,10.4216,10.4200,10.4200,1300
1431530325,10.4250,10.4250,10.4250,10.4250,800
1431530498,10.4200,10.4300,10.4150,10.4300,3200
1431530544,10.4150,10.4200,10.4100,10.4100,2200
1431530585,10.4100,10.4100,10.4100,10.4100,200
1431530675,10.4200,10.4200,10.4200,10.4200,200
1431530815,10.4100,10.4100,10.4100,10.4100,1100
1431530872,10.4100,10.4100,10.4100,10.4100,1800
1431530921,10.4200,10.4200,10.4100,10.4100,400
1431530981,10.4200,10.4200,10.4150,10.4150,1000
1431531051,10.4100,10.4200,10.4100,10.4200,1300
1431531083,10.4100,10.4100,10.4100,10.4100,100
1431531179,10.4095,10.4100,10.4095,10.4100,400
1431531239,10.4200,10.4200,10.4100,10.4100,800
1431531243,10.4200,10.4200,10.4200,10.4200,100
1431531408,10.4200,10.4200,10.4200,10.4200,1200
1431531719,10.4200,10.4200,10.4200,10.4200,100
1431531773,10.4200,10.4200,10.4199,10.4199,400
1431531826,10.4216,10.4250,10.4100,10.4200,1900
1431531868,10.4300,10.4300,10.4200,10.4200,2700
1431531918,10.4300,10.4300,10.4283,10.4283,400
1431532018,10.4200,10.4250,10.4200,10.4250,400
1431532438,10.4400,10.4500,10.4200,10.4250,8100
1431532479,10.4401,10.4401,10.4400,10.4401,1300
1431532550,10.4450,10.4500,10.4400,10.4400,2200
1431532609,10.4700,10.4700,10.4400,10.4400,10800
1431532672,10.4701,10.4800,10.4610,10.4800,1900
1431532704,10.4600,10.4700,10.4600,10.4600,1100
1431532745,10.4600,10.4600,10.4500,10.4500,2600
1431532800,10.4500,10.4501,10.4500,10.4500,1400
1431532918,10.4501,10.4501,10.4500,10.4500,1500
1431532967,10.4210,10.4600,10.4210,10.4600,4100
1431533006,10.4300,10.4300,10.4300,10.4300,900
1431533268,10.4185,10.4350,10.4100,10.4300,7100
1431533333,10.4200,10.4200,10.4200,10.4200,600
1431533368,10.4100,10.4100,10.4100,10.4100,200
1431533446,10.4006,10.4006,10.4006,10.4006,700
1431533509,10.4200,10.4200,10.4032,10.4100,4100
1431533543,10.4200,10.4200,10.4200,10.4200,100
1431533631,10.4300,10.4300,10.4150,10.4150,5100
1431533690,10.4200,10.4300,10.4200,10.4300,1700
1431533750,10.4300,10.4300,10.4200,10.4200,500
1431533779,10.4200,10.4200,10.4200,10.4200,100
1431533879,10.4101,10.4201,10.4100,10.4200,3400
1431533899,10.3900,10.4300,10.3900,10.4299,2700
1431533947,10.4000,10.4000,10.4000,10.4000,100
1431534009,10.4100,10.4100,10.4100,10.4100,100
1431534147,10.4016,10.4016,10.4016,10.4016,800
1431534224,10.4100,10.4100,10.4000,10.4000,1900
1431534242,10.4000,10.4010,10.4000,10.4000,700
1431534355,10.4000,10.4000,10.4000,10.4000,100
1431534472,10.3950,10.4000,10.3900,10.4000,2100
1431534519,10.3990,10.3990,10.3990,10.3990,100
1431534554,10.4000,10.4000,10.4000,10.4000,400
1431534603,10.4001,10.4015,10.4000,10.4000,1600
1431534687,10.4000,10.4000,10.4000,10.4000,100
1431534763,10.3950,10.3950,10.3900,10.3900,200
1431535019,10.4300,10.4300,10.4000,10.4000,2600
1431535138,10.4400,10.4400,10.4300,10.4300,2800
1431535173,10.4400,10.4400,10.4400,10.4400,100
1431535258,10.4316,10.4400,10.4200,10.4200,5300
1431535333,10.4100,10.4301,10.4100,10.4300,2000
1431535551,10.4200,10.4200,10.3998,10.4100,5100
1431535669,10.4132,10.4132,10.4132,10.4132,100
1431535734,10.4300,10.4300,10.4300,10.4300,100
1431536116,10.4200,10.4200,10.4200,10.4200,100
1431536279,10.4400,10.4400,10.4300,10.4300,600
1431536336,10.4400,10.4400,10.4400,10.4400,1400
1431536399,10.4500,10.4500,10.4400,10.4400,1700
1431536406,10.4500,10.4500,10.4500,10.4500,100
1431536506,10.4300,10.4600,10.4300,10.4599,2800
1431536746,10.4300,10.4400,10.4300,10.4400,200
1431536916,10.4300,10.4360,10.4200,10.4300,1600
1431537080,10.4200,10.4270,10.4100,10.4200,2100
1431537257,10.4300,10.4300,10.4200,10.4200,600
1431537418,10.4400,10.4400,10.4400,10.4400,700
1431537470,10.4400,10.4400,10.4400,10.4400,900
1431537532,10.4400,10.4400,10.4344,10.4344,1500
1431537590,10.4400,10.4400,10.4400,10.4400,200
1431537719,10.4600,10.4600,10.4400,10.4400,2500
1431537761,10.4800,10.4800,10.4600,10.4600,500
1431537793,10.4700,10.4750,10.4700,10.4700,1800
1431537933,10.4800,10.4800,10.4800,10.4800,100
1431537969,10.4900,10.4900,10.4900,10.4900,300
1431538129,10.4900,10.4900,10.4900,10.4900,300
1431538230,10.4950,10.4950,10.4950,10.4950,100
1431538490,10.5000,10.5000,10.5000,10.5000,300
1431538616,10.5100,10.5100,10.5000,10.5000,800
1431538658,10.5300,10.5500,10.5100,10.5100,2900
1431538726,10.5500,10.5500,10.5400,10.5400,1600
1431538788,10.5400,10.5600,10.5300,10.5450,2300
1431538832,10.5500,10.5500,10.5500,10.5500,100
1431538912,10.5700,10.5700,10.5500,10.5600,900
1431538941,10.5600,10.5600,10.5600,10.5600,100
1431538988,10.5600,10.5700,10.5600,10.5600,2400
1431539097,10.5600,10.5700,10.5600,10.5600,14300
1431539155,10.5600,10.5600,10.5500,10.5600,28300
1431539197,10.5600,10.5600,10.5600,10.5600,5900
1431539270,10.5500,10.5500,10.5500,10.5500,600
1431539372,10.5600,10.5600,10.5600,10.5600,500
1431539426,10.5600,10.5600,10.5600,10.5600,700
1431539491,10.5600,10.5600,10.5500,10.5500,200
1431539554,10.5600,10.5600,10.5600,10.5600,1100
1431539592,10.5501,10.5600,10.5500,10.5600,1500
1431539690,10.5500,10.5516,10.5500,10.5516,1000
1431539763,10.5400,10.5600,10.5000,10.5500,18000
1431539875,10.5300,10.5332,10.5300,10.5332,1100
1431539903,10.5000,10.5400,10.4800,10.5332,6700
1431539983,10.5002,10.5050,10.4804,10.4804,2800
1431540058,10.5000,10.5050,10.4900,10.5000,3400
1431540102,10.5000,10.5000,10.4950,10.4950,200
1431540123,10.4900,10.4900,10.4900,10.4900,1800
1431540208,10.4900,10.4900,10.4900,10.4900,100
1431540266,10.4900,10.4900,10.4700,10.4899,1800
1431540351,10.4801,10.4801,10.4700,10.4700,3000
1431540392,10.4700,10.4700,10.4700,10.4700,100
1431540455,10.4900,10.4900,10.4800,10.4800,1600
1431540504,10.4900,10.4900,10.4900,10.4900,100
1431540589,10.4900,10.4901,10.4900,10.4900,1700
1431540659,10.4702,10.4901,10.4700,10.4900,3300
1431540715,10.4601,10.4700,10.4600,10.4650,2800
1431540752,10.4501,10.4650,10.4500,10.4500,1700
1431540820,10.4600,10.4800,10.4501,10.4800,2600
1431540857,10.4650,10.4650,10.4600,10.4600,1600
1431541051,10.4616,10.4700,10.4616,10.4700,1100
1431541121,10.4500,10.4600,10.4500,10.4600,1300
1431541159,10.4600,10.4600,10.4600,10.4600,200
1431541220,10.4502,10.4550,10.4500,10.4515,2900
1431541275,10.4500,10.4516,10.4500,10.4516,300
1431541325,10.4500,10.4501,10.4450,10.4501,2100
1431541380,10.4600,10.4600,10.4532,10.4532,600
1431541537,10.4700,10.4700,10.4700,10.4700,400
1431541601,10.4900,10.4900,10.4800,10.4800,400
1431541788,10.4899,10.4901,10.4899,10.4900,1900
1431541834,10.4700,10.4700,10.4700,10.4700,100
1431541977,10.4800,10.4800,10.4700,10.4800,2900
1431542033,10.4800,10.4800,10.4716,10.4716,1200
1431542133,10.4800,10.4800,10.4800,10.4800,100
1431542162,10.4900,10.4900,10.4900,10.4900,400
1431542456,10.4999,10.4999,10.4999,10.4999,300
1431542485,10.5200,10.5200,10.4950,10.4950,3200
1431542624,10.5700,10.5700,10.5500,10.5600,1000
1431542699,10.5100,10.5650,10.5000,10.5600,5000
1431542700,10.5200,10.5200,10.4900,10.5000,3600
1431542768,10.5200,10.5200,10.5200,10.5200,100
1431542873,10.5200,10.5300,10.5200,10.5300,700
1431542885,10.5101,10.5101,10.5100,10.5100,700
1431542962,10.5100,10.5100,10.5100,10.5100,200
1431543249,10.5300,10.5300,10.5200,10.5300,600
1431543411,10.5500,10.5500,10.5400,10.5400,400
1431543471,10.5500,10.5500,10.5400,10.5400,1900
1431543588,10.5300,10.5500,10.5300,10.5500,300
1431543636,10.5500,10.5500,10.5500,10.5500,1000
1431543711,10.5400,10.5401,10.5400,10.5400,2500
1431543779,10.5300,10.5350,10.5300,10.5350,200
1431543804,10.5200,10.5350,10.4800,10.5300,10600
1431543951,10.5500,10.5500,10.5206,10.5206,1000
1431544013,10.5400,10.5400,10.5300,10.5400,500
1431544041,10.5400,10.5450,10.5300,10.5316,5800
1431544282,10.5400,10.5400,10.5300,10.5300,600
1431544366,10.5400,10.5400,10.5250,10.5300,3200
1431544401,10.5416,10.5416,10.5416,10.5416,900
1431544484,10.5450,10.5450,10.5400,10.5400,1500
1431544536,10.5400,10.5400,10.5400,10.5400,100
1431544590,10.5600,10.5600,10.5500,10.5500,900
1431544658,10.5600,10.5600,10.5600,10.5600,1800
1431544713,10.5500,10.5600,10.5400,10.5500,3600
1431544817,10.5400,10.5400,10.5400,10.5400,800
1431544917,10.5300,10.5314,10.5200,10.5300,2400
1431544974,10.4911,10.5250,10.4911,10.5200,4100
1431545088,10.5032,10.5032,10.4950,10.5000,3000
1431545137,10.5005,10.5100,10.5000,10.5000,1400
1431545215,10.5000,10.5100,10.5000,10.5100,2800
1431545328,10.5000,10.5000,10.5000,10.5000,100
1431545367,10.4900,10.4900,10.4800,10.4900,500
1431545426,10.4900,10.4900,10.4800,10.4800,3500
1431545505,10.4802,10.4915,10.4800,10.4900,3400
1431545573,10.4832,10.4900,10.4832,10.4900,1100
1431545593,10.4801,10.4900,10.4800,10.4900,1800
1431545689,10.4900,10.5000,10.4600,10.5000,9700
1431545755,10.4901,10.5000,10.4800,10.4800,3100
1431545819,10.4900,10.4901,10.4801,10.4801,2000
1431545875,10.4901,10.5000,10.4900,10.4950,1800
1431545928,10.4800,10.4900,10.4800,10.4900,1400
1431545997,10.4785,10.5000,10.4785,10.4900,3300
1431546016,10.4800,10.4800,10.4800,10.4800,100
1431546113,10.4600,10.4701,10.4500,10.4700,4200
1431546158,10.4600,10.4600,10.4500,10.4500,1800
1431546227,10.4550,10.4550,10.4500,10.4516,900
1431546289,10.4450,10.4600,10.4400,10.4549,6500
1431546321,10.4400,10.4500,10.4400,10.4500,1500
1431546406,10.4450,10.4450,10.4300,10.4399,700
1431546470,10.4405,10.4500,10.4400,10.4500,3700
1431546489,10.4201,10.4500,10.4200,10.4450,5700
1431546594,10.4300,10.4300,10.4150,10.4200,1500
1431546649,10.4400,10.4500,10.4316,10.4400,6200
1431546718,10.4300,10.4500,10.4300,10.4350,6100
1431546723,10.4400,10.4500,10.4300,10.4400,5600
1431546792,10.4200,10.4400,10.4100,10.4400,4700
1431546842,10.4000,10.4150,10.3950,10.4116,6500
1431546948,10.4032,10.4200,10.4000,10.4100,4800
1431547007,10.3900,10.4100,10.3900,10.4000,6100
1431547078,10.3950,10.4000,10.3900,10.3950,800
1431547122,10.3800,10.4000,10.3800,10.4000,5400
1431547140,10.3900,10.3900,10.3900,10.3900,0
1431547143,10.3900,10.3900,10.3900,10.3900,400
                                                        