uri:/instrument/1.0/BBSI/chartdata;type=quote;range=1d/csv
ticker:bbsi
Company-Name:Barrett Business Services, Inc.
Exchange-Name:NMS
unit:MIN
timezone:EDT
currency:USD
gmtoffset:-14400
previous_close:49.5500
Timestamp:1431437400,1431460800
labels:1431439200,1431442800,1431446400,1431450000,1431453600,1431457200,1431460800
values:Timestamp,close,high,low,open,volume
close:32.0800,48.6500
high:33.0000,48.6800
low:32.0500,48.6400
open:32.2100,48.6800
volume:0,40800
1431437451,48.6500,48.6800,48.6400,48.6800,12500
1431437481,48.3500,48.5800,48.3500,48.3800,5200
1431437535,47.0550,48.1000,46.3701,47.8900,28900
1431437585,46.2200,47.3400,46.2200,47.3400,6300
1431437694,46.2500,46.6500,46.0100,46.0100,4700
1431437720,45.8800,46.5100,45.8800,46.5100,4700
1431437810,45.7600,46.0950,45.7201,45.7201,2100
1431437873,45.7800,45.7800,45.7700,45.7700,900
1431437882,45.8800,46.3500,45.7900,46.3500,7600
1431437968,45.9500,45.9800,45.8000,45.9800,1200
1431438056,46.5200,46.5200,45.8000,45.9400,12600
1431438096,45.9800,46.4500,45.9700,46.1900,2700
1431438178,47.1200,47.8900,46.0200,46.4500,17900
1431438237,47.3000,47.6200,47.0101,47.0200,2000
1431438285,46.8025,47.3000,46.8025,47.2500,2100
1431438302,46.7800,46.8800,46.7800,46.8800,200
1431438396,46.7800,46.7800,46.7800,46.7800,200
1431438533,46.0000,46.9500,45.7700,46.8400,2700
1431438608,45.7300,46.0400,45.7300,45.9300,4000
1431438718,44.5500,45.6600,44.5410,45.6600,4700
1431438723,44.5000,44.5500,43.5300,44.5500,5100
1431438807,44.5000,44.5000,44.5000,44.5000,1100
1431438893,44.0000,44.5000,44.0000,44.3400,4900
1431438955,44.0000,44.0500,44.0000,44.0500,600
1431439018,43.7800,43.9700,43.1600,43.9700,4400
1431439022,43.0660,43.7900,43.0660,43.7900,3400
1431439088,43.5300,43.5300,43.3400,43.3500,1900
1431439244,43.6000,43.6400,43.5000,43.6400,1600
1431439315,43.5800,43.8000,43.5600,43.6400,1200
1431439370,43.6300,43.6500,43.6300,43.6500,1100
1431439434,43.6000,43.6800,43.6000,43.6800,4400
1431439453,43.4600,43.4600,43.4600,43.4600,100
1431439541,44.2600,44.2600,44.0537,44.0537,500
1431439795,44.0400,44.1950,44.0400,44.0400,800
1431439857,44.0100,44.1611,44.0100,44.0300,500
1431439917,44.0100,44.1980,44.0100,44.1900,1400
1431439927,44.0100,44.0100,44.0100,44.0100,900
1431439991,44.0100,44.1600,44.0100,44.1600,600
1431440075,44.1100,44.1700,44.1100,44.1700,600
1431440156,43.8600,44.0600,43.8600,44.0600,3000
1431440208,43.8100,43.9380,43.8090,43.8300,600
1431440263,43.7250,43.8000,43.7250,43.8000,1000
1431440284,43.5700,43.7200,43.5700,43.7200,600
1431440360,43.4700,43.5500,43.4700,43.5500,600
1431440422,43.1100,43.4800,43.1100,43.4800,4300
1431440495,42.9001,42.9300,42.9000,42.9300,1100
1431440575,42.5201,42.9000,42.5200,42.9000,3000
1431440594,42.8900,42.8900,42.8900,42.8900,200
1431440759,42.6000,42.7900,42.6000,42.7250,1700
1431440814,42.4300,42.6100,42.4300,42.5744,2400
1431440825,42.3000,42.5200,42.2700,42.4950,3500
1431440882,42.2400,42.3000,42.2400,42.2800,4900
1431440947,41.9900,42.2490,41.9500,42.2490,1800
1431441064,41.7900,42.0500,41.7900,42.0100,2600
1431441163,41.9899,41.9899,41.9899,41.9899,300
1431441183,41.6300,41.9700,41.5600,41.9700,2500
1431441274,41.5700,41.7500,41.5700,41.6750,500
1431441302,41.3000,41.5700,41.3000,41.5700,5700
1431441360,40.7400,41.3100,40.6600,41.3100,13900
1431441424,40.5200,40.7899,40.3010,40.7899,7800
1431441538,40.8000,40.9400,40.5000,40.7780,7500
1431441599,40.5000,40.8000,40.2500,40.7100,8000
1431441604,41.0700,41.4299,40.8100,40.8100,7400
1431441763,40.7650,40.7650,40.7650,40.7650,200
1431441792,40.4100,40.7900,40.4000,40.6400,6700
1431441844,40.4500,40.5700,40.1300,40.5700,5700
1431442078,40.9000,40.9000,40.5600,40.5600,600
1431442081,40.5600,40.6000,40.5600,40.5700,600
1431442199,40.4500,40.8400,40.4500,40.8000,9400
1431442203,40.4500,40.5900,40.4500,40.4600,4300
1431442269,40.1900,40.4100,40.1900,40.4100,1500
1431442373,40.2500,40.3599,40.1900,40.2000,1400
1431442430,40.1900,40.4300,40.1900,40.1900,1500
1431442556,40.0450,40.2500,40.0000,40.1900,6800
1431442618,39.5500,40.0450,39.5500,40.0450,14600
1431442621,39.4000,39.6500,39.4000,39.5550,7000
1431442738,39.4175,39.5000,39.3400,39.3900,3400
1431442768,39.5100,39.7500,39.4050,39.4050,4400
1431442858,39.7450,39.8700,39.6800,39.7250,6000
1431442917,39.8600,40.0000,39.7000,39.7841,14700
1431442922,39.9250,40.0000,39.8800,39.8800,10200
1431442980,39.8845,40.0000,39.7800,39.9700,4400
1431443046,39.3400,39.7500,39.3400,39.7500,20100
1431443147,39.8600,40.0000,39.5000,39.5000,14300
1431443196,39.7950,39.9000,39.7100,39.7100,2900
1431443223,39.9400,40.0000,39.7200,39.7200,10200
1431443329,40.4500,40.4800,39.9800,40.0300,21500
1431443398,40.1500,40.4840,40.1500,40.4256,1100
1431443448,39.8800,40.2400,39.6900,40.2400,11200
1431443511,39.8900,39.9000,39.5000,39.7494,9100
1431443577,39.9500,40.0000,39.7010,39.8980,11400
1431443629,39.9500,40.0000,39.9288,40.0000,8200
1431443641,39.8000,39.8500,39.7000,39.8062,4200
1431443704,39.6550,39.8000,39.5600,39.8000,800
1431443809,39.6200,39.7800,39.6200,39.6500,3800
1431443873,39.4108,39.5500,39.2700,39.5500,4000
1431443999,39.0000,39.2000,39.0000,39.1400,5500
1431444059,38.5750,39.0100,38.5700,39.0100,7900
1431444060,38.1850,38.5500,38.0201,38.5500,13800
1431444123,37.7400,38.3499,37.6700,38.3499,5700
1431444238,37.6500,38.0000,37.6500,37.9100,10200
1431444293,38.0500,38.4200,37.4800,37.5700,21500
1431444306,37.6450,38.0600,37.6100,37.9900,4500
1431444363,37.1800,38.0399,37.1100,37.6500,15700
1431444478,36.7600,37.3100,36.7500,37.3100,6900
1431444481,36.9350,37.3000,36.7700,36.7700,4200
1431444541,37.0100,37.2260,36.7500,36.9800,3800
1431444603,36.7500,37.0100,36.7500,36.9900,7500
1431444664,36.6900,36.9400,36.6900,36.8907,3600
1431444720,36.5562,36.7640,36.3300,36.6801,4800
1431444795,36.4300,36.4899,36.2801,36.4899,3000
1431444874,36.3401,36.3401,36.3401,36.3401,1400
1431444959,35.5800,36.3401,35.5800,36.3401,19100
1431445019,35.5000,35.7600,35.2500,35.5800,18500
1431445024,35.0900,35.5000,35.0300,35.5000,9300
1431445137,34.7850,35.2600,34.7850,35.1600,7600
1431445143,34.5500,34.9899,34.5500,34.9800,4600
1431445200,34.8100,34.9300,34.0300,34.7200,21200
1431445318,33.7500,35.3800,33.7500,34.8099,22100
1431445376,32.9950,33.8400,32.7500,33.8350,40500
1431445439,33.1500,33.3600,32.2500,32.8200,40800
1431445440,32.0800,33.3300,32.0500,33.3000,18900
1431445504,33.7900,33.8800,32.2100,32.2100,18000
1431445560,33.1600,34.1600,33.1600,33.7900,8700
1431445620,33.0000,33.0000,32.3700,32.8200,6600
1431445684,33.6795,33.6800,33.1100,33.3200,10600
1431445796,33.7400,34.0000,33.5000,33.6300,7200
1431445858,33.3800,33.7500,32.9000,33.6350,8600
1431445860,33.7900,33.7900,33.0500,33.3000,5900
1431445920,33.0500,33.8000,32.9500,33.7800,4800
1431446038,33.0000,33.3500,32.9000,33.0600,4100
1431446054,33.5000,33.5000,33.0054,33.4210,3500
1431446125,33.2700,33.7800,33.2700,33.4428,10800
1431446216,33.9300,33.9971,33.0700,33.1200,14400
1431446221,33.5000,33.9599,33.5000,33.9599,13500
1431446333,33.1900,33.5200,33.0900,33.5000,2600
1431446346,33.5100,33.5818,33.1800,33.1800,2700
1431446459,33.5700,33.7000,33.4500,33.5400,4100
1431446461,33.8310,33.9500,33.5700,33.6580,10000
1431446574,33.6600,33.8200,33.1300,33.8200,10800
1431446637,33.5500,33.8300,33.4000,33.4900,5600
1431446640,33.8046,33.8500,33.3100,33.5500,13800
1431446757,33.6800,33.8500,33.5000,33.8400,18000
1431446819,33.6500,33.8000,33.5500,33.7880,5900
1431446879,33.8400,33.8500,33.5000,33.7250,29500
1431446932,33.9500,33.9500,33.7500,33.8400,22900
1431446994,33.7850,34.2000,33.6200,33.9500,28400
1431447009,33.7000,33.9600,33.4100,33.8000,20100
1431447119,33.5200,33.8400,33.3100,33.8400,14600
1431447120,33.7500,33.7800,33.5220,33.6300,8300
1431447181,33.3700,33.7800,33.3000,33.7550,22700
1431447248,33.0100,33.3769,32.6500,33.3500,18900
1431447355,33.5000,33.6300,33.0000,33.0000,14000
1431447418,33.6199,33.6199,33.2400,33.5000,3400
1431447476,33.5050,33.7900,33.3200,33.5500,3600
1431447538,33.7800,33.7900,33.3720,33.3720,4800
1431447541,33.8450,34.2200,33.5500,33.7075,13500
1431447659,33.8000,34.1027,33.6600,33.9238,9300
1431447687,33.5900,33.7100,33.5900,33.7100,1200
1431447777,34.0000,34.0000,33.6100,33.6100,9900
1431447809,33.7900,34.0000,33.7100,33.9900,4100
1431447842,33.6100,33.8500,33.5500,33.7900,8400
1431447959,33.6650,33.8400,33.6600,33.7300,4700
1431448019,33.8400,34.0000,33.6600,33.7750,13000
1431448079,34.3000,34.8996,33.8400,33.8400,13800
1431448139,34.8999,35.1400,34.3000,34.3870,25900
1431448199,35.3200,35.3697,34.9100,34.9100,20200
1431448255,35.3400,35.4000,35.0000,35.3592,13900
1431448269,35.2700,35.2900,35.0000,35.1400,4600
1431448377,35.0700,35.2900,35.0100,35.1700,5000
1431448439,35.4400,35.6000,35.0500,35.0900,6300
1431448440,35.8800,35.8800,35.3499,35.3700,14800
1431448557,36.0500,36.2400,35.5000,35.6400,20600
1431448617,36.6399,36.6400,35.8700,36.0400,14500
1431448620,36.1950,36.6400,35.7900,36.5900,14700
1431448737,36.1150,36.7500,36.0400,36.2000,14400
1431448797,36.2000,36.3500,36.1300,36.1300,9000
1431448858,35.5500,36.1500,35.5400,36.1500,7000
1431448919,35.6500,35.8700,35.5800,35.5800,3600
1431448978,35.6600,35.7100,35.6501,35.7100,2600
1431448982,35.2200,35.6700,35.2200,35.6700,3300
1431449072,35.3100,35.3500,35.3000,35.3000,600
1431449145,35.3161,35.3161,35.1301,35.1301,400
1431449163,35.2700,35.2700,35.2200,35.2290,1300
1431449275,35.4000,35.6745,35.3400,35.6745,500
1431449339,35.2600,35.4000,35.0200,35.3100,3800
1431449354,35.4000,35.4000,35.1200,35.2200,900
1431449407,35.1600,35.4600,35.1200,35.3900,4400
1431449463,34.7700,35.2310,34.7500,35.2300,5700
1431449543,34.8201,34.8201,34.8201,34.8201,400
1431449582,34.8510,35.0000,34.8510,35.0000,400
1431449699,35.1500,35.3300,34.8600,34.9400,3000
1431449700,35.1000,35.1000,35.0000,35.1000,1400
1431449808,34.8900,34.9380,34.8900,34.9380,1200
1431449873,35.3370,35.3370,35.3370,35.3370,1000
1431449962,35.1600,35.1600,35.1200,35.1499,2100
1431450007,35.3300,35.4000,35.3000,35.4000,2200
1431450095,35.1400,35.1800,35.1400,35.1800,1000
1431450163,35.0970,35.0970,34.9500,34.9500,300
1431450223,35.1322,35.1322,34.9401,34.9401,400
1431450251,34.6578,34.9400,34.2300,34.9400,8800
1431450318,34.2758,34.3200,34.2758,34.3200,3200
1431450399,34.3600,34.4813,34.3600,34.3601,500
1431450513,34.6000,34.6000,34.6000,34.6000,200
1431450545,35.1900,35.1900,34.4100,34.4100,2400
1431450634,35.1399,35.1399,35.1399,35.1399,100
1431450750,35.0673,35.0673,35.0673,35.0673,200
1431450828,35.2000,35.2000,35.1300,35.1300,300
1431450871,35.1300,35.1300,35.1300,35.1300,100
1431450919,35.2080,35.2080,35.2080,35.2080,500
1431451000,35.2700,35.2700,35.2700,35.2700,100
1431451043,35.4200,35.4600,35.4200,35.4600,200
1431451133,35.3662,35.4000,35.2900,35.4000,400
1431451197,35.1700,35.3380,35.1700,35.2000,1400
1431451211,35.0705,35.0705,35.0705,35.0705,500
1431451317,35.0600,35.2300,35.0600,35.0651,1800
1431451405,35.1594,35.2600,35.0600,35.0800,500
1431451479,35.2800,35.2800,35.0101,35.1900,1300
1431451511,35.3300,35.3300,35.3300,35.3300,100
1431451608,35.1700,35.2000,35.1700,35.2000,300
1431451656,35.2700,35.4050,35.2700,35.4050,1300
1431451799,35.3000,35.3854,35.2900,35.3854,1400
1431451801,35.2100,35.3846,35.2100,35.3846,2400
1431451897,35.3418,35.3418,35.3418,35.3418,300
1431451978,35.2200,35.3100,35.2200,35.3000,1800
1431451980,35.3600,35.3800,35.2101,35.2800,2500
1431452226,35.4098,35.4098,35.2900,35.2900,1400
1431452296,35.3300,35.3300,35.2650,35.2800,2100
1431452385,35.3301,35.4500,35.3300,35.4500,300
1431452411,35.3400,35.3400,35.2500,35.2900,1400
1431452467,35.3400,35.3400,35.3100,35.3100,200
1431452563,35.3000,35.3000,35.3000,35.3000,200
1431452628,35.2900,35.2900,35.2900,35.2900,100
1431452669,35.2500,35.3300,35.2500,35.3300,400
1431452700,34.9800,35.2600,34.8300,35.2600,10500
1431452762,34.8000,34.9800,34.8000,34.9000,5800
1431452925,34.4937,34.8400,34.4500,34.8400,4300
1431452945,34.4500,34.5200,34.4000,34.5000,1800
1431453064,34.2701,34.2701,34.2701,34.2701,200
1431453129,34.5464,34.5464,34.3400,34.3400,1900
1431453238,34.5250,34.5800,34.4600,34.5380,3700
1431453274,34.6400,34.7600,34.5850,34.5850,800
1431453302,34.6300,34.6400,34.3400,34.6400,1300
1431453410,34.3210,34.5100,34.3210,34.5100,800
1431453463,34.3100,34.4852,34.3100,34.3100,800
1431453531,34.5100,34.5100,34.3000,34.3812,1500
1431453571,34.5100,34.5100,34.5100,34.5100,100
1431453620,34.5100,34.5100,34.4600,34.4600,500
1431453679,34.5100,34.5200,34.5100,34.5180,2000
1431453742,34.5200,34.5300,34.3900,34.3900,900
1431453820,34.6000,34.6000,34.6000,34.6000,300
1431453947,34.6050,34.6700,34.6050,34.6700,500
1431453974,34.6000,34.6000,34.5200,34.5300,1100
1431454127,34.6451,34.6451,34.5732,34.6138,1000
1431454197,34.5300,34.5300,34.5300,34.5300,300
1431454249,34.4000,34.5300,34.4000,34.5300,2100
1431454275,34.3900,34.4300,34.3800,34.4000,1900
1431454338,34.3850,34.3850,34.3850,34.3850,400
1431454546,34.4522,34.4890,34.4522,34.4890,700
1431454615,34.3810,34.4600,34.3100,34.4600,2500
1431454621,35.0300,35.0300,34.3900,34.3990,3000
1431454710,34.7600,35.0190,34.7600,34.8650,700
1431454797,34.9300,35.0000,34.9020,34.9020,1300
1431454802,34.5750,35.0100,34.5750,35.0000,1700
1431455099,34.3300,34.7300,34.3300,34.7300,4400
1431455157,34.4000,34.4480,34.3007,34.3100,2200
1431455179,34.4000,34.4000,34.3900,34.3900,2500
1431455279,34.4700,34.6700,34.3300,34.3300,6900
1431455314,34.4300,34.5100,34.4300,34.4600,700
1431455426,34.5899,34.5899,34.4000,34.4100,1100
1431455463,34.5000,34.5250,34.5000,34.5250,300
1431455621,34.5546,34.5800,34.5350,34.5600,1600
1431455648,34.5300,34.5300,34.5300,34.5300,100
1431455758,34.5350,34.5700,34.5350,34.5462,400
1431455818,34.5000,34.5700,34.4500,34.5700,3900
1431455864,34.5500,34.5500,34.5500,34.5500,200
1431455936,34.6200,34.7000,34.5400,34.6200,1500
1431455988,34.6600,34.7200,34.6200,34.6200,1200
1431456166,34.7200,34.7200,34.6650,34.6750,1300
1431456182,34.8850,34.9000,34.7450,34.7550,8200
1431456295,35.0800,35.0900,34.8500,34.8600,3700
1431456324,34.8300,35.0300,34.8300,34.9300,1100
1431456411,34.8300,34.9050,34.8300,34.9050,600
1431456451,34.6600,34.9800,34.6600,34.9100,5600
1431456589,34.8900,34.8900,34.8900,34.8900,600
1431456625,34.8250,34.9400,34.8250,34.8300,800
1431456726,34.8150,34.8150,34.8150,34.8150,100
1431456842,34.8100,34.9000,34.8100,34.8200,900
1431456959,34.7200,34.8200,34.7200,34.8200,1400
1431456970,34.6700,34.7200,34.6600,34.7200,3200
1431457062,34.7450,34.7450,34.6700,34.6700,300
1431457116,34.6200,34.7000,34.6000,34.7000,7500
1431457192,34.4700,34.4950,34.4700,34.4801,2900
1431457202,34.3800,34.4900,34.3037,34.3037,3300
1431457275,34.3670,34.5500,34.3670,34.4050,4400
1431457370,34.5200,34.5200,34.5200,34.5200,100
1431457442,34.5200,34.5410,34.3900,34.5300,8500
1431457539,34.4000,34.4000,34.3900,34.4000,1100
1431457618,34.5150,34.6500,34.3600,34.3850,6500
1431457662,34.4850,34.4850,34.4850,34.4850,100
1431457733,34.4700,34.4700,34.4700,34.4700,100
1431457781,34.5700,34.5700,34.5700,34.5700,200
1431457859,34.4800,34.4800,34.4800,34.4800,100
1431458036,34.4900,34.5050,34.4900,34.4900,300
1431458063,34.4800,34.5550,34.4800,34.5550,1200
1431458109,34.3700,34.4700,34.3700,34.4700,1100
1431458219,34.4300,34.4700,34.3700,34.4100,2500
1431458275,34.4190,34.4500,34.4190,34.4500,300
1431458335,34.3310,34.4200,34.3310,34.4200,900
1431458366,34.3100,34.3500,34.3100,34.3500,700
1431458413,34.3200,34.3200,34.3200,34.3200,600
1431458480,34.3400,34.3400,34.3200,34.3300,1200
1431458579,33.8005,34.3300,33.8000,34.3300,12000
1431458609,33.8751,33.9600,33.8600,33.9300,3500
1431458692,34.0035,34.0800,34.0035,34.0400,1200
1431458734,33.7610,34.0700,33.7610,34.0100,1500
1431458802,33.9100,33.9400,33.8850,33.8850,600
1431458870,33.9300,33.9300,33.8500,33.9200,2300
1431458920,33.8900,33.9900,33.8900,33.9050,700
1431458958,34.0500,34.0800,33.9000,33.9500,3100
1431459029,34.0600,34.0600,34.0600,34.0600,200
1431459178,33.9050,34.1300,33.9050,34.1300,2200
1431459217,33.9999,34.0000,33.8950,33.8950,2700
1431459298,33.9100,34.0000,33.9100,33.9700,2400
1431459344,33.8600,33.9150,33.8401,33.9101,5200
1431459385,33.7400,33.8500,33.6701,33.8400,3500
1431459474,33.8000,33.8600,33.7400,33.7500,3800
1431459486,33.9400,33.9400,33.8200,33.8200,4800
1431459587,34.0200,34.1453,34.0200,34.0300,500
1431459658,34.4600,34.4790,34.0400,34.1400,4200
1431459708,34.6100,34.7950,34.4900,34.5000,10300
1431459746,34.7100,34.7180,34.5400,34.5400,3200
1431459827,34.8700,34.8800,34.6900,34.7000,3500
1431459881,35.1280,35.2200,34.9020,34.9700,5000
1431459955,34.8800,35.0700,34.8800,35.0700,4200
1431459960,34.8700,34.8800,34.7500,34.8800,2400
1431460074,34.8600,34.8600,34.7700,34.8500,5300
1431460130,34.9600,35.0000,34.8300,34.8500,6200
1431460199,35.0600,35.1990,34.9300,34.9400,10400
1431460251,35.0100,35.1000,34.9100,34.9500,8300
1431460318,34.8500,35.0100,34.5400,35.0000,10600
1431460362,34.6500,34.8500,34.5900,34.6900,4700
1431460439,34.8000,34.8125,34.7700,34.7700,6100
1431460448,34.8200,35.0980,34.8000,34.8050,10200
1431460502,34.8200,34.8600,34.8100,34.8200,4100
1431460619,34.8500,34.8700,34.8150,34.8300,4200
1431460620,34.9510,35.1500,34.8500,34.8600,19500
1431460680,35.0100,35.1500,34.8300,34.8600,11700
1431460740,35.0448,35.0448,35.0000,35.0100,18800
1431460800,35.0100,35.0100,35.0100,35.0100,0
                                                                                                    