uri:/instrument/1.0/CDW/chartdata;type=quote;range=1d/csv
ticker:cdw
Company-Name:CDW Corporation
Exchange-Name:NMS
unit:MIN
timezone:EDT
currency:USD
gmtoffset:-14400
previous_close:36.9300
Timestamp:1431437400,1431460800
labels:1431439200,1431442800,1431446400,1431450000,1431453600,1431457200,1431460800
values:Timestamp,close,high,low,open,volume
close:36.5200,37.1100
high:36.5205,37.1500
low:36.5200,37.1100
open:36.5205,37.1100
volume:0,42400
1431437454,36.5200,36.5205,36.5200,36.5205,5200
1431437546,36.5459,36.5459,36.5459,36.5459,1600
1431437646,36.5560,36.5560,36.5560,36.5560,300
1431437725,36.5500,36.5700,36.5500,36.5700,1700
1431437819,36.6500,36.6500,36.5700,36.5800,6800
1431437878,36.7100,36.7100,36.6500,36.6500,8100
1431437890,36.6857,36.6900,36.6857,36.6900,1000
1431437996,36.6800,36.6900,36.6800,36.6900,700
1431438005,36.6400,36.6700,36.6400,36.6700,2100
1431438061,36.6300,36.6400,36.6300,36.6400,1700
1431438167,36.6200,36.6200,36.6200,36.6200,600
1431438192,36.6200,36.6200,36.6000,36.6100,1200
1431438272,36.6200,36.6200,36.6000,36.6000,300
1431438351,36.5500,36.5900,36.5500,36.5900,1500
1431438404,36.5600,36.5600,36.5300,36.5500,4300
1431438472,36.5900,36.5900,36.5800,36.5800,300
1431438539,36.6300,36.6300,36.6100,36.6100,400
1431438551,36.6300,36.6600,36.6200,36.6400,3400
1431438638,36.6400,36.6500,36.6400,36.6400,2000
1431438719,36.6400,36.6500,36.6350,36.6350,1700
1431438771,36.6400,36.6500,36.6300,36.6300,1500
1431438833,36.6450,36.6600,36.6400,36.6400,2000
1431438891,36.6500,36.6500,36.6200,36.6200,2200
1431438958,36.6900,36.6900,36.6500,36.6500,1700
1431439016,36.6700,36.6700,36.6500,36.6700,1100
1431439022,36.6792,36.6792,36.6700,36.6700,1400
1431439088,36.6600,36.6800,36.6500,36.6800,1700
1431439193,36.6900,36.6900,36.6600,36.6700,800
1431439254,36.6900,36.6900,36.6800,36.6800,400
1431439273,36.6500,36.6500,36.6300,36.6500,2400
1431439376,36.6400,36.6400,36.6300,36.6300,600
1431439396,36.6400,36.6500,36.6400,36.6500,1600
1431439454,36.6100,36.6300,36.6000,36.6300,1600
1431439559,36.6200,36.6200,36.6000,36.6000,2000
1431439562,36.5600,36.6200,36.5600,36.6200,2000
1431439666,36.5800,36.5800,36.5202,36.5600,1400
1431439737,36.6000,36.6000,36.5800,36.5800,600
1431439742,36.6100,36.6300,36.6100,36.6200,1600
1431439800,36.6300,36.6500,36.6200,36.6200,1000
1431439864,36.6300,36.6400,36.6300,36.6400,400
1431439945,36.6400,36.6400,36.6400,36.6400,1000
1431439985,36.6000,36.6500,36.6000,36.6300,1600
1431440046,36.6300,36.6300,36.6050,36.6100,1300
1431440106,36.6699,36.6699,36.6600,36.6600,4400
1431440167,36.7000,36.7000,36.6500,36.6500,2500
1431440228,36.7000,36.7300,36.7000,36.7300,1200
1431440281,36.7100,36.7100,36.6900,36.6900,300
1431440340,36.7100,36.7200,36.6900,36.7200,6500
1431440457,36.7000,36.7200,36.7000,36.7100,1000
1431440492,36.6900,36.7000,36.6850,36.7000,1300
1431440550,36.6800,36.7000,36.6800,36.6900,800
1431440600,36.6500,36.6900,36.6300,36.6900,7200
1431440642,36.6700,36.6700,36.6600,36.6600,3100
1431440709,36.7000,36.7000,36.6700,36.6700,1700
1431440810,36.7500,36.7500,36.7100,36.7100,4300
1431440879,36.7500,36.7500,36.7400,36.7500,700
1431440893,36.7600,36.7600,36.7450,36.7450,1600
1431440941,36.7600,36.7600,36.7400,36.7500,2600
1431441006,36.8000,36.8000,36.7475,36.7475,5300
1431441118,36.7950,36.8000,36.7900,36.8000,3800
1431441136,36.8100,36.8100,36.8000,36.8000,1000
1431441207,36.8000,36.8100,36.8000,36.8100,3600
1431441258,36.8300,36.8300,36.8050,36.8100,1800
1431441359,36.8500,36.8500,36.8200,36.8250,7400
1431441369,36.8200,36.8500,36.8200,36.8500,21600
1431441450,36.8300,36.8300,36.8250,36.8300,1300
1431441484,36.8600,36.8600,36.8250,36.8250,1600
1431441576,36.8800,36.8800,36.8600,36.8600,1200
1431441632,36.9000,36.9000,36.8900,36.8900,600
1431441709,36.9400,36.9400,36.9200,36.9200,600
1431441774,36.9300,36.9400,36.9300,36.9400,2600
1431441780,36.9300,36.9300,36.9200,36.9300,1700
1431441850,36.9400,36.9400,36.9250,36.9300,1800
1431441917,36.9800,36.9800,36.9500,36.9500,1300
1431442001,36.9850,36.9900,36.9800,36.9800,1200
1431442039,36.9900,36.9900,36.9900,36.9900,100
1431442112,37.0300,37.0400,36.9900,36.9900,4900
1431442193,37.0000,37.0300,37.0000,37.0200,4800
1431442255,36.9800,37.0000,36.9800,37.0000,1500
1431442307,36.9400,36.9700,36.9300,36.9700,5400
1431442360,36.9200,36.9400,36.9100,36.9300,1100
1431442437,36.9700,36.9700,36.9150,36.9150,4800
1431442470,36.9700,36.9800,36.9700,36.9800,400
1431442552,37.0000,37.0000,36.9800,36.9800,1100
1431442581,36.9800,37.0000,36.9800,37.0000,2600
1431442637,36.9600,36.9700,36.9600,36.9700,1200
1431442740,36.9600,36.9800,36.9500,36.9500,2100
1431442836,36.9650,36.9700,36.9650,36.9700,400
1431442971,36.9850,37.0000,36.9656,36.9656,3400
1431443000,37.0000,37.0000,36.9900,36.9900,2800
1431443054,37.0000,37.0100,36.9900,36.9900,300
1431443111,37.0000,37.0200,36.9900,37.0000,6300
1431443201,37.0000,37.0150,37.0000,37.0000,2200
1431443277,36.9800,37.0000,36.9800,37.0000,3700
1431443337,36.9850,36.9900,36.9800,36.9800,800
1431443389,36.9800,36.9800,36.9700,36.9800,900
1431443448,36.9900,37.0000,36.9750,36.9800,2400
1431443511,36.9900,36.9900,36.9900,36.9900,100
1431443547,36.9999,36.9999,36.9999,36.9999,200
1431443620,37.0000,37.0000,36.9950,37.0000,1500
1431443686,36.9900,36.9900,36.9900,36.9900,600
1431443737,36.9900,37.0000,36.9900,37.0000,800
1431443768,36.9700,36.9900,36.9700,36.9900,1900
1431443828,36.9411,36.9411,36.9400,36.9400,2000
1431443906,36.9400,36.9400,36.9400,36.9400,300
1431443996,36.9400,36.9400,36.9350,36.9400,1900
1431444000,36.9499,36.9500,36.9499,36.9500,1400
1431444084,36.9500,36.9500,36.9500,36.9500,500
1431444272,36.9400,36.9500,36.9400,36.9500,2700
1431444329,36.9500,36.9500,36.9500,36.9500,200
1431444471,36.9400,36.9490,36.9350,36.9490,1900
1431444490,36.9300,36.9400,36.9300,36.9400,200
1431444591,36.9300,36.9400,36.9300,36.9400,800
1431444611,36.9300,36.9300,36.9200,36.9200,1000
1431444690,36.9300,36.9300,36.9250,36.9250,800
1431444779,36.9350,36.9400,36.9350,36.9400,400
1431444811,36.9400,36.9400,36.9400,36.9400,400
1431444853,36.9350,36.9400,36.9300,36.9300,900
1431444917,36.9500,36.9500,36.9500,36.9500,400
1431445007,36.9400,36.9500,36.9400,36.9500,2900
1431445078,36.8800,36.9300,36.8800,36.9300,6300
1431445187,36.8705,36.8800,36.8705,36.8800,1500
1431445247,36.8700,36.8800,36.8700,36.8800,1900
1431445281,36.8800,36.8800,36.8800,36.8800,200
1431445342,36.8800,36.8800,36.8750,36.8750,200
1431445391,36.8800,36.8800,36.8700,36.8750,600
1431445454,36.8701,36.8750,36.8701,36.8750,600
1431445539,36.8900,36.8900,36.8750,36.8750,3100
1431445566,36.9000,36.9000,36.8950,36.8970,500
1431445679,36.8700,36.8950,36.8700,36.8900,2200
1431445732,36.8900,36.8900,36.8750,36.8800,800
1431445787,36.9200,36.9200,36.8950,36.9000,3000
1431445845,36.9100,36.9200,36.9100,36.9200,1200
1431445917,36.9050,36.9100,36.9000,36.9000,400
1431445943,36.9100,36.9100,36.9000,36.9000,700
1431446027,36.9600,36.9800,36.9100,36.9100,5300
1431446052,36.9900,36.9900,36.9668,36.9668,1900
1431446133,36.9800,37.0000,36.9700,37.0000,3300
1431446219,36.9400,36.9700,36.9400,36.9600,2500
1431446249,36.9300,36.9400,36.9300,36.9345,1100
1431446322,36.8898,36.9300,36.8800,36.9300,2000
1431446399,36.8800,36.9000,36.8800,36.8900,1700
1431446437,36.8900,36.8900,36.8900,36.8900,400
1431446481,36.9050,36.9100,36.8900,36.8900,1500
1431446526,36.8900,36.9000,36.8900,36.9000,1700
1431446616,36.9000,36.9100,36.9000,36.9078,1600
1431446696,36.8800,36.8900,36.8800,36.8800,1400
1431446755,36.8800,36.8900,36.8800,36.8800,1500
1431446768,36.8900,36.8900,36.8800,36.8800,400
1431446854,36.8900,36.8900,36.8750,36.8800,1000
1431446923,36.8900,36.8900,36.8800,36.8800,700
1431446940,36.8700,36.8800,36.8700,36.8800,1400
1431447016,36.8600,36.8700,36.8600,36.8700,900
1431447117,36.8500,36.8500,36.8400,36.8400,1700
1431447166,36.8600,36.8600,36.8600,36.8600,100
1431447216,36.8400,36.8550,36.8400,36.8550,1200
1431447277,36.8300,36.8300,36.8300,36.8300,300
1431447305,36.8200,36.8400,36.8200,36.8400,1400
1431447369,36.7600,36.8100,36.7600,36.8100,400
1431447424,36.7800,36.7800,36.7750,36.7800,1000
1431447527,36.7800,36.7845,36.7800,36.7845,2000
1431447659,36.7500,36.7750,36.7500,36.7750,1200
1431447718,36.7600,36.7600,36.7400,36.7500,1700
1431447779,36.7800,36.7800,36.7600,36.7600,600
1431447807,36.8000,36.8000,36.7900,36.7900,500
1431447939,36.8100,36.8100,36.8000,36.8000,1200
1431447960,36.7950,36.8150,36.7900,36.8100,4500
1431448071,36.7750,36.7850,36.7750,36.7850,5800
1431448138,36.8199,36.8200,36.7750,36.7750,6400
1431448199,36.8400,36.8600,36.8150,36.8150,11700
1431448232,36.8300,36.8500,36.8300,36.8500,2200
1431448274,36.8500,36.8600,36.8200,36.8250,3900
1431448358,36.8600,36.8600,36.8500,36.8500,500
1431448440,36.8600,36.8600,36.8600,36.8600,100
1431448555,36.8500,36.8500,36.8500,36.8500,200
1431448604,36.8800,36.8800,36.8600,36.8600,1400
1431448652,36.8800,36.8800,36.8800,36.8800,100
1431448720,36.8900,36.8900,36.8900,36.8900,400
1431448771,36.9100,36.9100,36.9000,36.9000,300
1431448853,36.9200,36.9200,36.9100,36.9100,1300
1431448884,36.9200,36.9200,36.9200,36.9200,200
1431448977,36.9150,36.9150,36.9100,36.9100,2700
1431449032,36.9000,36.9100,36.9000,36.9100,1400
1431449050,36.9000,36.9000,36.9000,36.9000,300
1431449114,36.9000,36.9000,36.9000,36.9000,100
1431449226,36.9200,36.9200,36.9050,36.9100,1100
1431449309,36.9200,36.9200,36.9200,36.9200,200
1431449383,36.9100,36.9100,36.9100,36.9100,800
1431449449,36.9100,36.9100,36.9100,36.9100,100
1431449511,36.9400,36.9400,36.9150,36.9200,1300
1431449586,36.9470,36.9470,36.9470,36.9470,100
1431449661,36.9500,36.9500,36.9450,36.9450,200
1431449756,36.9400,36.9400,36.9400,36.9400,2200
1431449779,36.9300,36.9300,36.9300,36.9300,100
1431450053,36.9300,36.9300,36.9300,36.9300,100
1431450060,36.9300,36.9300,36.9300,36.9300,100
1431450125,36.9300,36.9300,36.9300,36.9300,900
1431450189,36.9500,36.9500,36.9350,36.9350,3900
1431450288,36.9555,36.9555,36.9555,36.9555,100
1431450339,36.9500,36.9500,36.9500,36.9500,200
1431450488,36.9600,36.9600,36.9550,36.9600,500
1431450556,36.9700,36.9700,36.9650,36.9650,700
1431450644,37.0000,37.0000,36.9900,36.9900,1000
1431450832,36.9900,37.0000,36.9900,37.0000,600
1431450890,36.9900,36.9900,36.9900,36.9900,100
1431450923,37.0000,37.0000,36.9900,36.9950,1900
1431450999,37.0000,37.0000,36.9900,36.9900,200
1431451030,36.9900,36.9900,36.9900,36.9900,200
1431451096,36.9900,36.9990,36.9900,36.9980,600
1431451150,36.9800,36.9900,36.9800,36.9900,4100
1431451275,37.0500,37.0500,36.9850,36.9900,5400
1431451377,37.0600,37.0600,37.0500,37.0500,800
1431451442,37.0600,37.0650,37.0600,37.0600,2600
1431451697,37.0400,37.0500,37.0400,37.0500,1900
1431451792,37.0300,37.0400,37.0300,37.0400,1300
1431451807,37.0100,37.0100,37.0100,37.0100,200
1431451871,37.0000,37.0100,37.0000,37.0100,700
1431451953,37.0050,37.0100,37.0050,37.0100,400
1431452053,37.0000,37.0051,37.0000,37.0051,1700
1431452112,36.9900,36.9950,36.9900,36.9900,800
1431452218,36.9900,36.9900,36.9900,36.9900,700
1431452279,36.9700,36.9850,36.9700,36.9800,1400
1431452314,36.9800,36.9800,36.9700,36.9750,300
1431452340,36.9700,36.9700,36.9700,36.9700,800
1431452401,36.9700,36.9750,36.9700,36.9700,900
1431452462,36.9700,36.9700,36.9700,36.9700,1100
1431452636,36.9600,36.9700,36.9600,36.9700,1000
1431452677,36.9500,36.9600,36.9500,36.9600,400
1431452759,36.9400,36.9500,36.9400,36.9500,1600
1431452806,36.9300,36.9400,36.9300,36.9400,500
1431452860,36.9300,36.9300,36.9300,36.9300,900
1431452891,36.9600,36.9600,36.9300,36.9300,4400
1431452983,36.9600,36.9600,36.9600,36.9600,400
1431453048,36.9700,36.9700,36.9500,36.9600,2900
1431453075,36.9700,36.9700,36.9600,36.9600,700
1431453173,36.9700,36.9750,36.9700,36.9700,700
1431453184,36.9500,36.9650,36.9500,36.9600,900
1431453328,36.9700,36.9700,36.9450,36.9500,1600
1431453388,36.9750,36.9750,36.9750,36.9750,200
1431453431,36.9750,36.9750,36.9750,36.9750,100
1431453512,36.9750,36.9750,36.9750,36.9750,100
1431453548,36.9700,36.9800,36.9650,36.9700,10700
1431453624,36.9700,36.9700,36.9700,36.9700,100
1431453660,36.9800,36.9800,36.9700,36.9700,1000
1431453751,36.9800,36.9800,36.9700,36.9700,1500
1431453800,36.9800,36.9850,36.9800,36.9850,300
1431453872,36.9900,36.9900,36.9800,36.9810,5100
1431453952,36.9900,36.9900,36.9900,36.9900,400
1431453976,36.9950,37.0000,36.9850,36.9900,3000
1431454101,36.9900,36.9900,36.9900,36.9900,300
1431454177,36.9900,36.9900,36.9900,36.9900,500
1431454215,37.0000,37.0000,36.9950,37.0000,1700
1431454298,37.0050,37.0100,36.9950,37.0000,9000
1431454356,37.0050,37.0050,37.0000,37.0050,1600
1431454398,37.0050,37.0100,37.0045,37.0050,3200
1431454501,37.0000,37.0000,37.0000,37.0000,300
1431454604,37.0000,37.0000,37.0000,37.0000,800
1431454632,37.0400,37.0400,37.0050,37.0050,5300
1431454689,37.0500,37.0500,37.0400,37.0400,600
1431454784,37.0500,37.0500,37.0500,37.0500,1200
1431454856,37.0600,37.0700,37.0600,37.0600,1600
1431454861,37.0600,37.0600,37.0600,37.0600,100
1431454978,37.0700,37.0700,37.0700,37.0700,500
1431454981,37.0900,37.0900,37.0800,37.0800,1800
1431455080,37.0900,37.0900,37.0900,37.0900,1500
1431455105,37.1100,37.1500,37.1100,37.1100,7800
1431455177,37.0700,37.1000,37.0700,37.1000,400
1431455334,37.0400,37.0800,37.0300,37.0800,6700
1431455386,37.0300,37.0400,37.0300,37.0334,2700
1431455406,37.0375,37.0375,37.0300,37.0300,400
1431455510,37.0200,37.0200,37.0200,37.0200,800
1431455527,37.0200,37.0200,37.0200,37.0200,500
1431455604,37.0100,37.0100,37.0100,37.0100,2100
1431455754,37.0100,37.0100,37.0100,37.0100,100
1431455768,37.0150,37.0200,37.0150,37.0200,2300
1431455853,37.0250,37.0300,37.0200,37.0300,2100
1431455891,37.0295,37.0295,37.0200,37.0200,1600
1431456095,37.0350,37.0400,37.0250,37.0250,2000
1431456126,37.0100,37.0300,37.0100,37.0300,1600
1431456182,37.0100,37.0100,37.0100,37.0100,300
1431456253,37.0200,37.0200,37.0150,37.0200,2000
1431456321,37.0100,37.0100,37.0100,37.0100,200
1431456396,37.0300,37.0300,37.0200,37.0200,700
1431456526,37.0299,37.0299,37.0299,37.0299,300
1431456600,37.0200,37.0300,37.0200,37.0300,2700
1431456719,37.0250,37.0300,37.0250,37.0300,400
1431456725,37.0300,37.0300,37.0250,37.0300,1200
1431456805,37.0250,37.0400,37.0150,37.0300,5700
1431456843,37.0100,37.0300,37.0100,37.0300,600
1431456930,36.9800,37.0000,36.9800,37.0000,2600
1431457055,36.9600,36.9600,36.9600,36.9600,300
1431457115,36.9400,36.9600,36.9400,36.9600,1900
1431457151,36.9500,36.9500,36.9300,36.9400,2100
1431457250,36.9500,36.9550,36.9500,36.9550,800
1431457277,36.9300,36.9300,36.9300,36.9300,500
1431457329,36.9250,36.9300,36.9200,36.9299,800
1431457409,36.9434,36.9500,36.9200,36.9300,7100
1431457446,36.9400,36.9500,36.9400,36.9450,1800
1431457541,36.9200,36.9500,36.9200,36.9500,1100
1431457611,36.9100,36.9200,36.9100,36.9200,1600
1431457621,36.9100,36.9150,36.9000,36.9100,1600
1431457694,36.9001,36.9100,36.9000,36.9000,900
1431457745,36.9000,36.9000,36.8800,36.9000,1400
1431457850,36.8700,36.8900,36.8700,36.8900,700
1431457915,36.8600,36.8700,36.8600,36.8700,1600
1431457967,36.8600,36.8650,36.8550,36.8600,1900
1431457994,36.8500,36.8500,36.8500,36.8500,800
1431458095,36.9050,36.9050,36.8500,36.8500,7300
1431458105,36.9800,36.9800,36.9000,36.9000,6700
1431458162,36.9500,36.9700,36.9500,36.9700,1100
1431458222,36.9300,36.9300,36.9300,36.9300,400
1431458305,36.9100,36.9400,36.9100,36.9300,5100
1431458385,36.9075,36.9100,36.9000,36.9000,1000
1431458424,36.9500,36.9500,36.9050,36.9100,2700
1431458500,36.9400,36.9500,36.9400,36.9400,1000
1431458579,36.9400,36.9400,36.9400,36.9400,1600
1431458582,36.9200,36.9250,36.9200,36.9200,800
1431458681,36.9050,36.9250,36.9000,36.9250,700
1431458707,36.9350,36.9400,36.9050,36.9050,4400
1431458819,36.9300,36.9300,36.9300,36.9300,1400
1431458861,36.9000,36.9200,36.9000,36.9200,1700
1431458889,36.9000,36.9000,36.8900,36.9000,2600
1431458960,36.9300,36.9300,36.8950,36.9000,42400
1431459057,36.9350,36.9400,36.9200,36.9249,3900
1431459108,36.9600,36.9600,36.9500,36.9500,1200
1431459178,36.9600,36.9600,36.9600,36.9600,3000
1431459234,37.0300,37.0300,36.9650,36.9650,10800
1431459270,36.9900,37.0350,36.9900,37.0300,9800
1431459333,36.9800,36.9800,36.9800,36.9800,100
1431459361,37.0000,37.0000,36.9800,36.9800,2600
1431459438,36.9950,37.0000,36.9950,37.0000,1100
1431459533,37.0100,37.0100,37.0050,37.0100,1400
1431459597,36.9800,37.0100,36.9800,37.0100,5700
1431459600,36.9800,36.9850,36.9800,36.9800,1200
1431459718,36.9800,36.9800,36.9700,36.9800,2400
1431459770,36.9900,36.9900,36.9700,36.9800,4900
1431459819,36.9800,36.9800,36.9800,36.9800,100
1431459899,36.9850,36.9900,36.9800,36.9800,1700
1431459951,36.9850,36.9900,36.9800,36.9800,5400
1431460007,37.0000,37.0000,36.9850,36.9900,4700
1431460021,37.0100,37.0100,37.0000,37.0000,1800
1431460087,37.0100,37.0100,37.0000,37.0100,1800
1431460145,37.0000,37.0100,36.9900,37.0100,18500
1431460259,36.9600,36.9700,36.9600,36.9600,3600
1431460319,36.9600,36.9600,36.9600,36.9600,5000
1431460375,36.9500,36.9600,36.9500,36.9600,4100
1431460437,36.9500,36.9600,36.9500,36.9500,3400
1431460495,36.9800,36.9800,36.9500,36.9500,7600
1431460558,36.9700,36.9800,36.9700,36.9800,9000
1431460616,36.9700,36.9800,36.9700,36.9800,2800
1431460678,36.9500,36.9700,36.9500,36.9700,10200
1431460680,36.9500,36.9700,36.9500,36.9500,3400
1431460741,36.9700,36.9700,36.9700,36.9700,0
1431460799,36.9300,36.9700,36.9200,36.9500,30500
1431460800,36.9300,36.9300,36.9300,36.9300,22700
                                                                                                                                                                                                                                       