uri:/instrument/1.0/FGEN/chartdata;type=quote;range=1d/csv
ticker:fgen
Company-Name:FibroGen, Inc
Exchange-Name:NMS
unit:MIN
timezone:EDT
currency:USD
gmtoffset:-14400
previous_close:24.6100
Timestamp:1431437400,1431460800
labels:1431439200,1431442800,1431446400,1431450000,1431453600,1431457200,1431460800
values:Timestamp,close,high,low,open,volume
close:23.7130,24.5000
high:23.7130,24.5000
low:23.6700,24.5000
open:23.7000,24.5000
volume:100,3600
1431437400,24.5000,24.5000,24.5000,24.5000,800
1431437570,24.5000,24.5000,24.5000,24.5000,2200
1431437638,24.3600,24.3600,24.1300,24.1301,3400
1431437646,24.3200,24.3200,24.3200,24.3200,300
1431437712,24.1600,24.2000,24.1600,24.2000,700
1431437787,24.4000,24.4000,24.4000,24.4000,200
1431437921,24.0590,24.4100,24.0590,24.4100,1300
1431437963,24.2500,24.2500,24.2500,24.2500,200
1431438003,24.1400,24.3000,24.1280,24.3000,600
1431438081,24.2600,24.3000,24.2000,24.3000,700
1431438148,24.2900,24.2900,24.2900,24.2900,300
1431438237,23.9400,24.1700,23.9400,24.1700,1800
1431438319,23.8700,23.8700,23.8700,23.8700,100
1431438376,23.9600,23.9600,23.8500,23.8500,700
1431438644,23.8100,23.8900,23.7800,23.7800,600
1431438663,23.8700,23.9000,23.8419,23.8900,1300
1431438754,23.8900,24.1500,23.8900,24.1500,200
1431438791,24.0000,24.0750,24.0000,24.0750,1300
1431438901,24.0200,24.1400,23.9750,23.9750,1000
1431439012,24.0300,24.0420,24.0300,24.0420,600
1431439056,24.0900,24.0900,23.9900,23.9900,200
1431439219,23.9700,23.9700,23.9700,23.9700,100
1431439297,23.9100,23.9100,23.9100,23.9100,100
1431439353,23.7500,23.8300,23.7500,23.8300,400
1431439426,23.7220,23.7220,23.7130,23.7130,300
1431439479,23.7130,23.7130,23.7130,23.7130,100
1431439506,23.7800,23.7800,23.6700,23.7000,1200
1431439560,23.8500,23.8500,23.6990,23.7800,2100
1431439623,23.7590,23.7590,23.7590,23.7590,200
1431439793,23.9600,23.9600,23.9400,23.9400,200
1431439851,23.7520,23.7520,23.7520,23.7520,100
1431440020,23.8800,23.8800,23.8000,23.8000,1300
1431440124,23.8600,23.8600,23.8600,23.8600,100
1431440211,23.8300,23.8600,23.8300,23.8600,1000
1431440278,23.8300,23.8300,23.8000,23.8300,700
1431440344,23.8250,23.8600,23.8000,23.8300,800
1431440505,23.8400,23.8400,23.8300,23.8300,200
1431440574,23.9399,23.9399,23.8500,23.8500,1300
1431440629,24.0100,24.0800,24.0100,24.0400,500
1431440697,24.1400,24.1700,24.0200,24.1000,2000
1431440751,24.2045,24.2700,24.1500,24.1600,2600
1431440782,24.1100,24.2200,24.0901,24.2200,1000
1431440832,23.9900,24.2000,23.9900,24.2000,1300
1431440902,24.0800,24.1000,24.0700,24.1000,400
1431440999,24.2200,24.2300,24.0100,24.0500,2400
1431441000,24.2150,24.2150,24.2150,24.2150,700
1431441096,24.1100,24.1100,24.1100,24.1100,100
1431441176,24.0900,24.0900,24.0800,24.0895,300
1431441236,24.2350,24.2350,24.0900,24.0900,1200
1431441243,24.3500,24.3700,24.2500,24.2500,1600
1431441395,24.2500,24.2500,24.2500,24.2500,100
1431441587,24.1870,24.2700,24.1700,24.2700,300
1431441611,24.2500,24.3400,24.2500,24.3400,400
1431441787,24.2900,24.2900,24.2900,24.2900,100
1431441908,24.3900,24.3900,24.3300,24.3300,600
1431441981,24.4000,24.4000,24.4000,24.4000,100
1431442047,24.4050,24.4050,24.4050,24.4050,100
1431442099,24.3900,24.3900,24.3900,24.3900,200
1431442364,24.2600,24.3200,24.2600,24.3200,600
1431442545,24.2180,24.2180,24.2180,24.2180,200
1431442683,24.2150,24.2800,24.2150,24.2800,300
1431442970,24.2300,24.2300,24.2100,24.2100,400
1431443056,24.2100,24.2100,24.2100,24.2100,300
1431443141,24.2100,24.2100,24.2100,24.2100,200
1431443250,24.1900,24.1900,24.1900,24.1900,100
1431443307,24.1900,24.1900,24.1900,24.1900,400
1431443434,24.1500,24.1500,24.1500,24.1500,200
1431443524,24.2000,24.2000,24.1664,24.1664,700
1431443691,24.1400,24.2100,24.1400,24.2000,500
1431443832,24.2050,24.2050,24.2050,24.2050,200
1431443893,24.1750,24.1750,24.1750,24.1750,100
1431443959,24.1700,24.1700,24.1700,24.1700,100
1431444027,24.1350,24.1450,24.1350,24.1450,500
1431444089,24.1700,24.1700,24.1700,24.1700,100
1431444171,24.2900,24.2900,24.1700,24.1700,1700
1431444207,24.2850,24.3100,24.2850,24.3100,300
1431444269,24.3100,24.3100,24.3100,24.3100,100
1431444385,24.2300,24.2300,24.2300,24.2300,100
1431444559,24.1700,24.1700,24.1700,24.1700,100
1431444744,24.1550,24.2000,24.1550,24.2000,200
1431444785,24.2000,24.2000,24.1400,24.1650,1500
1431444873,24.1800,24.1900,24.1800,24.1900,400
1431444958,24.2300,24.2300,24.1900,24.1900,300
1431445013,24.1400,24.1500,24.1305,24.1500,1200
1431445024,24.1000,24.1400,24.1000,24.1000,2100
1431445090,24.1100,24.1100,24.1100,24.1100,200
1431445143,24.1500,24.1500,24.1100,24.1100,300
1431445241,24.1330,24.1330,24.1330,24.1330,100
1431445646,24.2400,24.2400,24.2400,24.2400,300
1431445818,24.0800,24.0850,24.0800,24.0850,200
1431445918,24.1000,24.1000,24.1000,24.1000,200
1431445940,24.1000,24.1000,24.1000,24.1000,300
1431446049,24.1000,24.1000,24.1000,24.1000,100
1431446161,24.1000,24.1000,24.1000,24.1000,600
1431446244,24.1300,24.1300,24.1100,24.1100,500
1431446336,24.1900,24.1900,24.1200,24.1400,300
1431446416,24.2000,24.2000,24.1900,24.1900,300
1431446597,24.2000,24.2000,24.2000,24.2000,400
1431446781,24.1200,24.1200,24.1200,24.1200,100
1431446828,24.1200,24.1200,24.1200,24.1200,100
1431446969,24.1000,24.1000,24.1000,24.1000,300
1431447071,24.0250,24.0250,24.0250,24.0250,100
1431447300,24.0500,24.0500,24.0500,24.0500,200
1431447518,24.0900,24.0900,24.0900,24.0900,200
1431447561,24.1050,24.1050,24.1050,24.1050,100
1431447647,24.0500,24.0700,24.0500,24.0700,900
1431447666,24.0500,24.0700,24.0500,24.0700,500
1431447728,24.0500,24.0500,24.0500,24.0500,100
1431447831,24.0600,24.0600,24.0500,24.0500,200
1431448189,24.0500,24.0724,24.0500,24.0724,300
1431448241,24.0200,24.0600,24.0200,24.0600,200
1431448323,23.9800,23.9900,23.9800,23.9900,300
1431448459,24.0000,24.0000,23.9900,23.9900,500
1431448574,24.0400,24.0400,24.0000,24.0000,600
1431448759,24.0400,24.0400,24.0400,24.0400,100
1431448818,24.0400,24.0400,24.0400,24.0400,200
1431448983,24.0100,24.0100,24.0100,24.0100,100
1431449148,24.0000,24.0000,24.0000,24.0000,200
1431449327,24.0500,24.0500,24.0000,24.0500,300
1431449384,24.0100,24.0100,24.0100,24.0100,100
1431449438,24.0000,24.0000,24.0000,24.0000,100
1431449495,24.0000,24.0000,24.0000,24.0000,100
1431449753,24.0700,24.0700,24.0100,24.0100,200
1431449766,24.0700,24.0700,24.0000,24.0000,500
1431449874,23.9700,23.9900,23.9700,23.9900,200
1431449931,23.9900,23.9900,23.9900,23.9900,100
1431449950,23.9900,23.9900,23.9900,23.9900,200
1431450015,23.9500,24.0000,23.9500,24.0000,300
1431450278,23.9800,23.9800,23.9800,23.9800,100
1431450327,23.9900,23.9900,23.9900,23.9900,200
1431450389,24.0000,24.0000,24.0000,24.0000,500
1431450472,24.0100,24.0100,24.0100,24.0100,100
1431450718,24.1200,24.1200,24.1000,24.1000,200
1431450732,24.0480,24.0480,24.0480,24.0480,100
1431450834,24.0150,24.0150,24.0150,24.0150,100
1431451072,24.0480,24.0480,24.0480,24.0480,100
1431451139,24.0940,24.0940,24.0940,24.0940,100
1431451151,24.2100,24.2100,24.2100,24.2100,100
1431451259,24.1005,24.1900,24.0900,24.0900,600
1431451299,24.0700,24.1000,24.0700,24.1000,700
1431451365,24.0700,24.1000,24.0500,24.1000,600
1431451457,24.0600,24.0600,24.0600,24.0600,100
1431451616,24.1200,24.1200,24.1200,24.1200,100
1431451790,23.9900,24.0500,23.9900,24.0500,500
1431451838,24.0000,24.0000,23.9900,23.9900,500
1431451899,23.9500,24.0000,23.9500,24.0000,300
1431451966,23.9900,23.9900,23.9501,23.9750,300
1431451980,23.9800,23.9800,23.9700,23.9700,400
1431452080,23.9800,23.9800,23.9800,23.9800,200
1431452199,24.0000,24.0000,24.0000,24.0000,200
1431452540,24.0700,24.0700,24.0700,24.0700,200
1431452723,24.0000,24.0000,24.0000,24.0000,200
1431452787,24.0000,24.0000,24.0000,24.0000,300
1431452849,24.0000,24.0000,24.0000,24.0000,200
1431453043,23.9900,23.9900,23.9900,23.9900,200
1431453326,23.9500,23.9500,23.9500,23.9500,100
1431453454,23.9900,23.9900,23.9900,23.9900,100
1431453621,23.9900,23.9999,23.9900,23.9999,200
1431453777,23.9900,23.9900,23.9500,23.9500,1800
1431453950,23.9300,23.9400,23.9300,23.9400,200
1431454094,23.9500,23.9500,23.9500,23.9500,200
1431454177,23.9200,23.9200,23.9000,23.9000,600
1431454256,23.9511,23.9511,23.9300,23.9300,800
1431454297,23.9200,23.9300,23.9200,23.9300,200
1431454365,23.9400,23.9400,23.9400,23.9400,100
1431454467,23.9350,23.9700,23.9350,23.9350,1800
1431454619,23.9500,23.9500,23.9500,23.9500,100
1431454702,23.9100,23.9100,23.9100,23.9100,100
1431454833,23.9500,23.9500,23.9500,23.9500,100
1431455205,23.9400,23.9400,23.9400,23.9400,100
1431455357,23.9400,23.9400,23.9400,23.9400,100
1431455426,23.9500,23.9500,23.9200,23.9200,1000
1431455494,23.9300,23.9400,23.9300,23.9400,300
1431455616,23.9100,23.9100,23.9100,23.9100,300
1431455789,23.9300,23.9300,23.9300,23.9300,400
1431455908,23.9400,23.9400,23.9400,23.9400,300
1431456209,23.9800,23.9800,23.9800,23.9800,200
1431456569,23.9200,23.9200,23.9100,23.9112,400
1431456649,23.9200,23.9200,23.9000,23.9200,1000
1431456807,23.9100,23.9100,23.8900,23.8900,400
1431456854,23.8500,23.8500,23.8500,23.8500,200
1431457081,23.8000,23.8700,23.8000,23.8400,3600
1431457249,23.8200,23.8200,23.8200,23.8200,100
1431457326,23.8300,23.8300,23.8300,23.8300,200
1431457391,23.8400,23.8400,23.8300,23.8300,500
1431457444,23.8450,23.8450,23.8450,23.8450,100
1431457539,23.8400,23.8400,23.8400,23.8400,300
1431457635,23.8500,23.8500,23.8490,23.8490,1000
1431457865,23.8800,23.8800,23.8800,23.8800,400
1431458032,23.8900,23.8900,23.8500,23.8500,500
1431458051,23.8900,23.8900,23.8900,23.8900,100
1431458356,23.8900,23.8900,23.8900,23.8900,100
1431458455,23.9200,23.9200,23.8900,23.8900,300
1431458501,23.9300,23.9300,23.9300,23.9300,100
1431458536,23.9300,23.9300,23.9300,23.9300,100
1431458687,23.9100,23.9100,23.9100,23.9100,100
1431458724,23.8900,23.8900,23.8900,23.8900,100
1431458781,23.8900,23.8900,23.8900,23.8900,300
1431458820,23.8700,23.8700,23.8700,23.8700,100
1431458953,23.8800,23.8800,23.8800,23.8800,200
1431459031,23.8500,23.8700,23.8500,23.8700,200
1431459070,23.8500,23.8500,23.8500,23.8500,100
1431459145,23.8500,23.8500,23.8500,23.8500,500
1431459319,23.8350,23.8350,23.8350,23.8350,100
1431459391,23.8100,23.8100,23.8100,23.8100,100
1431459447,23.8600,23.8600,23.8600,23.8600,100
1431459514,23.8380,23.8380,23.8380,23.8380,400
1431459587,23.8000,23.8000,23.8000,23.8000,700
1431459604,23.8200,23.8200,23.8100,23.8168,1100
1431459669,23.8200,23.8200,23.8000,23.8200,900
1431459785,23.8200,23.8200,23.8200,23.8200,500
1431459885,23.8400,23.8400,23.8400,23.8400,100
1431459969,23.8500,23.8500,23.8500,23.8500,200
1431460079,23.8500,23.8500,23.8500,23.8500,300
1431460098,23.8500,23.8500,23.8500,23.8500,100
1431460204,23.8500,23.8500,23.8500,23.8500,300
1431460298,23.8400,23.8500,23.8400,23.8500,300
1431460347,23.8400,23.8400,23.8200,23.8200,200
1431460392,23.8400,23.8400,23.8400,23.8400,200
1431460496,23.8100,23.8100,23.8100,23.8100,100
1431460544,23.8400,23.8400,23.8400,23.8400,300
1431460581,23.8000,23.8000,23.8000,23.8000,400
1431460630,23.8000,23.8000,23.8000,23.8000,800
1431460686,23.8000,23.8100,23.8000,23.8000,1000
1431460743,23.8600,23.8600,23.8000,23.8000,1600
1431460800,23.8100,23.8100,23.8100,23.8100,2500
                                                                                                                  