uri:/instrument/1.0/FNSR/chartdata;type=quote;range=1d/csv
ticker:fnsr
Company-Name:Finisar Corporation
Exchange-Name:NMS
unit:MIN
timezone:EDT
currency:USD
gmtoffset:-14400
previous_close:21.3300
Timestamp:1431437400,1431460800
labels:1431439200,1431442800,1431446400,1431450000,1431453600,1431457200,1431460800
values:Timestamp,close,high,low,open,volume
close:20.9500,21.4300
high:20.9800,21.4300
low:20.9100,21.4300
open:20.9400,21.4300
volume:0,53600
1431437400,21.2500,21.2500,21.2500,21.2500,3500
1431437461,21.2900,21.2900,21.2100,21.2500,2200
1431437586,21.1900,21.2400,21.1900,21.2100,600
1431437678,21.1500,21.1500,21.1000,21.1200,1600
1431437723,21.1600,21.1600,21.1480,21.1480,1100
1431437764,21.1850,21.1850,21.1850,21.1850,1200
1431437849,21.2300,21.2300,21.2100,21.2100,400
1431437881,21.2900,21.2900,21.2900,21.2900,100
1431437950,21.2800,21.2800,21.2800,21.2800,400
1431438018,21.2400,21.2400,21.2000,21.2400,400
1431438111,21.2300,21.2400,21.2300,21.2400,300
1431438203,21.1200,21.2000,21.1200,21.1500,1300
1431438258,21.1900,21.1900,21.1300,21.1300,300
1431438357,21.0300,21.1000,21.0300,21.1000,300
1431438376,21.0300,21.0300,21.0300,21.0300,100
1431438536,21.0700,21.0900,21.0200,21.0400,2600
1431438599,21.1200,21.2000,21.0800,21.0800,3100
1431438655,21.0900,21.1500,21.0600,21.1200,4800
1431438714,21.0792,21.0792,21.0300,21.0700,6000
1431438725,21.0000,21.1400,21.0000,21.1400,5400
1431438833,21.0900,21.0900,21.0200,21.0200,3800
1431438844,21.0300,21.0700,21.0000,21.0700,3500
1431438938,21.0900,21.0900,21.0700,21.0700,600
1431438996,21.0550,21.1250,21.0300,21.1000,1700
1431439088,20.9800,21.0100,20.9700,21.0100,2700
1431439148,21.0200,21.0200,21.0200,21.0200,100
1431439204,21.0100,21.0100,20.9600,20.9800,900
1431439297,20.9600,21.0100,20.9100,21.0100,1900
1431439439,20.9900,20.9900,20.9600,20.9600,500
1431439572,21.0300,21.0300,21.0300,21.0300,100
1431439635,20.9700,20.9900,20.9700,20.9900,800
1431439730,21.0300,21.0300,20.9800,20.9800,800
1431439858,20.9500,21.0300,20.9500,21.0300,14100
1431439909,20.9600,20.9800,20.9200,20.9400,14500
1431439963,20.9600,21.0000,20.9600,21.0000,2700
1431440008,21.0100,21.0200,20.9900,20.9900,1200
1431440093,21.0100,21.0200,20.9900,21.0200,900
1431440141,21.0300,21.0300,21.0200,21.0200,800
1431440247,21.0500,21.1000,21.0500,21.0500,1000
1431440312,21.0100,21.0350,21.0000,21.0200,800
1431440381,21.0000,21.0100,20.9800,21.0100,600
1431440495,21.0000,21.0000,20.9800,20.9900,500
1431440602,20.9500,20.9800,20.9500,20.9800,1100
1431440657,21.0300,21.0300,20.9800,20.9800,700
1431440727,21.0400,21.0400,21.0250,21.0250,700
1431440865,21.0100,21.0100,21.0100,21.0100,100
1431440981,21.0000,21.0100,21.0000,21.0000,800
1431441070,20.9700,21.0300,20.9500,21.0100,3700
1431441130,21.0150,21.0150,20.9800,20.9800,500
1431441212,21.0500,21.0700,21.0500,21.0700,1100
1431441357,21.0450,21.0453,21.0450,21.0453,300
1431441537,21.0600,21.0700,21.0500,21.0500,3800
1431441586,21.0200,21.0600,21.0200,21.0600,2500
1431441629,21.0350,21.0400,21.0300,21.0400,500
1431441814,21.0200,21.0200,21.0200,21.0200,300
1431441948,21.0400,21.0400,21.0250,21.0250,3900
1431442012,21.0600,21.0600,21.0450,21.0600,2400
1431442074,21.0550,21.0550,21.0550,21.0550,100
1431442129,21.0600,21.0600,21.0600,21.0600,100
1431442199,21.0700,21.0900,21.0599,21.0600,5800
1431442259,21.0650,21.0800,21.0600,21.0700,1300
1431442293,21.0500,21.0800,21.0500,21.0800,7500
1431442356,21.0900,21.0900,21.0600,21.0600,1100
1431442439,21.0800,21.0800,21.0500,21.0700,6200
1431442455,21.0700,21.0750,21.0650,21.0700,3000
1431442545,21.0600,21.0700,21.0600,21.0700,1800
1431442662,21.0500,21.0500,21.0400,21.0500,700
1431442700,21.0400,21.0400,21.0400,21.0400,100
1431442745,21.0250,21.0250,21.0200,21.0201,600
1431442979,21.0250,21.0400,21.0110,21.0110,2400
1431443030,21.0400,21.0400,21.0250,21.0250,700
1431443089,21.0500,21.0500,21.0400,21.0400,900
1431443152,21.0700,21.0750,21.0500,21.0500,4600
1431443214,21.0900,21.0900,21.0650,21.0800,3800
1431443243,21.0750,21.1200,21.0750,21.1200,800
1431443458,21.0800,21.0800,21.0750,21.0750,400
1431443510,21.1100,21.1100,21.1000,21.1000,400
1431443539,21.1000,21.1000,21.1000,21.1000,100
1431443609,21.1000,21.1000,21.0901,21.0901,300
1431443754,21.1000,21.1100,21.1000,21.1000,1000
1431443833,21.0750,21.1100,21.0750,21.1054,800
1431443897,21.0900,21.0900,21.0600,21.0700,1300
1431444026,21.0800,21.0800,21.0800,21.0800,100
1431444083,21.1128,21.1300,21.1000,21.1000,800
1431444200,21.1600,21.1600,21.1400,21.1400,2400
1431444274,21.1700,21.2000,21.1700,21.1800,1500
1431444406,21.1700,21.1700,21.1700,21.1700,500
1431444524,21.1500,21.1500,21.1500,21.1500,100
1431444618,21.1400,21.1400,21.1300,21.1300,200
1431444943,21.1500,21.1600,21.1400,21.1400,1900
1431444994,21.1400,21.1500,21.1400,21.1500,700
1431445028,21.1300,21.1300,21.1300,21.1300,200
1431445137,21.1300,21.1300,21.1300,21.1300,200
1431445142,21.1500,21.1500,21.1300,21.1300,500
1431445559,21.2100,21.2100,21.1500,21.1500,1700
1431445575,21.1800,21.1900,21.1800,21.1900,1000
1431445647,21.1500,21.1600,21.1400,21.1600,2500
1431445687,21.1500,21.1700,21.1400,21.1600,4300
1431445770,21.2100,21.2100,21.1600,21.1700,6400
1431445822,21.2000,21.2000,21.1800,21.1800,400
1431446126,21.1700,21.1700,21.1700,21.1700,100
1431446187,21.1800,21.1800,21.1800,21.1800,300
1431446243,21.1600,21.1700,21.1600,21.1700,400
1431446396,21.1400,21.1400,21.1400,21.1400,800
1431446412,21.1400,21.1400,21.1400,21.1400,200
1431446635,21.2000,21.2000,21.1100,21.1400,53600
1431446653,21.1800,21.1900,21.1800,21.1900,600
1431446764,21.1900,21.1900,21.1900,21.1900,100
1431446871,21.1900,21.1900,21.1900,21.1900,100
1431446999,21.1600,21.1700,21.1200,21.1700,3300
1431447039,21.1200,21.1600,21.1200,21.1600,1000
1431447113,21.1200,21.1200,21.1200,21.1200,100
1431447164,21.1300,21.1300,21.1300,21.1300,300
1431447222,21.1400,21.1400,21.1400,21.1400,500
1431447272,21.1400,21.1500,21.1400,21.1500,500
1431447340,21.1500,21.1600,21.1400,21.1600,800
1431447372,21.1500,21.1500,21.1500,21.1500,500
1431447477,21.1800,21.1800,21.1800,21.1800,200
1431447539,21.1800,21.1800,21.1800,21.1800,500
1431447540,21.1800,21.1800,21.1800,21.1800,500
1431447664,21.1500,21.1600,21.1500,21.1600,800
1431447766,21.1600,21.1600,21.1600,21.1600,200
1431447880,21.1800,21.1800,21.1800,21.1800,100
1431448090,21.1800,21.1800,21.1800,21.1800,300
1431448172,21.1600,21.1850,21.1600,21.1850,1300
1431448373,21.1700,21.1700,21.1700,21.1700,300
1431448470,21.1800,21.1800,21.1800,21.1800,100
1431448599,21.2200,21.2200,21.1700,21.1800,1100
1431448640,21.2300,21.2300,21.2300,21.2300,900
1431449014,21.2500,21.2500,21.2500,21.2500,100
1431449149,21.2500,21.2500,21.2500,21.2500,1600
1431449186,21.2500,21.2500,21.2450,21.2500,500
1431449244,21.2500,21.2500,21.2500,21.2500,400
1431449393,21.2600,21.2600,21.2600,21.2600,100
1431449420,21.2700,21.2700,21.2600,21.2600,400
1431449472,21.3100,21.3100,21.2700,21.2700,1100
1431449536,21.3100,21.3100,21.3100,21.3100,300
1431449723,21.3100,21.3100,21.3100,21.3100,400
1431449939,21.3100,21.3100,21.3000,21.3000,3300
1431449992,21.3200,21.3200,21.3070,21.3100,1900
1431450044,21.3100,21.3100,21.3100,21.3100,300
1431450135,21.3000,21.3100,21.2900,21.3100,2100
1431450297,21.2800,21.2800,21.2800,21.2800,100
1431450345,21.3000,21.3000,21.2900,21.2900,1000
1431450415,21.3300,21.3300,21.3200,21.3200,1100
1431450479,21.3200,21.3300,21.3200,21.3300,900
1431450499,21.3200,21.3200,21.3200,21.3200,200
1431450554,21.3200,21.3200,21.3200,21.3200,100
1431450658,21.3700,21.3700,21.3200,21.3200,1300
1431450717,21.3600,21.3600,21.3500,21.3500,300
1431450722,21.3700,21.3700,21.3700,21.3700,100
1431450930,21.3400,21.3638,21.3400,21.3638,1700
1431451069,21.3300,21.3300,21.3300,21.3300,200
1431451314,21.3500,21.3500,21.3400,21.3400,700
1431451365,21.3500,21.3500,21.3500,21.3500,200
1431451435,21.3600,21.3700,21.3600,21.3600,700
1431451559,21.3100,21.3500,21.3100,21.3500,6000
1431451619,21.3400,21.3500,21.3100,21.3100,12900
1431451676,21.3500,21.3500,21.3300,21.3400,13600
1431451796,21.3400,21.3400,21.3400,21.3400,400
1431451805,21.3700,21.3700,21.3500,21.3500,4300
1431452002,21.3500,21.3600,21.3500,21.3500,800
1431452046,21.3500,21.3500,21.3500,21.3500,100
1431452118,21.3600,21.3600,21.3500,21.3500,1100
1431452513,21.3488,21.3488,21.3488,21.3488,400
1431452594,21.3500,21.3500,21.3500,21.3500,100
1431452790,21.3400,21.3400,21.3400,21.3400,1500
1431452939,21.3500,21.3500,21.3443,21.3443,1200
1431452942,21.3500,21.3500,21.3500,21.3500,1000
1431453213,21.3400,21.3400,21.3400,21.3400,800
1431453296,21.3400,21.3400,21.3400,21.3400,800
1431453303,21.3500,21.3500,21.3500,21.3500,200
1431453675,21.3600,21.3600,21.3600,21.3600,100
1431453729,21.3500,21.3500,21.3500,21.3500,200
1431453790,21.3500,21.3500,21.3500,21.3500,1000
1431453952,21.3500,21.3500,21.3500,21.3500,300
1431454016,21.3800,21.3900,21.3500,21.3500,3900
1431454082,21.3800,21.3800,21.3800,21.3800,100
1431454225,21.3800,21.3800,21.3800,21.3800,700
1431454274,21.3800,21.3800,21.3800,21.3800,700
1431454377,21.3900,21.3900,21.3800,21.3800,600
1431454439,21.3800,21.3800,21.3800,21.3800,900
1431454493,21.3750,21.3750,21.3750,21.3750,100
1431454611,21.3700,21.3800,21.3600,21.3800,1500
1431454704,21.3700,21.3700,21.3700,21.3700,100
1431454841,21.3900,21.3900,21.3701,21.3701,1500
1431454901,21.4000,21.4000,21.4000,21.4000,1100
1431454973,21.4100,21.4100,21.4000,21.4000,300
1431455069,21.3800,21.4100,21.3800,21.4100,1200
1431455194,21.4000,21.4000,21.4000,21.4000,200
1431455270,21.4100,21.4200,21.4100,21.4200,800
1431455390,21.4101,21.4300,21.4101,21.4300,1100
1431455432,21.4300,21.4300,21.4200,21.4200,400
1431455618,21.4300,21.4300,21.4300,21.4300,100
1431455640,21.4300,21.4300,21.3900,21.4100,1600
1431455749,21.4100,21.4100,21.4000,21.4100,600
1431455807,21.4100,21.4100,21.4000,21.4000,900
1431455878,21.4300,21.4300,21.4200,21.4200,400
1431455883,21.4300,21.4300,21.4300,21.4300,500
1431456126,21.4100,21.4100,21.4100,21.4100,600
1431456224,21.3900,21.4000,21.3900,21.4000,500
1431456277,21.4000,21.4000,21.4000,21.4000,100
1431456300,21.4000,21.4000,21.4000,21.4000,300
1431456366,21.4000,21.4000,21.4000,21.4000,100
1431456462,21.4000,21.4000,21.3900,21.4000,700
1431456591,21.3900,21.3900,21.3900,21.3900,300
1431456611,21.4000,21.4000,21.3900,21.3900,1700
1431456683,21.3900,21.3900,21.3800,21.3800,400
1431456930,21.3700,21.3900,21.3700,21.3900,2400
1431456966,21.3600,21.3600,21.3600,21.3600,500
1431457160,21.3600,21.3600,21.3500,21.3500,4000
1431457302,21.3800,21.3800,21.3800,21.3800,100
1431457324,21.3600,21.3700,21.3600,21.3700,1800
1431457482,21.3600,21.3700,21.3600,21.3700,1800
1431457539,21.3400,21.3500,21.3400,21.3500,1600
1431457573,21.3500,21.3500,21.3400,21.3400,1000
1431457737,21.3700,21.3700,21.3500,21.3500,1000
1431457786,21.3800,21.3800,21.3750,21.3800,1200
1431457814,21.3700,21.3700,21.3700,21.3700,100
1431457896,21.3700,21.3700,21.3700,21.3700,500
1431458024,21.3400,21.3432,21.3400,21.3432,200
1431458044,21.3600,21.3700,21.3600,21.3600,2100
1431458153,21.3516,21.3516,21.3500,21.3500,1500
1431458222,21.3500,21.3500,21.3500,21.3500,100
1431458317,21.3300,21.3500,21.3300,21.3500,600
1431458344,21.3200,21.3300,21.3200,21.3200,1000
1431458438,21.3316,21.3316,21.3316,21.3316,200
1431458476,21.3400,21.3400,21.3300,21.3300,900
1431458548,21.3400,21.3450,21.3400,21.3450,300
1431458598,21.3400,21.3400,21.3400,21.3400,100
1431458680,21.3200,21.3400,21.3200,21.3400,1100
1431458806,21.3200,21.3300,21.3200,21.3300,2500
1431458827,21.3001,21.3200,21.3001,21.3200,1300
1431458935,21.3100,21.3116,21.3100,21.3116,500
1431458943,21.3016,21.3016,21.3000,21.3000,400
1431459059,21.3000,21.3016,21.3000,21.3016,300
1431459112,21.3400,21.3400,21.3000,21.3000,2600
1431459130,21.3200,21.3300,21.3200,21.3300,700
1431459232,21.3200,21.3200,21.3200,21.3200,100
1431459269,21.3200,21.3200,21.3200,21.3200,300
1431459335,21.2900,21.3100,21.2900,21.3100,1900
1431459415,21.2900,21.3000,21.2900,21.2900,3500
1431459466,21.2900,21.3100,21.2700,21.2950,20000
1431459529,21.2600,21.2900,21.2500,21.2900,5000
1431459540,21.2400,21.2600,21.2400,21.2600,2600
1431459659,21.2400,21.2700,21.2400,21.2400,5000
1431459714,21.2200,21.2400,21.2200,21.2400,3900
1431459768,21.2000,21.2300,21.1900,21.2300,16100
1431459784,21.2000,21.2000,21.2000,21.2000,800
1431459896,21.2000,21.2100,21.2000,21.2100,5200
1431459941,21.2000,21.2050,21.2000,21.2000,3800
1431459991,21.1900,21.1900,21.1800,21.1900,2200
1431460079,21.1800,21.1900,21.1700,21.1900,19200
1431460125,21.1900,21.1900,21.1800,21.1800,6300
1431460180,21.1900,21.1900,21.1850,21.1850,1700
1431460258,21.2100,21.2100,21.2000,21.2100,11400
1431460316,21.1900,21.2100,21.1900,21.2100,4400
1431460379,21.2000,21.2000,21.1900,21.1900,2200
1431460384,21.2000,21.2100,21.2000,21.2000,18700
1431460472,21.2000,21.2100,21.2000,21.2000,10300
1431460557,21.1950,21.2050,21.1900,21.2000,11400
1431460618,21.2000,21.2000,21.1900,21.2000,2800
1431460679,21.1600,21.2000,21.1600,21.1950,15300
1431460680,21.1550,21.1600,21.1500,21.1600,36500
1431460741,21.2100,21.2100,21.2100,21.2100,0
1431460754,21.1550,21.1550,21.1550,21.1550,700
                                                                                                                                                                             