uri:/instrument/1.0/GEVO/chartdata;type=quote;range=1d/csv
ticker:gevo
Company-Name:Gevo, Inc.
Exchange-Name:NCM
unit:MIN
timezone:EDT
currency:USD
gmtoffset:-14400
previous_close:4.6800
Timestamp:1431437400,1431460800
labels:1431439200,1431442800,1431446400,1431450000,1431453600,1431457200,1431460800
values:Timestamp,close,high,low,open,volume
close:4.5599,5.3856
high:4.5600,5.4000
low:4.5300,5.3000
open:4.5563,5.3502
volume:0,1047800
1431437459,4.7200,4.7500,4.5600,4.5600,136500
1431437460,4.7499,4.7499,4.6500,4.6800,45900
1431437576,4.8899,4.9300,4.7500,4.7500,120500
1431437637,4.8330,4.9900,4.8200,4.9700,141200
1431437699,4.9000,4.9000,4.8000,4.8500,45400
1431437759,4.9102,4.9300,4.8501,4.9000,60200
1431437819,5.0000,5.0700,4.9200,4.9200,183500
1431437879,5.1599,5.1699,5.0101,5.0200,188700
1431437880,5.1001,5.1800,5.0300,5.1600,189800
1431437996,5.1370,5.1500,5.0600,5.1400,92300
1431438000,5.1395,5.1701,5.1000,5.1245,74600
1431438063,5.1020,5.1500,5.1000,5.1200,43700
1431438179,5.2600,5.2600,5.1100,5.1297,108600
1431438239,5.1801,5.2700,5.1500,5.2600,155900
1431438295,5.2300,5.2700,5.1900,5.1900,62400
1431438359,5.3856,5.4000,5.2350,5.2398,175400
1431438419,5.3300,5.3800,5.3000,5.3500,114300
1431438479,5.3140,5.3900,5.2600,5.3502,103600
1431438539,5.2650,5.3300,5.2500,5.3133,84400
1431438598,5.1500,5.2700,5.1500,5.2644,95800
1431438659,5.1000,5.1900,5.0600,5.1600,200100
1431438660,5.1260,5.1446,5.0800,5.1000,78800
1431438779,5.1500,5.1600,5.1000,5.1000,59700
1431438834,5.1900,5.2000,5.1399,5.1500,61500
1431438899,5.2690,5.3000,5.2000,5.2000,130100
1431438955,5.2361,5.2900,5.2000,5.2816,42700
1431438960,5.1847,5.2399,5.1700,5.2399,29500
1431439077,5.1500,5.1800,5.1300,5.1800,28600
1431439134,5.2000,5.2048,5.1518,5.1552,28800
1431439141,5.1500,5.2001,5.1500,5.2000,22100
1431439201,5.1900,5.1900,5.1400,5.1600,17200
1431439317,5.1501,5.1900,5.1500,5.1900,29500
1431439378,5.0300,5.1500,5.0300,5.1500,56300
1431439438,5.0000,5.0600,5.0000,5.0452,92900
1431439496,5.0300,5.0400,5.0000,5.0000,54500
1431439500,5.0800,5.0900,5.0300,5.0310,45000
1431439617,5.0700,5.0800,5.0600,5.0799,24900
1431439679,5.0801,5.0900,5.0700,5.0800,15400
1431439739,5.0800,5.0900,5.0700,5.0894,12800
1431439799,5.0400,5.0900,5.0400,5.0799,15900
1431439839,5.0300,5.0500,5.0100,5.0300,17800
1431439918,5.0301,5.0400,5.0000,5.0300,46100
1431439932,5.0790,5.0900,5.0500,5.0500,32200
1431439980,5.0500,5.0800,5.0425,5.0800,11800
1431440096,5.0505,5.0700,5.0501,5.0700,7300
1431440108,5.0600,5.0600,5.0500,5.0514,3100
1431440218,5.0500,5.0599,5.0450,5.0500,12000
1431440279,5.1300,5.1300,5.0400,5.0400,47100
1431440338,5.2000,5.2100,5.1100,5.1300,92900
1431440341,5.1500,5.2100,5.1401,5.1900,44500
1431440457,5.1900,5.1900,5.1301,5.1500,39900
1431440460,5.1844,5.2500,5.1601,5.1700,86700
1431440520,5.1900,5.1900,5.1500,5.1900,32300
1431440639,5.1300,5.2000,5.1300,5.1800,28000
1431440641,5.0900,5.1400,5.0500,5.1300,61400
1431440759,5.0900,5.1000,5.0600,5.0900,24700
1431440818,5.0514,5.1000,5.0500,5.0999,27800
1431440878,5.0100,5.0600,5.0000,5.0600,62800
1431440939,4.9500,5.0000,4.8800,5.0000,170900
1431440941,4.9212,4.9548,4.9101,4.9500,39400
1431441054,4.9540,4.9600,4.9200,4.9226,36400
1431441061,4.9500,4.9512,4.9400,4.9500,7800
1431441178,4.9200,4.9530,4.9200,4.9500,16000
1431441239,4.8999,4.9201,4.8950,4.9201,26100
1431441296,4.8901,4.9000,4.8400,4.9000,54800
1431441353,4.8600,4.8900,4.8600,4.8801,6700
1431441417,4.8800,4.8800,4.8500,4.8600,26700
1431441420,4.9100,4.9100,4.8600,4.8800,5400
1431441532,4.9399,4.9400,4.8754,4.9099,21600
1431441542,4.9300,4.9300,4.9200,4.9300,10500
1431441610,4.9500,4.9680,4.9301,4.9400,18600
1431441714,4.9599,4.9600,4.9400,4.9420,4100
1431441779,4.9200,4.9600,4.9200,4.9590,14500
1431441800,4.9300,4.9300,4.9200,4.9200,3700
1431441899,4.9500,4.9500,4.9301,4.9301,1400
1431441956,4.9800,4.9900,4.9500,4.9500,19800
1431441969,4.9800,4.9900,4.9600,4.9800,7200
1431442058,4.9799,4.9800,4.9701,4.9800,3800
1431442083,4.9698,4.9800,4.9500,4.9794,20300
1431442185,4.9501,4.9700,4.9501,4.9700,3100
1431442201,4.8800,4.9500,4.8700,4.9500,38000
1431442319,4.8599,4.8900,4.8552,4.8800,30900
1431442321,4.8967,4.9000,4.8500,4.8600,21100
1431442436,4.8864,4.9000,4.8700,4.9000,11200
1431442497,4.8700,4.8900,4.8606,4.8900,7700
1431442507,4.8700,4.8800,4.8700,4.8700,10200
1431442618,4.8500,4.8700,4.8500,4.8700,22900
1431442676,4.7831,4.8512,4.7700,4.8500,76800
1431442734,4.7600,4.7900,4.7600,4.7800,38700
1431442799,4.7500,4.7700,4.7300,4.7700,61900
1431442856,4.7800,4.7800,4.7446,4.7500,29800
1431442916,4.7801,4.7810,4.7700,4.7810,13400
1431442927,4.7900,4.8000,4.7800,4.7800,15100
1431443030,4.8100,4.8400,4.7800,4.7999,25300
1431443096,4.7900,4.8098,4.7900,4.8098,3200
1431443159,4.8400,4.8400,4.8000,4.8100,12700
1431443212,4.8101,4.8400,4.8100,4.8400,13500
1431443274,4.8299,4.8300,4.8000,4.8110,12100
1431443331,4.8167,4.8200,4.8100,4.8100,4700
1431443342,4.8100,4.8199,4.8100,4.8101,10500
1431443442,4.8198,4.8198,4.8197,4.8197,1000
1431443504,4.8000,4.8200,4.8000,4.8150,7100
1431443573,4.8026,4.8104,4.8000,4.8000,7800
1431443630,4.8300,4.8300,4.8000,4.8051,14500
1431443693,4.8400,4.8700,4.8300,4.8300,44200
1431443758,4.8480,4.8800,4.8480,4.8500,17400
1431443810,4.8232,4.8426,4.8232,4.8400,6700
1431443874,4.8315,4.8355,4.8260,4.8300,4300
1431443933,4.8400,4.8400,4.8400,4.8400,2600
1431443987,4.8400,4.8500,4.8301,4.8400,11500
1431444055,4.8460,4.8600,4.8400,4.8400,10800
1431444115,4.8799,4.8800,4.8600,4.8600,20000
1431444175,4.9000,4.9000,4.8601,4.8601,17200
1431444190,4.9300,4.9800,4.9000,4.9010,43100
1431444298,4.9700,4.9700,4.9300,4.9400,32600
1431444345,4.9770,4.9800,4.9500,4.9726,48000
1431444414,4.9499,5.0000,4.9400,4.9899,57900
1431444479,4.9805,5.0000,4.9400,4.9400,24000
1431444533,4.9800,5.0400,4.9400,4.9800,51500
1431444594,4.9701,4.9801,4.9649,4.9700,19400
1431444654,5.0200,5.0200,4.9700,4.9899,20600
1431444719,5.0000,5.0200,5.0000,5.0100,34300
1431444778,5.0199,5.0234,5.0000,5.0100,19200
1431444839,5.0602,5.0700,5.0100,5.0100,55400
1431444897,5.0490,5.0800,5.0100,5.0700,53600
1431444957,5.0800,5.0900,5.0500,5.0500,10900
1431445004,5.0292,5.0824,5.0200,5.0824,52800
1431445077,5.0300,5.0300,5.0200,5.0252,6200
1431445137,5.0500,5.0500,5.0300,5.0300,8800
1431445198,5.0601,5.0800,5.0400,5.0400,14700
1431445238,5.0565,5.0700,5.0540,5.0680,6800
1431445319,5.0200,5.0437,5.0200,5.0437,9200
1431445379,4.8800,5.0106,4.8700,5.0100,70400
1431445434,4.8925,4.9000,4.8600,4.8900,13900
1431445498,4.9399,4.9400,4.9000,4.9000,20700
1431445559,4.9000,4.9181,4.8800,4.9181,21400
1431445618,4.9200,4.9200,4.8901,4.9000,11500
1431445668,4.9500,4.9500,4.9200,4.9200,16700
1431445690,4.9400,4.9588,4.9400,4.9524,2200
1431445753,4.9600,4.9600,4.9500,4.9500,2900
1431445853,4.9414,4.9600,4.9400,4.9500,5900
1431445899,4.9400,4.9401,4.9400,4.9401,5200
1431445923,4.9599,4.9599,4.9599,4.9599,500
1431445985,4.9700,4.9700,4.9445,4.9530,9100
1431446096,4.9500,4.9613,4.9500,4.9600,10000
1431446100,4.9000,4.9500,4.9000,4.9500,7800
1431446200,4.9301,4.9301,4.9001,4.9001,2800
1431446231,4.9399,4.9399,4.9399,4.9399,100
1431446291,4.9300,4.9300,4.9300,4.9300,800
1431446395,4.8901,4.9300,4.8800,4.9300,37900
1431446457,4.8499,4.8901,4.8348,4.8901,28600
1431446519,4.8800,4.8800,4.8578,4.8578,10500
1431446541,4.8602,4.8800,4.8602,4.8800,2400
1431446632,4.8670,4.8800,4.8600,4.8800,3900
1431446687,4.8709,4.8709,4.8697,4.8700,4100
1431446731,4.8700,4.8700,4.8675,4.8675,700
1431446776,4.8880,4.8990,4.8800,4.8800,2400
1431446822,4.9000,4.9000,4.8999,4.8999,500
1431446939,4.8900,4.9000,4.8890,4.9000,3100
1431446986,4.8614,4.8985,4.8600,4.8901,12100
1431447023,4.8600,4.8676,4.8600,4.8676,1500
1431447115,4.9100,4.9100,4.8690,4.8700,5000
1431447178,4.9200,4.9200,4.8700,4.8800,18600
1431447219,4.9110,4.9150,4.9001,4.9001,8100
1431447286,4.9200,4.9300,4.9199,4.9199,5200
1431447329,4.9000,4.9100,4.9000,4.9100,1500
1431447418,4.9400,4.9400,4.9000,4.9000,21700
1431447454,5.0000,5.0000,4.9500,4.9500,18300
1431447534,4.9999,5.0000,4.9700,4.9800,14700
1431447597,5.0302,5.0302,4.9917,5.0000,16100
1431447607,5.0013,5.0500,5.0013,5.0400,9400
1431447708,5.0268,5.0400,5.0100,5.0104,8800
1431447761,5.0097,5.0500,4.9800,5.0294,36700
1431447825,5.0001,5.0100,4.9800,5.0100,1700
1431447878,4.9900,4.9953,4.9800,4.9953,2600
1431447950,5.0700,5.0700,4.9890,4.9890,32600
1431448014,5.0702,5.0900,5.0500,5.0600,22900
1431448067,5.0766,5.0900,5.0727,5.0834,13700
1431448136,5.0248,5.0700,5.0200,5.0700,19100
1431448190,5.0355,5.0399,5.0300,5.0300,2600
1431448238,5.0390,5.0499,5.0301,5.0499,5600
1431448295,5.0500,5.0500,5.0301,5.0301,11000
1431448361,5.0135,5.0650,5.0000,5.0650,9000
1431448434,5.0299,5.0399,4.9900,5.0000,3200
1431448493,4.9900,5.0300,4.9900,5.0201,7000
1431448558,5.0300,5.0300,4.9641,4.9701,16600
1431448560,5.0900,5.0900,5.0300,5.0300,45900
1431448629,5.0699,5.0800,5.0600,5.0800,10100
1431448682,5.1000,5.1000,5.0660,5.0700,23200
1431448799,5.1201,5.1400,5.0780,5.1000,71400
1431448800,5.0853,5.1300,5.0600,5.1299,31700
1431448872,5.0768,5.0896,5.0768,5.0884,2500
1431448971,5.0862,5.0862,5.0701,5.0701,9000
1431449038,5.0500,5.1000,5.0500,5.0890,8500
1431449094,5.0800,5.0800,5.0300,5.0500,3900
1431449155,5.0700,5.0700,5.0500,5.0500,5900
1431449163,5.0300,5.0699,5.0201,5.0578,11300
1431449229,5.0499,5.0499,5.0373,5.0373,4000
1431449284,5.0477,5.0530,5.0440,5.0499,6300
1431449351,5.0395,5.0500,5.0390,5.0500,1900
1431449444,5.0460,5.0500,5.0401,5.0500,4700
1431449513,4.9200,5.0500,4.9200,5.0500,52800
1431449579,4.9307,4.9699,4.9307,4.9400,13300
1431449634,4.9080,4.9350,4.8600,4.9300,45100
1431449698,4.8199,4.9100,4.8000,4.9090,63500
1431449754,4.8300,4.8470,4.7900,4.8100,31000
1431449819,4.8900,4.9200,4.8200,4.8200,26200
1431449823,4.8601,4.9100,4.8600,4.8900,13700
1431449939,4.8600,4.8699,4.8500,4.8600,9900
1431449989,4.8999,4.9100,4.8500,4.8600,16600
1431450044,4.9000,4.9000,4.8900,4.8900,14300
1431450086,4.9000,4.9001,4.8901,4.9000,12000
1431450122,4.8896,4.8999,4.8750,4.8900,5400
1431450272,4.8700,4.8800,4.8700,4.8700,3100
1431450348,4.8900,4.8900,4.8700,4.8700,4700
1431450402,4.8700,4.8700,4.8700,4.8700,1700
1431450463,4.9000,4.9000,4.8600,4.8601,10400
1431450539,4.8988,4.9033,4.8850,4.8999,2900
1431450571,4.8901,4.8901,4.8901,4.8901,400
1431450658,4.9200,4.9400,4.8901,4.9100,20400
1431450714,4.9001,4.9100,4.9001,4.9100,1400
1431450767,4.9100,4.9200,4.8900,4.9087,5300
1431450835,4.9199,4.9199,4.9001,4.9137,8300
1431450884,4.9201,4.9500,4.9101,4.9101,14100
1431450953,4.9101,4.9300,4.9101,4.9201,11100
1431451018,4.9200,4.9220,4.9100,4.9220,2700
1431451076,4.9370,4.9500,4.9200,4.9200,5100
1431451130,4.9100,4.9400,4.9100,4.9399,11600
1431451156,4.9200,4.9200,4.9200,4.9200,100
1431451247,4.8800,4.9100,4.8800,4.9100,7400
1431451315,4.8300,4.8800,4.8201,4.8800,35100
1431451335,4.8401,4.8700,4.8401,4.8588,18300
1431451439,4.8100,4.8500,4.8100,4.8401,69700
1431451498,4.8200,4.8400,4.7900,4.8000,39900
1431451559,4.7400,4.8000,4.6801,4.8000,105500
1431451607,4.7118,4.7300,4.7000,4.7100,28800
1431451672,4.7222,4.7500,4.7100,4.7235,19000
1431451726,4.7900,4.7900,4.7385,4.7398,7000
1431451797,4.7500,4.7700,4.7500,4.7623,11000
1431451846,4.7601,4.7700,4.7500,4.7600,13600
1431451900,4.7604,4.7700,4.7604,4.7700,2600
1431451970,4.7600,4.7686,4.7600,4.7667,1600
1431452037,4.7100,4.7699,4.7100,4.7699,20100
1431452099,4.7100,4.7300,4.7100,4.7300,20000
1431452156,4.7100,4.7400,4.7100,4.7299,8900
1431452213,4.7200,4.7202,4.7000,4.7200,10400
1431452276,4.7300,4.7300,4.7000,4.7100,5500
1431452333,4.7100,4.7200,4.7100,4.7200,2000
1431452386,4.7101,4.7300,4.7100,4.7100,2200
1431452459,4.7100,4.7100,4.7000,4.7100,15300
1431452516,4.7100,4.7100,4.7000,4.7001,11900
1431452579,4.7100,4.7200,4.7100,4.7198,6400
1431452631,4.6801,4.7200,4.6800,4.7100,35500
1431452683,4.6500,4.6800,4.6300,4.6800,61900
1431452759,4.6099,4.6534,4.5300,4.6500,64200
1431452819,4.6199,4.6200,4.5700,4.6100,31400
1431452875,4.6100,4.6400,4.6100,4.6200,12300
1431452930,4.6400,4.6400,4.6101,4.6101,12300
1431452947,4.6400,4.6400,4.6300,4.6351,3300
1431453059,4.6500,4.6600,4.6330,4.6400,16600
1431453118,4.6501,4.6600,4.6500,4.6500,7200
1431453179,4.6800,4.6800,4.6501,4.6501,29700
1431453182,4.6799,4.6800,4.6750,4.6751,9900
1431453297,4.6600,4.6700,4.6600,4.6699,6200
1431453352,4.6700,4.6800,4.6500,4.6501,11100
1431453418,4.6400,4.6800,4.6100,4.6800,13100
1431453438,4.6201,4.6468,4.6200,4.6301,3800
1431453529,4.6075,4.6400,4.6000,4.6301,11400
1431453596,4.6600,4.6600,4.6001,4.6001,9300
1431453657,4.6500,4.6700,4.6500,4.6700,9300
1431453716,4.6800,4.7000,4.6500,4.6500,21400
1431453768,4.6699,4.6800,4.6500,4.6700,17000
1431453804,4.6700,4.6700,4.6700,4.6700,400
1431453895,4.6525,4.6600,4.6500,4.6600,6400
1431453954,4.6600,4.6600,4.6570,4.6599,3700
1431453962,4.7100,4.7100,4.6300,4.6500,28300
1431454065,4.6901,4.7000,4.6901,4.6953,11000
1431454138,4.6999,4.7199,4.6970,4.6970,7200
1431454194,4.7200,4.7200,4.6801,4.7000,21100
1431454200,4.7500,4.7700,4.7199,4.7199,53800
1431454319,4.7600,4.7800,4.7400,4.7700,15700
1431454338,4.7900,4.7900,4.7600,4.7601,17600
1431454422,4.7606,4.7700,4.7600,4.7610,4200
1431454497,4.7600,4.7900,4.7600,4.7600,4000
1431454517,4.7400,4.7800,4.7300,4.7799,8200
1431454613,4.7300,4.7500,4.7201,4.7300,1800
1431454679,4.7400,4.7500,4.7400,4.7400,5100
1431454738,4.7500,4.7500,4.7300,4.7300,4900
1431454790,4.7468,4.7468,4.7468,4.7468,600
1431454828,4.7390,4.7390,4.7390,4.7390,2000
1431454916,4.7000,4.7400,4.7000,4.7300,5100
1431454962,4.6601,4.7000,4.6600,4.7000,5400
1431455037,4.6490,4.6900,4.6490,4.6899,9300
1431455052,4.6400,4.6500,4.6300,4.6500,3900
1431455159,4.6400,4.6425,4.6300,4.6425,2600
1431455204,4.6900,4.6900,4.6400,4.6400,46900
1431455234,4.6812,4.6812,4.6812,4.6812,200
1431455299,4.6800,4.6894,4.6800,4.6894,2500
1431455351,4.6999,4.7000,4.6899,4.6900,2600
1431455402,4.7199,4.7200,4.6780,4.6999,16700
1431455539,4.7200,4.7200,4.7155,4.7155,400
1431455620,4.7000,4.7000,4.6820,4.6900,2000
1431455681,4.6850,4.6900,4.6850,4.6900,700
1431455721,4.6700,4.6700,4.6700,4.6700,100
1431455802,4.6775,4.6900,4.6701,4.6701,4700
1431455870,4.6901,4.6999,4.6801,4.6850,2800
1431455930,4.7200,4.7200,4.6990,4.6990,5400
1431455986,4.7200,4.7329,4.7200,4.7300,2400
1431456025,4.7252,4.7252,4.7048,4.7048,2000
1431456112,4.7500,4.7500,4.7200,4.7200,6600
1431456169,4.7700,4.7700,4.7405,4.7405,13300
1431456222,4.7523,4.7657,4.7301,4.7657,8700
1431456295,4.7286,4.7600,4.7200,4.7300,4400
1431456303,4.7355,4.7355,4.7200,4.7201,1400
1431456471,4.7246,4.7400,4.7246,4.7300,8400
1431456532,4.7100,4.7214,4.7100,4.7200,1300
1431456596,4.7190,4.7300,4.7100,4.7100,10000
1431456619,4.7200,4.7368,4.7200,4.7300,1400
1431456748,4.7600,4.7600,4.7300,4.7300,7100
1431456832,4.7300,4.7501,4.7300,4.7468,15100
1431456866,4.7301,4.7599,4.7301,4.7552,1600
1431456959,4.7499,4.7499,4.7301,4.7301,2100
1431457003,4.7000,4.7370,4.7000,4.7370,13400
1431457033,4.7200,4.7200,4.6799,4.6800,3600
1431457121,4.7100,4.7100,4.6800,4.6900,3700
1431457149,4.7400,4.7400,4.7300,4.7300,3400
1431457255,4.7300,4.7400,4.7100,4.7400,4100
1431457276,4.6964,4.7100,4.6700,4.7100,10600
1431457337,4.7000,4.7000,4.7000,4.7000,700
1431457397,4.7004,4.7136,4.6801,4.6801,2800
1431457555,4.7300,4.7300,4.7200,4.7200,3600
1431457604,4.7124,4.7400,4.7124,4.7400,4600
1431457670,4.7101,4.7101,4.7101,4.7101,2000
1431457706,4.7200,4.7200,4.7000,4.7199,1200
1431457796,4.7200,4.7200,4.7200,4.7200,1600
1431457810,4.6900,4.7199,4.6900,4.7199,11800
1431457919,4.6900,4.6900,4.6800,4.6900,6900
1431457959,4.6899,4.7000,4.6800,4.6810,3000
1431458037,4.7200,4.7200,4.6900,4.6900,11800
1431458096,4.7184,4.7400,4.7000,4.7000,7700
1431458156,4.7400,4.7600,4.7100,4.7200,46100
1431458214,4.7100,4.7200,4.7100,4.7200,2700
1431458278,4.7000,4.7184,4.6800,4.7150,7100
1431458325,4.6800,4.7000,4.6800,4.7000,4600
1431458389,4.6200,4.6852,4.6000,4.6800,39600
1431458458,4.6220,4.6400,4.6000,4.6200,25500
1431458504,4.6300,4.6300,4.6100,4.6300,8400
1431458532,4.6200,4.6201,4.6200,4.6201,3400
1431458636,4.6200,4.6270,4.6200,4.6200,4200
1431458693,4.6100,4.6200,4.6000,4.6200,17200
1431458755,4.5900,4.6100,4.5500,4.6100,59100
1431458816,4.5800,4.5900,4.5500,4.5601,13600
1431458878,4.5599,4.5800,4.5500,4.5601,28100
1431458883,4.5599,4.5600,4.5500,4.5563,12500
1431458940,4.5700,4.5800,4.5500,4.5600,12100
1431459055,4.6000,4.6000,4.5700,4.5800,11400
1431459118,4.5850,4.6000,4.5800,4.6000,15300
1431459177,4.5884,4.5884,4.5700,4.5800,8300
1431459220,4.6000,4.6000,4.5814,4.5814,7900
1431459275,4.5784,4.6000,4.5700,4.6000,21200
1431459357,4.6100,4.6100,4.5700,4.5700,14300
1431459418,4.5800,4.6100,4.5800,4.6100,3200
1431459457,4.5801,4.5900,4.5800,4.5800,6200
1431459517,4.6200,4.6200,4.6052,4.6052,5900
1431459584,4.6200,4.6268,4.6101,4.6200,1000
1431459604,4.6400,4.6400,4.6110,4.6195,2300
1431459668,4.6400,4.6500,4.6200,4.6400,16900
1431459776,4.6500,4.6600,4.6299,4.6400,19900
1431459785,4.6400,4.6600,4.6201,4.6600,17700
1431459890,4.6300,4.6500,4.6300,4.6400,2700
1431459957,4.6200,4.6399,4.6200,4.6399,3000
1431459963,4.6000,4.6482,4.6000,4.6200,9200
1431460079,4.5900,4.6300,4.5800,4.6000,11900
1431460080,4.6352,4.6400,4.5949,4.5999,5200
1431460140,4.6220,4.6354,4.6220,4.6352,3200
1431460253,4.6401,4.6500,4.6301,4.6400,9300
1431460263,4.6200,4.6400,4.6200,4.6400,4100
1431460331,4.6400,4.6500,4.6300,4.6300,19000
1431460381,4.6200,4.6400,4.6200,4.6300,12200
1431460494,4.6249,4.6400,4.6200,4.6400,20800
1431460550,4.6947,4.7100,4.6200,4.6256,35100
1431460561,4.6700,4.7000,4.6300,4.6800,17100
1431460679,4.6799,4.6800,4.6500,4.6700,13200
1431460682,4.6649,4.6800,4.6600,4.6620,23900
1431460742,4.6599,4.6800,4.6500,4.6700,1047800
1431460745,4.6690,4.6690,4.6690,4.6690,0
1431460800,4.6800,4.6800,4.6800,4.6800,0
                                                                                                                                                                      