uri:/instrument/1.0/INGN/chartdata;type=quote;range=500d/csv
ticker:ingn
Company-Name:Inogen, Inc
Exchange-Name:NMS
unit:MIN
timezone:EDT
currency:USD
gmtoffset:-14400
previous_close:38.5600
range:20150424,1429882200,1429905600
range:20150427,1430141400,1430164800
range:20150428,1430227800,1430251200
range:20150429,1430314200,1430337600
range:20150430,1430400600,1430424000
range:20150501,1430487000,1430510400
range:20150504,1430746200,1430769600
range:20150505,1430832600,1430856000
range:20150506,1430919000,1430942400
range:20150507,1431005400,1431028800
range:20150508,1431091800,1431115200
range:20150511,1431351000,1431374400
range:20150512,1431437400,1431460800
range:20150513,1431523800,1431547200
range:20150514,1431610200,1431633600
Timestamp:1429882200,1431633600
labels:1429882200,1430141400,1430227800,1430314200,1430400600,1430487000,1430746200,1430832600,1430919000,1431005400,1431091800,1431351000,1431437400,1431523800,1431610200
values:Timestamp,close,high,low,open,volume
close:34.4000,40.2499
high:34.5800,40.2700
low:34.3800,39.7600
open:34.5000,39.8200
volume:0,25500
1429882744,37.8400,37.8400,37.2500,37.2500,8000
1429882865,38.1300,38.1300,37.7599,37.7800,1800
1429883376,37.5300,38.0400,37.1900,38.0400,6200
1429883680,37.6100,37.6200,37.4450,37.5200,6000
1429883957,37.6500,37.7200,37.4950,37.6412,2800
1429884281,37.6400,37.7600,37.5501,37.6600,1900
1429884512,37.7500,37.7500,37.6500,37.7500,1600
1429884844,37.5500,37.7700,37.5500,37.6822,1400
1429884985,37.7400,37.7400,37.7400,37.7400,100
1429885498,37.6900,37.7000,37.6350,37.6522,1900
1429885780,37.8100,37.8400,37.6300,37.6900,3600
1429886083,37.7600,37.8000,37.7600,37.8000,600
1429886223,37.7300,37.7500,37.7300,37.7500,300
1429886608,37.8269,37.8269,37.7800,37.7800,500
1429886977,37.7900,37.8200,37.7250,37.8200,1300
1429887224,37.8800,37.8800,37.8400,37.8400,500
1429887543,37.8000,37.8800,37.7600,37.8700,1300
1429888187,37.7562,37.7562,37.7562,37.7562,200
1429888449,37.6800,37.7400,37.6800,37.6800,2300
1429888690,37.7000,37.7950,37.7000,37.7600,900
1429889048,37.5800,37.7000,37.5500,37.7000,12300
1429889316,37.5200,37.5700,37.5200,37.5700,300
1429889692,37.3100,37.5400,37.3100,37.5100,3700
1429889959,37.2505,37.3000,37.1900,37.2320,2200
1429890565,37.3000,37.3000,37.3000,37.3000,200
1429890775,37.2400,37.3000,37.1700,37.3000,1000
1429891620,37.2450,37.2550,37.2200,37.2200,800
1429892101,37.0800,37.0800,37.0800,37.0800,500
1429892646,37.1100,37.1200,37.1100,37.1200,500
1429892958,37.1400,37.1800,37.1200,37.1200,400
1429893249,37.1500,37.1500,37.1500,37.1500,200
1429893560,37.1900,37.2200,37.1300,37.1300,600
1429893820,37.2300,37.2300,37.2300,37.2300,200
1429894154,37.1100,37.1500,37.0700,37.0700,1100
1429894442,37.2200,37.6600,37.1100,37.1200,13000
1429894743,37.2200,37.2300,37.0800,37.0800,1700
1429895097,37.3000,37.3000,37.1900,37.2200,1400
1429895397,37.2400,37.3300,37.1500,37.3000,3600
1429895543,37.2500,37.2500,37.1500,37.2500,2100
1429895963,37.1300,37.2800,37.1300,37.2800,1800
1429896295,37.1500,37.2200,37.0700,37.1700,12200
1429896528,37.0700,37.2000,37.0700,37.1900,3000
1429896853,36.9400,37.0300,36.9400,37.0300,400
1429897105,36.9700,37.0300,36.8700,36.8800,1200
1429897462,36.8500,36.9300,36.8500,36.9300,800
1429897708,36.8600,36.8700,36.7900,36.7900,600
1429898042,36.8800,36.8900,36.8300,36.8900,1700
1429898322,36.9500,36.9600,36.9100,36.9100,400
1429898686,37.0100,37.0100,36.8900,36.9300,3700
1429898973,37.2000,37.2000,37.0200,37.1000,1400
1429899063,37.1600,37.1600,37.1600,37.1600,100
1429899540,37.4000,37.4000,37.1000,37.1600,6300
1429899879,37.6800,37.6800,37.4500,37.4500,8200
1429900196,37.7300,37.7300,37.6000,37.6100,900
1429900493,37.8100,37.8100,37.7400,37.7400,300
1429900720,37.8600,37.9700,37.7400,37.8000,3600
1429901097,37.8000,38.0300,37.8000,37.8700,20700
1429901284,37.3500,37.7600,37.3500,37.7500,6600
1429901691,36.8600,37.0900,36.8600,37.0900,2300
1429901979,37.1350,37.1800,36.9500,37.0200,1700
1429902266,37.3340,37.3340,37.0760,37.1700,1600
1429902591,37.2900,37.3684,37.2200,37.2500,8000
1429902866,37.3300,37.4000,37.2875,37.3500,1300
1429903021,37.3200,37.3200,37.3200,37.3200,100
1429903385,37.4300,37.4400,37.1800,37.2500,2600
1429903744,37.5500,37.5500,37.3050,37.4000,5000
1429904044,37.4400,37.5150,37.4100,37.5150,2500
1429904364,37.5000,37.5100,37.4500,37.4500,21400
1429904696,37.5500,37.5500,37.4127,37.5000,1500
1429904998,37.0100,37.5400,37.0100,37.4400,4300
1429905298,36.9000,37.0400,36.8700,37.0000,5500
1429905545,37.0700,37.2200,36.9300,36.9300,12500
1429905600,37.1300,37.1300,37.1300,37.1300,0
1430141998,40.2499,40.2700,39.2650,39.7403,0
1430142202,39.8400,40.1400,39.7600,39.8200,1700
1430142564,38.0200,39.4400,38.0000,39.4100,6800
1430142847,38.4900,38.4900,38.3681,38.3681,1400
1430143189,37.5968,38.6200,37.4600,38.6200,4300
1430143499,37.3850,37.5000,37.3100,37.5000,3300
1430143798,37.6300,37.7200,37.3900,37.4600,2300
1430144096,37.6886,37.8500,37.5800,37.6300,7700
1430144344,37.7000,37.7500,37.1900,37.6200,16500
1430144516,37.5500,37.5500,37.5500,37.5500,100
1430144917,37.6900,37.7500,37.2300,37.2300,7900
1430145287,37.7500,37.8700,37.5300,37.5300,1300
1430145563,37.8900,37.8900,37.8000,37.8000,600
1430145722,37.9200,37.9200,37.9000,37.9000,700
1430146169,37.9100,37.9500,37.9000,37.9500,4700
1430146440,37.8500,37.9500,37.7800,37.8350,18000
1430146767,37.8660,37.9480,37.8660,37.9480,200
1430147049,37.9200,37.9200,37.7600,37.8400,3600
1430147338,37.9484,37.9500,37.8000,37.9000,7800
1430147641,37.8800,37.8850,37.7900,37.8700,12400
1430147961,37.8500,37.8800,37.8500,37.8500,2600
1430148013,37.9040,37.9040,37.8500,37.8650,1300
1430148504,38.1380,38.1380,37.8600,37.8850,4400
1430148869,38.1700,38.2400,37.9400,38.1016,4200
1430148989,38.0200,38.0200,38.0200,38.0200,200
1430149498,38.0800,38.1300,38.0500,38.1300,1300
1430149759,38.0300,38.0700,37.9500,38.0700,4000
1430150097,38.0000,38.0500,37.9400,38.0500,1900
1430150391,37.9000,37.9800,37.8500,37.9700,4400
1430150660,38.1700,38.1700,37.9400,37.9400,4400
1430150825,38.1700,38.1700,38.0600,38.1700,7400
1430151293,38.1700,38.3100,38.1600,38.1600,2100
1430151583,38.3300,38.6100,38.2122,38.3600,5600
1430151855,38.1800,38.4400,38.0400,38.3400,5000
1430152472,38.2150,38.2700,38.1600,38.2700,700
1430152789,38.0000,38.2000,38.0000,38.2000,1500
1430153053,38.4100,38.4100,37.9900,37.9900,1700
1430153387,38.3600,38.3920,38.2300,38.3920,1500
1430153681,38.2400,38.3500,38.0900,38.3500,1100
1430153729,38.2200,38.2200,38.2200,38.2200,200
1430154161,38.0000,38.2100,38.0000,38.2100,500
1430154597,38.2100,38.2100,38.0000,38.2000,1800
1430154886,37.9700,38.2200,37.8600,38.2200,3100
1430155153,37.9300,37.9300,37.6300,37.8600,2400
1430155473,37.8700,37.9800,37.7700,37.9300,1000
1430155761,37.7900,37.9400,37.7800,37.7800,700
1430156082,37.9200,37.9200,37.8000,37.8000,400
1430156317,37.9500,37.9800,37.7800,37.8450,1600
1430156640,37.9900,37.9900,37.8500,37.9600,3900
1430156986,37.8700,37.8700,37.8700,37.8700,100
1430157281,37.9700,38.0200,37.9000,37.9350,5400
1430157595,38.0000,38.0800,37.9100,37.9100,1900
1430157857,37.8800,38.1100,37.8600,38.0980,5600
1430157999,37.9000,37.9000,37.9000,37.9000,100
1430158498,37.9800,37.9800,37.8200,37.8800,700
1430158726,37.8500,37.8500,37.8350,37.8350,200
1430159077,38.0000,38.0400,37.8500,37.8500,5600
1430159399,37.9000,38.0400,37.9000,38.0400,600
1430159627,37.9500,37.9500,37.9000,37.9000,200
1430159980,37.9550,38.0400,37.8900,37.9000,3900
1430160206,37.9200,38.0000,37.9100,37.9700,500
1430160490,38.0300,38.1100,37.8800,37.9200,3400
1430160844,38.0000,38.0000,37.9400,38.0000,700
1430161147,38.0250,38.1350,37.8800,37.8800,1600
1430161497,38.1380,38.1480,37.9900,38.0950,3700
1430161690,38.1200,38.1300,37.9800,38.1300,800
1430162090,38.0010,38.1080,38.0000,38.0200,3000
1430162398,37.9400,38.0160,37.8800,37.9700,2600
1430162648,38.0000,38.0160,37.9200,37.9500,2700
1430162991,38.0080,38.0500,37.9500,37.9700,2700
1430163264,37.8500,37.9899,37.8500,37.9500,2100
1430163551,37.6500,37.8080,37.6200,37.7900,2100
1430163887,37.6500,37.7100,37.6000,37.6000,2800
1430164163,37.5000,37.6840,37.5000,37.6500,2600
1430164440,37.4700,37.5640,37.4600,37.5100,4900
1430164756,37.5900,37.7500,37.4400,37.4800,15400
1430164800,37.6000,37.6000,37.6000,37.6000,0
1430228052,37.9600,38.2300,37.6000,38.1000,0
1430228363,37.8000,37.9300,37.7000,37.9300,2100
1430228571,37.9800,37.9980,37.9800,37.9800,300
1430229254,38.0000,38.0000,37.9200,37.9300,4600
1430229599,37.8900,38.0600,37.8800,38.0600,6100
1430229847,37.2805,37.6700,37.2805,37.6600,1800
1430230185,37.1300,37.2500,37.0500,37.2500,1800
1430230423,37.0800,37.2275,37.0000,37.0500,2200
1430230798,37.0000,37.1800,36.8023,37.0000,4700
1430231097,37.1300,37.2200,36.9500,37.1150,5600
1430231261,37.3400,37.4800,37.1420,37.1900,1900
1430231699,37.4000,37.5600,37.3300,37.5600,1200
1430231982,37.3499,37.3499,37.1600,37.3300,700
1430232267,37.4800,37.4800,37.2200,37.2200,2100
1430232520,37.4700,37.5000,37.3600,37.3600,1200
1430232899,37.3000,37.4900,37.3000,37.3700,2000
1430233053,37.3100,37.3900,37.3000,37.3900,500
1430233399,37.5000,37.5000,37.3000,37.3000,4500
1430233781,37.5800,37.6500,37.4200,37.4300,7600
1430234019,37.5600,37.6500,37.5600,37.6300,600
1430234342,37.6275,37.6275,37.5500,37.5500,400
1430234638,37.5700,37.6450,37.5600,37.5600,700
1430234889,37.5300,37.6400,37.5300,37.5500,500
1430235192,37.6000,37.6000,37.5100,37.5400,1800
1430235593,37.5600,37.6600,37.5419,37.6000,1100
1430235896,37.3992,37.5500,37.3200,37.5500,1000
1430236053,37.2200,37.3000,37.2200,37.3000,700
1430236408,37.3600,37.3700,37.2400,37.2400,2400
1430236794,37.2600,37.3600,37.2300,37.2700,800
1430237083,37.4000,37.4000,37.2600,37.2700,2500
1430237340,37.4800,37.4800,37.4350,37.4350,3800
1430237665,37.5800,37.5910,37.5100,37.5100,600
1430237849,37.6000,37.6000,37.5300,37.5800,700
1430238296,37.5000,37.6100,37.5000,37.5400,1700
1430238577,37.6200,37.6200,37.5000,37.5000,5400
1430238873,37.7200,37.7200,37.6400,37.6400,300
1430239104,37.6850,37.7200,37.6400,37.7150,700
1430239333,37.6700,37.7100,37.6400,37.6700,1100
1430239768,37.7100,37.7100,37.6100,37.6700,900
1430239971,37.7600,37.7600,37.7100,37.7100,900
1430240123,37.7700,37.7700,37.7700,37.7700,200
1430240620,37.7900,37.7900,37.7300,37.7400,600
1430240982,37.7900,37.7900,37.6901,37.7100,2800
1430241263,37.8600,37.9800,37.8200,37.8600,500
1430241405,37.8900,37.9200,37.8400,37.8900,900
1430241898,37.8600,37.8600,37.8300,37.8600,900
1430242168,37.8400,37.9300,37.8400,37.8800,1300
1430242423,37.8300,37.8400,37.8300,37.8400,200
1430242741,37.8700,37.9300,37.8600,37.8700,1600
1430242981,37.8800,37.9200,37.8800,37.9200,200
1430243219,37.8876,37.8876,37.8700,37.8700,500
1430243438,37.7700,37.8800,37.7700,37.8800,600
1430243895,37.6800,37.7100,37.6700,37.7100,800
1430244166,37.6400,37.6400,37.6400,37.6400,200
1430244583,37.5349,37.7100,37.5349,37.7000,1100
1430244893,37.5000,37.6800,37.5000,37.5340,500
1430244981,37.6900,37.6900,37.5000,37.5000,1900
1430245356,37.7100,37.7800,37.6800,37.7800,500
1430245787,37.6600,37.7100,37.6000,37.7100,1800
1430245878,37.6600,37.6600,37.6600,37.6600,200
1430246185,37.7100,37.7100,37.7100,37.7100,100
1430246691,37.6200,37.7000,37.6200,37.6300,800
1430246958,37.6800,37.6800,37.6200,37.6400,1400
1430247248,37.6500,37.6500,37.6200,37.6200,500
1430247590,38.0000,38.0000,37.6550,37.7100,6800
1430247897,37.9500,38.0600,37.9500,37.9700,2500
1430248088,37.9600,37.9950,37.8800,37.9300,2000
1430248391,38.1000,38.1000,37.8700,37.8800,1900
1430248784,37.8520,38.0500,37.8520,38.0400,1500
1430249048,37.9800,38.0000,37.8750,37.8750,1300
1430249382,37.7300,37.9900,37.7300,37.9900,1900
1430249690,37.8100,37.8300,37.7400,37.8100,2800
1430249883,37.9400,37.9700,37.8000,37.8100,4300
1430250264,37.8300,37.9900,37.8300,37.9500,3100
1430250551,37.9500,37.9900,37.8600,37.9000,4900
1430250835,37.8800,37.9400,37.8800,37.9400,2800
1430251142,37.7800,37.8300,37.7100,37.8300,24200
1430251200,37.7800,37.7800,37.7800,37.7800,0
1430314498,37.8100,38.4416,37.7000,38.4416,0
1430314797,38.0000,38.0100,37.6800,37.7100,3600
1430315045,38.0500,38.0500,38.0300,38.0300,800
1430315360,38.0350,38.1869,38.0350,38.1869,400
1430315580,38.1200,38.1200,37.9200,38.0700,1600
1430315963,37.9850,38.1100,37.9500,38.1100,7900
1430316180,38.0400,38.0800,37.9800,38.0200,3100
1430316596,38.0000,38.0600,37.9400,38.0000,4200
1430316860,37.9600,38.0300,37.8900,37.9700,6600
1430317168,37.9000,38.0400,37.8800,37.9000,3300
1430317445,38.0000,38.0200,37.8620,37.9100,3400
1430317794,37.9000,38.0200,37.9000,38.0000,300
1430318086,37.9900,37.9900,37.9000,37.9000,1000
1430318372,38.0000,38.0100,37.9100,38.0000,6500
1430318583,38.0500,38.1200,37.9999,37.9999,2100
1430318816,38.0450,38.0800,38.0450,38.0800,200
1430319217,38.0000,38.0700,38.0000,38.0700,1100
1430319544,38.0000,38.0000,37.9500,37.9500,2300
1430319859,37.9600,38.0400,37.9600,37.9700,1300
1430320112,37.8900,37.9900,37.8800,37.9750,800
1430320455,37.9800,37.9800,37.9300,37.9300,1000
1430320774,37.9300,37.9950,37.9300,37.9700,2000
1430321042,37.9900,38.0000,37.9100,37.9300,2100
1430321384,37.8400,37.9400,37.8400,37.8400,1100
1430321680,37.8000,37.8900,37.8000,37.8400,1200
1430321741,37.8800,37.8800,37.8000,37.8000,400
1430322268,37.7100,37.8900,37.7100,37.8900,4400
1430322559,37.7800,37.8500,37.7100,37.7500,3700
1430322783,37.7100,37.7500,37.7100,37.7500,900
1430323197,37.8000,37.8400,37.7100,37.7100,4000
1430323439,37.7200,37.7200,37.7200,37.7200,100
1430323778,37.7000,37.7500,37.6700,37.7100,1700
1430324049,37.6300,37.7800,37.6100,37.6600,12500
1430324361,37.7900,37.7900,37.7900,37.7900,500
1430324668,37.8100,37.8900,37.7300,37.7550,4300
1430324946,37.7900,37.8900,37.7700,37.8900,1700
1430325020,37.7900,37.7900,37.7700,37.7800,600
1430325525,37.8000,37.8000,37.7800,37.7800,200
1430326114,37.8000,37.8100,37.8000,37.8000,300
1430326690,37.7800,37.7800,37.6600,37.6700,400
1430327000,37.8000,37.8000,37.7300,37.7300,300
1430327269,37.8500,37.8700,37.7400,37.7600,900
1430327847,37.8700,37.8700,37.8700,37.8700,400
1430328244,37.8400,37.8500,37.7126,37.8500,1500
1430328512,37.8300,37.8400,37.7200,37.8400,400
1430328895,37.7200,37.8300,37.7200,37.8300,200
1430329007,37.8300,37.8300,37.8300,37.8300,100
1430329490,37.9350,37.9350,37.7500,37.7500,1900
1430329665,37.9900,38.0000,37.8600,37.8800,900
1430330011,37.8750,37.9500,37.7600,37.9000,700
1430330284,37.8000,37.9800,37.8000,37.9050,500
1430330976,37.7200,37.8500,37.7200,37.8500,400
1430331272,37.7100,37.7300,37.6100,37.6500,2700
1430331521,37.8500,37.9100,37.7000,37.7000,3900
1430331890,38.0450,38.0450,37.8800,37.9000,4500
1430332142,38.0750,38.1800,38.0200,38.0200,700
1430332399,38.0950,38.1800,38.0500,38.0750,1100
1430332757,38.0050,38.1200,38.0050,38.1100,1200
1430333098,37.9980,38.0900,37.9900,38.0050,2500
1430333294,38.1200,38.1600,38.0650,38.1600,1000
1430333675,37.9050,38.0200,37.9050,37.9500,600
1430333796,37.9600,37.9600,37.9600,37.9600,500
1430334222,37.9800,37.9800,37.9550,37.9550,400
1430334575,37.9650,38.0000,37.9100,37.9450,5800
1430334815,38.0500,38.0500,37.9400,37.9400,2000
1430335151,37.9900,37.9900,37.9900,37.9900,100
1430335460,37.9700,38.0000,37.9400,37.9920,3900
1430335761,37.9400,38.0000,37.9400,37.9700,5000
1430336073,38.0200,38.0200,37.9200,37.9200,5000
1430336399,38.0000,38.0200,37.9300,38.0000,3600
1430336663,37.9900,38.0600,37.9400,37.9400,4600
1430336839,38.0420,38.0600,37.9900,37.9900,2400
1430337281,38.0000,38.1200,38.0000,38.1200,7700
1430337561,38.0000,38.0650,38.0000,38.0100,13600
1430337600,38.0000,38.0000,38.0000,38.0000,0
1430401146,37.9400,38.2000,37.9400,38.2000,0
1430401498,38.0100,38.1600,37.9000,38.0450,5800
1430401758,37.9320,38.0100,37.6800,37.9700,1300
1430402052,37.9100,37.9200,37.5200,37.7100,3600
1430402675,37.6700,37.6900,37.6100,37.6900,500
1430402894,37.6000,37.6000,37.6000,37.6000,100
1430403259,37.6500,37.6600,37.5100,37.6000,900
1430403480,37.1300,37.5800,37.1300,37.5800,5300
1430403845,37.1700,37.3700,37.1700,37.2700,4600
1430404182,37.4000,37.4600,37.3750,37.4100,1000
1430404475,37.4500,37.4600,37.2700,37.3201,900
1430404789,37.3000,37.3600,37.2900,37.3000,400
1430405080,37.2200,37.3700,37.1740,37.2500,1700
1430405287,37.2400,37.2400,37.2400,37.2400,100
1430405670,37.3000,37.3000,37.1600,37.2300,9400
1430405798,37.2100,37.3100,37.1400,37.1600,6600
1430406184,37.1800,37.2900,37.1500,37.2900,1200
1430406585,37.2500,37.2500,37.1320,37.1800,600
1430406886,37.2980,37.2980,37.2500,37.2500,5700
1430407188,37.2200,37.2800,37.1600,37.2000,600
1430407407,37.1500,37.2700,37.1400,37.1401,700
1430407682,37.0000,37.1600,37.0000,37.1600,1500
1430407929,37.2500,37.2550,37.1500,37.1500,1200
1430408397,37.2500,37.2500,37.1500,37.1800,2400
1430408695,37.1850,37.2500,37.1150,37.2500,4100
1430408826,37.2600,37.2600,37.1800,37.1800,2500
1430409092,37.3000,37.3000,37.3000,37.3000,200
1430409586,37.2100,37.2500,37.2000,37.2000,4800
1430409841,37.3000,37.3000,37.2200,37.2200,3900
1430410111,37.2100,37.2600,37.2000,37.2600,2700
1430410399,37.2600,37.2995,37.2000,37.2500,6100
1430410695,37.2400,37.2700,37.2100,37.2700,400
1430411096,37.3300,37.3300,37.2160,37.2445,2400
1430411337,37.3800,37.4000,37.2500,37.2500,1500
1430411696,37.4200,37.4900,37.4000,37.4000,1100
1430411793,37.4900,37.4900,37.4700,37.4900,700
1430412102,37.5600,37.5600,37.4800,37.5600,400
1430412593,37.5500,37.5500,37.4500,37.4800,800
1430412814,37.4600,37.4700,37.4500,37.4500,400
1430413174,37.5100,37.5100,37.4100,37.4600,1200
1430413463,37.4100,37.5400,37.4100,37.4300,1300
1430413754,37.5300,37.5300,37.4300,37.4800,300
1430414333,37.5300,37.5300,37.4300,37.5080,700
1430414552,37.3300,37.4800,37.3300,37.4300,700
1430414993,37.2800,37.4400,37.2700,37.3200,500
1430415178,37.2900,37.2900,37.2900,37.2900,100
1430415499,37.3700,37.3800,37.2800,37.2900,400
1430415863,37.1900,37.3400,37.1900,37.2600,1400
1430416154,37.0800,37.2200,37.0800,37.2200,400
1430416322,36.8500,37.1070,36.8500,37.0700,8800
1430416659,37.0000,37.0000,36.8000,36.8150,1200
1430417054,36.7800,36.8150,36.7800,36.8100,800
1430417240,36.7880,36.8800,36.7000,36.8800,1000
1430417564,36.8800,36.8800,36.7600,36.7600,1200
1430417825,37.0200,37.0200,36.8800,36.8800,300
1430418284,36.8350,36.9850,36.7900,36.9400,1700
1430418517,36.8600,36.8700,36.7500,36.8700,1000
1430418850,36.7900,36.8400,36.6200,36.7400,1400
1430419128,36.7200,36.7900,36.6500,36.7900,400
1430419467,36.6900,36.7700,36.6390,36.7700,1600
1430419760,36.8800,36.8800,36.6200,36.6900,1500
1430420020,36.6700,36.7400,36.6700,36.7400,200
1430420349,36.5100,36.7000,36.5100,36.6700,2600
1430420655,36.5100,36.5910,36.5000,36.5100,2200
1430420987,36.6900,36.7200,36.5001,36.5001,5200
1430421225,36.6700,36.6800,36.5700,36.5700,900
1430421502,36.7900,36.7900,36.5100,36.5100,2400
1430421885,36.6800,36.7700,36.6500,36.6500,800
1430422186,36.5850,36.6900,36.5300,36.6800,1500
1430422469,36.6900,36.7100,36.5300,36.5500,1500
1430422775,36.7249,36.7249,36.6100,36.6800,1300
1430423053,36.5800,36.6400,36.5200,36.6400,2700
1430423393,36.6100,36.7000,36.5200,36.6000,2800
1430423694,36.7500,36.7500,36.5200,36.5800,4200
1430423950,36.7200,36.7500,36.5700,36.7390,21900
1430424000,36.7400,36.7400,36.7400,36.7400,0
1430487240,36.9260,36.9260,36.7700,36.7700,0
1430487808,36.9400,36.9500,36.7550,36.8100,1200
1430487936,37.0300,37.1100,37.0300,37.1100,200
1430488397,36.6900,36.7600,36.6900,36.7600,1200
1430488771,36.5400,36.6800,36.5400,36.6800,200
1430489329,36.1020,36.5900,36.1020,36.5100,15000
1430489502,36.1700,36.1700,36.1700,36.1700,300
1430489964,36.3700,36.3700,36.1300,36.1400,2400
1430490292,36.6100,36.6400,36.4000,36.4150,3000
1430490546,36.3900,36.6100,36.3900,36.5800,3000
1430490896,36.3200,36.4000,36.1200,36.4000,7100
1430491145,36.2201,36.3150,36.1500,36.2800,4800
1430491464,36.0300,36.1400,35.9000,36.0400,4700
1430491514,36.0000,36.0000,36.0000,36.0000,500
1430492089,36.1192,36.2100,36.0900,36.2100,700
1430492346,36.2200,36.2600,36.0400,36.0400,4400
1430492662,36.0100,36.1630,36.0100,36.0600,1300
1430492956,36.0000,36.0300,36.0000,36.0300,1200
1430493219,35.8900,35.9500,35.7900,35.9500,2400
1430493301,35.8700,35.8900,35.8700,35.8900,500
1430493756,35.8400,35.9000,35.8300,35.8750,1100
1430494033,35.8000,35.8700,35.8000,35.8700,1400
1430494327,35.8400,35.8720,35.8300,35.8720,1000
1430494754,35.5900,35.7900,35.5000,35.7900,5800
1430495083,35.1001,35.5190,35.0000,35.5000,11700
1430495328,35.0600,35.2450,35.0600,35.1100,2200
1430495645,35.1300,35.2100,35.1200,35.1300,4500
1430495845,35.1100,35.1100,35.0600,35.0600,600
1430496281,35.3200,35.3200,35.0800,35.1150,4100
1430496598,35.2500,35.3000,35.1800,35.2100,4000
1430496886,35.2900,35.3000,35.2100,35.2910,1100
1430496982,35.4086,35.4086,35.2600,35.3000,2200
1430497395,35.2950,35.3500,35.1800,35.3200,2200
1430497721,35.3650,35.3650,35.3600,35.3600,400
1430498055,35.2860,35.3600,35.1500,35.3600,3000
1430498632,35.2650,35.2650,35.2200,35.2400,400
1430498982,35.1500,35.2500,35.1500,35.2200,700
1430499284,35.1300,35.2500,35.1300,35.2500,1300
1430499512,35.1950,35.2500,35.1500,35.2000,800
1430499837,35.2600,35.2700,35.1200,35.1200,6600
1430500192,35.1200,35.2150,35.1200,35.2150,900
1430500458,35.1200,35.2304,35.1200,35.1750,500
1430500786,35.1750,35.2200,35.1300,35.1300,1000
1430501058,34.8800,35.2200,34.7100,35.1300,13900
1430501262,35.0000,35.0100,34.9550,34.9550,1800
1430501638,35.0480,35.0700,34.8900,35.0700,3200
1430501946,34.9400,35.0500,34.9400,35.0500,600
1430502254,34.9400,35.0400,34.9400,35.0400,1000
1430502591,34.9300,34.9450,34.8600,34.9400,2500
1430502878,34.9000,35.0000,34.9000,34.9400,800
1430503176,34.9000,34.9000,34.9000,34.9000,500
1430503384,34.8700,34.8700,34.8200,34.8500,1500
1430503712,34.8000,34.8100,34.8000,34.8100,700
1430504078,34.7000,34.8000,34.7000,34.8000,3800
1430504352,34.4000,34.6400,34.3800,34.6400,6800
1430504688,34.5500,34.5800,34.4800,34.5300,3900
1430504834,34.5800,34.5800,34.5000,34.5000,1300
1430505242,34.7400,34.7400,34.6300,34.6300,2800
1430505579,34.8450,34.8500,34.7430,34.7500,2000
1430505852,34.8300,34.8500,34.7700,34.8200,3000
1430506155,34.9900,34.9900,34.8300,34.8300,1200
1430506396,34.8250,34.9700,34.7200,34.9700,4400
1430506766,34.9200,34.9200,34.8000,34.8500,700
1430507005,35.0000,35.0000,34.8600,34.9200,700
1430507378,34.9999,34.9999,34.9999,34.9999,200
1430507529,35.0000,35.0000,34.9000,34.9000,600
1430507858,34.9500,35.0200,34.9500,35.0200,1400
1430508285,34.9301,35.0100,34.9300,34.9900,8600
1430508565,34.9300,35.0000,34.9000,35.0000,1100
1430508850,34.9900,35.0000,34.9100,34.9100,5000
1430509196,35.0600,35.1000,34.9900,35.0900,1500
1430509458,34.9500,35.0500,34.9000,35.0500,2100
1430509764,35.0000,35.0000,34.9400,34.9400,9200
1430510094,35.0800,35.0800,34.9500,35.0000,5200
1430510355,35.1300,35.2300,35.0000,35.0900,23700
1430510400,35.1600,35.1600,35.1600,35.1600,0
1430746409,35.6999,35.6999,35.6999,35.6999,0
1430746517,35.5300,35.5400,35.5300,35.5400,200
1430747099,35.4600,35.4600,35.4600,35.4600,400
1430747291,35.4700,35.4700,35.4700,35.4700,100
1430747662,35.4700,35.5100,35.4700,35.5100,200
1430747760,35.7200,35.7200,35.6900,35.6900,300
1430748081,35.5800,35.5900,35.5800,35.5900,400
1430748874,35.5000,35.5000,35.5000,35.5000,100
1430749062,35.5100,35.5100,35.5100,35.5100,100
1430749283,35.6100,35.6100,35.6100,35.6100,300
1430749517,35.6100,35.6100,35.6100,35.6100,100
1430749982,35.7900,35.8800,35.7900,35.8020,400
1430750385,35.6600,35.7700,35.6600,35.7700,600
1430750403,35.5101,35.6200,35.5000,35.6200,500
1430751297,35.5000,35.5100,35.4600,35.5100,1100
1430751521,35.3900,35.5000,35.3000,35.3950,3500
1430751616,35.5200,35.5300,35.5000,35.5000,600
1430752182,35.5748,35.6000,35.5000,35.5100,700
1430752417,35.4900,35.6300,35.4900,35.6000,1500
1430752593,35.4900,35.4900,35.4900,35.4900,400
1430753012,35.3800,35.5510,35.3800,35.5510,1100
1430753240,35.5990,35.5990,35.4900,35.5000,1000
1430753602,35.5025,35.5700,35.5025,35.5700,900
1430753921,35.5000,35.5000,35.5000,35.5000,100
1430754127,35.5600,35.5600,35.5600,35.5600,100
1430754563,35.5500,35.5850,35.5400,35.5700,800
1430754731,35.6100,35.7000,35.5700,35.6200,1600
1430755068,35.6700,35.6700,35.6700,35.6700,300
1430755490,35.6900,35.7600,35.6900,35.7600,600
1430755511,35.6900,35.6900,35.6900,35.6900,400
1430756046,35.5660,35.7500,35.5660,35.7500,500
1430756229,35.6000,35.6200,35.6000,35.6200,200
1430756593,35.6600,35.6900,35.6200,35.6900,300
1430756890,35.6200,35.6950,35.6200,35.6950,400
1430757216,35.6400,35.6500,35.5400,35.5600,800
1430757422,35.5900,35.5900,35.5400,35.5900,400
1430757875,35.5000,35.6200,35.5000,35.5300,600
1430758152,35.5600,35.5600,35.5600,35.5600,100
1430758456,35.5780,35.6200,35.5780,35.6200,400
1430758750,35.5500,35.5950,35.5500,35.5900,600
1430759056,35.5100,35.6000,35.5000,35.5000,2400
1430759350,35.3400,35.3500,35.3400,35.3500,300
1430759589,35.5200,35.5200,35.3400,35.4200,1000
1430759886,35.4800,35.4850,35.4500,35.4850,500
1430760268,35.3800,35.3800,35.3800,35.3800,200
1430760461,35.6400,35.6400,35.4400,35.4400,2400
1430760742,35.5300,35.5300,35.5300,35.5300,100
1430761153,35.6100,35.6500,35.5950,35.6500,400
1430761344,35.5400,35.5400,35.5400,35.5400,100
1430761664,35.6500,35.6500,35.5400,35.5400,200
1430762053,35.5939,35.5939,35.5939,35.5939,100
1430762357,35.6500,35.6500,35.5400,35.5400,200
1430762606,35.6400,35.6400,35.6400,35.6400,100
1430762907,35.6497,35.6497,35.5500,35.5500,400
1430763149,35.6000,35.6100,35.6000,35.6100,400
1430763551,35.6000,35.6000,35.5100,35.6000,900
1430763667,35.5000,35.5000,35.5000,35.5000,600
1430764347,35.4500,35.4700,35.4500,35.4700,200
1430764534,35.5200,35.5200,35.5200,35.5200,300
1430765032,35.5700,35.5700,35.4700,35.4700,300
1430765354,35.6700,35.6900,35.5700,35.5700,1300
1430765693,35.7900,35.8100,35.6700,35.7200,2400
1430765864,35.7800,35.8000,35.7800,35.7800,2000
1430766126,35.8800,35.8800,35.7500,35.7500,1000
1430766547,36.0100,36.1400,35.8350,35.8750,2400
1430766887,36.0800,36.0800,36.0300,36.0730,1000
1430767188,36.0750,36.0750,36.0200,36.0300,2200
1430767444,36.0400,36.0800,36.0100,36.0100,1400
1430767737,36.0200,36.1150,36.0200,36.0400,2100
1430768041,36.1750,36.2200,36.0100,36.0100,3300
1430768377,36.2850,36.4700,36.2100,36.2100,3500
1430768612,36.3400,36.5300,36.2900,36.2900,13300
1430768880,36.3800,36.5700,36.2900,36.2900,5300
1430769295,36.6400,36.6600,36.3900,36.4100,4700
1430769558,36.3101,36.6300,36.3100,36.6300,16900
1430769600,36.3300,36.3300,36.3300,36.3300,0
1430832948,36.3900,36.3900,36.3900,36.3900,0
1430833448,36.1599,36.1599,36.1000,36.1000,1100
1430833794,35.9800,36.0200,35.9800,36.0200,500
1430833920,35.6320,35.8280,35.6320,35.7900,2500
1430834393,35.5500,35.6550,35.5500,35.6200,2400
1430834687,35.3000,35.6000,35.3000,35.5000,1300
1430834979,35.4400,35.6150,35.3600,35.4400,3000
1430835280,35.6300,35.6300,35.3100,35.4400,5400
1430835549,35.5830,35.6200,35.4705,35.6100,3600
1430835641,35.5900,35.5900,35.5900,35.5900,100
1430835901,35.4700,35.4700,35.4700,35.4700,200
1430836230,35.3300,35.4900,35.3300,35.4900,400
1430836785,35.3900,35.4100,35.3900,35.4100,300
1430837071,35.5100,35.5300,35.3800,35.3800,3700
1430837541,35.5600,35.5600,35.4200,35.5100,2400
1430837971,35.5500,35.5800,35.5300,35.5800,700
1430838033,35.5100,35.5100,35.5100,35.5100,2000
1430838490,35.3900,35.5200,35.3900,35.5200,1400
1430838689,35.5200,35.5200,35.5100,35.5100,600
1430839169,35.5300,35.5300,35.5300,35.5300,100
1430839459,35.3100,35.5100,35.2300,35.5100,1300
1430839731,35.2425,35.2700,35.2300,35.2500,1300
1430839855,35.2900,35.2900,35.2900,35.2900,300
1430840967,35.2300,35.2900,35.2300,35.2800,2600
1430841129,35.1900,35.2700,35.1900,35.2300,3200
1430841631,35.2860,35.4300,35.2200,35.2600,2500
1430842185,35.3900,35.3900,35.3090,35.3550,800
1430842454,35.4200,35.4650,35.3250,35.3450,2500
1430842674,35.5000,35.5000,35.3700,35.4100,1200
1430843048,35.4500,35.5000,35.3975,35.5000,500
1430843368,35.5600,35.5600,35.3600,35.4500,1300
1430843603,35.6500,35.6500,35.6500,35.6500,100
1430844548,35.6500,35.6500,35.6500,35.6500,400
1430844859,35.5000,35.5800,35.5000,35.5800,300
1430845153,35.4400,35.5000,35.4400,35.5000,1400
1430845457,35.4800,35.5900,35.4200,35.4550,3400
1430845749,35.5800,35.5800,35.5300,35.5300,1100
1430846065,35.5500,35.5500,35.5000,35.5000,200
1430846314,35.4100,35.5300,35.4100,35.5300,300
1430846599,35.3700,35.3700,35.3700,35.3700,700
1430846932,35.5400,35.5400,35.4200,35.4200,3600
1430847265,35.4700,35.4700,35.4400,35.4400,400
1430847525,35.4050,35.4100,35.4050,35.4100,500
1430847821,35.4600,35.5300,35.4100,35.4100,4500
1430848161,35.5300,35.5900,35.5000,35.5000,1200
1430848783,35.4550,35.5000,35.4550,35.4900,600
1430848937,35.5900,35.5900,35.4700,35.4700,1100
1430849340,35.4700,35.5400,35.4700,35.5400,1000
1430849845,35.4900,35.5600,35.4900,35.5600,600
1430850089,35.5800,35.5800,35.5500,35.5600,600
1430850457,35.6500,35.6600,35.5700,35.6600,3100
1430850888,35.6000,35.6800,35.6000,35.6800,1600
1430851143,35.5800,35.5900,35.5800,35.5900,400
1430851480,35.6700,35.6700,35.5800,35.5800,500
1430851771,35.5800,35.5800,35.5800,35.5800,300
1430852003,35.5750,35.5800,35.5750,35.5800,300
1430852381,35.5100,35.6100,35.5100,35.6000,400
1430852580,35.5600,35.5600,35.5100,35.5100,200
1430852951,35.5000,35.6000,35.5000,35.5300,2700
1430853095,35.5400,35.5800,35.5000,35.5000,2200
1430853396,35.6749,35.6749,35.6749,35.6749,400
1430853819,35.6450,35.6700,35.6450,35.6700,800
1430854038,35.7100,35.7100,35.6600,35.6600,900
1430854475,35.6300,35.7100,35.6200,35.7100,500
1430854751,35.6200,35.6900,35.5900,35.6200,4700
1430855050,35.5500,35.5900,35.5500,35.5600,1000
1430855350,35.4700,35.5800,35.4700,35.5800,5400
1430855647,35.5800,35.5800,35.5200,35.5300,2500
1430855957,35.7600,35.7600,35.6300,35.6400,21200
1430856000,35.6900,35.6900,35.6900,35.6900,0
1430919554,35.6100,35.6100,35.6000,35.6100,0
1430919600,35.4300,35.4300,35.4300,35.4300,100
1430920124,35.5600,35.5600,35.3100,35.3100,1400
1430920494,35.5400,35.5400,35.5400,35.5400,200
1430920769,35.6300,35.7300,35.4900,35.5880,3700
1430920816,35.5001,35.7569,35.5001,35.7569,200
1430921163,35.7400,35.7400,35.7400,35.7400,400
1430921422,35.8200,35.8200,35.8000,35.8000,400
1430921955,35.8000,35.9000,35.8000,35.8300,800
1430922264,35.8850,35.9000,35.7300,35.7300,1200
1430922544,35.8300,35.9050,35.7400,35.7400,3300
1430922892,36.0800,36.0800,35.9450,36.0000,2100
1430923138,36.0550,36.1100,36.0400,36.0900,2600
1430923396,36.1400,36.1500,36.1200,36.1200,500
1430923684,36.1300,36.1800,36.1300,36.1600,1000
1430924231,36.1600,36.1600,36.1600,36.1600,100
1430924581,36.2200,36.2400,36.2200,36.2200,1000
1430924844,36.1800,36.1800,36.1800,36.1800,400
1430925288,35.9700,35.9700,35.8700,35.9300,800
1430925405,35.9600,35.9600,35.9150,35.9150,400
1430925843,35.9300,35.9700,35.8800,35.9400,700
1430926179,35.9600,35.9600,35.9600,35.9600,200
1430926359,35.8400,35.8900,35.8400,35.8900,700
1430926721,35.8550,35.8550,35.8550,35.8550,200
1430927075,35.8900,35.8900,35.8100,35.8100,600
1430927334,35.9000,35.9000,35.9000,35.9000,300
1430927694,35.9800,35.9800,35.8200,35.8200,1600
1430927974,36.1200,36.1200,35.9800,35.9800,1000
1430928161,36.1200,36.1200,36.1200,36.1200,100
1430928531,36.0400,36.1200,36.0100,36.1200,800
1430928878,36.1100,36.1200,36.1100,36.1200,200
1430929160,36.0500,36.0700,36.0500,36.0600,300
1430929416,36.0800,36.0800,36.0800,36.0800,200
1430929779,36.0800,36.0800,36.0500,36.0500,300
1430930317,36.0600,36.0600,36.0400,36.0400,1600
1430930674,36.0600,36.0740,36.0000,36.0700,1200
1430930982,36.0600,36.0700,36.0000,36.0000,300
1430931213,36.0500,36.0600,35.9500,36.0500,600
1430931578,36.0400,36.0400,35.9400,35.9400,200
1430931863,35.9600,36.0300,35.9600,36.0300,300
1430932197,35.9000,36.0050,35.9000,36.0050,300
1430932434,35.8700,35.9500,35.7600,35.9000,700
1430932683,35.7000,35.7800,35.7000,35.7800,1300
1430933391,35.6500,35.7600,35.6500,35.7000,800
1430933999,35.7600,35.7800,35.7200,35.7500,1800
1430934271,35.9060,35.9060,35.7700,35.7700,1100
1430934858,35.8400,35.9250,35.8300,35.8300,500
1430935192,36.0200,36.0700,35.9300,35.9600,2200
1430935425,36.1760,36.1760,36.0550,36.0950,1800
1430935712,36.2000,36.2000,36.1850,36.1850,400
1430936092,36.0400,36.2200,36.0400,36.2200,5000
1430936112,35.9850,35.9850,35.9850,35.9850,100
1430936664,35.9350,35.9350,35.8800,35.8800,300
1430936958,35.9600,35.9600,35.8600,35.8600,2100
1430937288,35.9700,35.9900,35.8900,35.8900,1100
1430937763,35.9300,35.9800,35.9300,35.9400,500
1430938154,36.0100,36.0100,35.9650,35.9900,1200
1430938469,36.1000,36.1000,36.0400,36.0400,500
1430938753,35.9900,36.0200,35.9900,36.0200,1100
1430939088,36.0200,36.0400,35.9800,36.0400,1800
1430939354,36.0400,36.1000,36.0100,36.0100,1100
1430939594,36.0800,36.1000,36.0600,36.0700,1000
1430939912,36.0800,36.0800,35.9900,36.0000,700
1430940194,36.0800,36.0800,36.0800,36.0800,300
1430940599,36.0700,36.0900,36.0650,36.0800,1000
1430940844,35.9100,36.0900,35.9100,36.0800,1800
1430941169,35.8750,35.8750,35.6880,35.8300,2400
1430941492,36.0000,36.0100,35.8700,35.8700,1200
1430941764,36.1000,36.1000,36.0000,36.0000,3100
1430942098,36.1100,36.1600,36.0500,36.0900,3700
1430942360,36.3500,36.3600,36.1200,36.1700,13900
1430942400,36.2800,36.2800,36.2800,36.2800,0
1431006200,36.5900,36.5900,36.3400,36.3700,0
1431006328,36.5400,36.5400,36.3200,36.5000,1600
1431007008,36.2900,36.4400,36.2900,36.4400,400
1431007374,36.1850,36.2100,36.1850,36.2100,700
1431007788,36.1300,36.1800,36.1300,36.1800,400
1431008045,36.2000,36.2000,36.1600,36.1600,1100
1431008441,36.3500,36.3500,36.2600,36.2600,1000
1431008894,36.0900,36.2000,36.0700,36.1900,1900
1431009277,36.1500,36.1900,36.1200,36.1900,600
1431009589,36.0400,36.0400,36.0300,36.0300,400
1431009856,36.0900,36.2000,36.0400,36.0400,1200
1431010155,36.2000,36.2000,36.1700,36.1700,800
1431010412,36.3600,36.4600,36.2000,36.2000,6400
1431010713,36.1500,36.3200,36.1500,36.3200,400
1431010992,36.2100,36.2700,36.2100,36.2700,200
1431011350,36.1200,36.2500,36.1200,36.1800,400
1431011622,36.2000,36.2000,36.0000,36.1500,1500
1431011912,36.2300,36.2300,36.2200,36.2300,400
1431012199,36.2400,36.2400,36.1500,36.2300,600
1431012489,36.1900,36.1900,36.0600,36.1100,500
1431012789,36.2500,36.2500,36.2000,36.2000,700
1431013093,36.1600,36.2400,36.1000,36.2350,1400
1431013335,36.1200,36.2300,36.1200,36.2300,800
1431013714,36.1750,36.2050,36.1600,36.1700,900
1431014035,36.2700,36.2700,36.2300,36.2400,1600
1431014345,36.4300,36.4400,36.2700,36.2700,600
1431014686,36.3800,36.4000,36.3400,36.4000,1100
1431014958,36.3100,36.3900,36.3100,36.3800,600
1431015132,36.4500,36.4900,36.3900,36.3900,600
1431015559,36.4250,36.5300,36.4100,36.4100,400
1431015791,36.3900,36.4700,36.3900,36.4700,200
1431016164,36.6000,36.6000,36.3900,36.4700,3200
1431016477,36.7400,36.7400,36.7200,36.7400,400
1431016598,36.9500,36.9500,36.7400,36.7400,500
1431016808,36.9000,36.9000,36.8800,36.8800,900
1431017321,36.7000,36.8350,36.6400,36.8000,1500
1431017694,36.9500,36.9500,36.8500,36.8500,500
1431017904,36.8500,36.8900,36.7900,36.8900,500
1431018115,36.8200,36.8200,36.8200,36.8200,100
1431018565,36.8100,36.8100,36.7300,36.8100,700
1431018808,36.7300,36.7700,36.6500,36.7650,1000
1431019162,36.6800,36.7700,36.6740,36.7400,900
1431019385,36.8600,36.8600,36.7600,36.7600,900
1431019785,36.9000,36.9100,36.8300,36.8900,700
1431020008,36.9300,36.9300,36.7900,36.7900,700
1431020399,37.0000,37.0000,36.8400,36.8400,800
1431020630,37.0700,37.0900,36.9800,37.0900,400
1431020950,36.8100,37.0700,36.8100,37.0000,1200
1431021224,36.9200,36.9200,36.9200,36.9200,300
1431021442,36.8200,36.8700,36.7600,36.8700,600
1431021811,36.7429,36.7950,36.7400,36.7600,1200
1431022186,36.6700,36.7600,36.6700,36.6800,1400
1431022496,36.6350,36.6550,36.6000,36.6300,800
1431022765,36.5500,36.6100,36.5500,36.6100,600
1431023094,36.5000,36.5900,36.5000,36.5900,1300
1431023323,36.5000,36.5300,36.5000,36.5000,1200
1431023632,36.5750,36.6800,36.5000,36.5300,4100
1431023977,36.4000,36.5100,36.2800,36.5100,2300
1431024190,36.4350,36.4350,36.3700,36.3800,400
1431024585,36.4300,36.5300,36.4300,36.5300,1800
1431024883,36.4400,36.5500,36.4300,36.5500,800
1431025185,36.4300,36.5300,36.4300,36.5200,600
1431025391,36.2400,36.4300,36.2280,36.4300,1400
1431025691,36.3200,36.3200,36.2500,36.3100,1000
1431026000,36.2150,36.2550,36.1900,36.2500,1100
1431026385,36.1400,36.2000,36.1100,36.1800,13800
1431026678,36.0600,36.1200,36.0600,36.1200,1700
1431026957,36.0700,36.0700,36.0550,36.0550,500
1431027159,36.0300,36.0800,36.0300,36.0400,2800
1431027522,36.1700,36.1700,36.0200,36.0200,1200
1431027890,36.0900,36.1500,36.0601,36.1500,900
1431028140,36.1500,36.2200,36.0400,36.1500,2800
1431028492,36.1700,36.3000,36.1600,36.1800,7200
1431028768,36.2700,36.2800,36.1600,36.2300,7900
1431028800,36.2200,36.2200,36.2200,36.2200,0
1431092070,36.3200,36.3200,36.3100,36.3100,0
1431092378,36.5500,36.5500,36.5500,36.5500,300
1431092620,36.1900,36.4300,36.1900,36.4300,800
1431093293,36.3000,36.3211,36.3000,36.3211,400
1431093892,36.1600,36.2300,36.1600,36.2000,1600
1431094029,36.3000,36.3000,36.1900,36.2400,1300
1431094465,36.2800,36.2900,36.2800,36.2900,400
1431094648,36.2550,36.2550,36.2200,36.2550,300
1431094870,36.3000,36.3000,36.2200,36.2200,800
1431095284,36.4100,36.4100,36.3200,36.3200,1200
1431095473,36.4291,36.4300,36.3850,36.3850,600
1431095727,36.3600,36.3600,36.3400,36.3600,600
1431096297,36.2500,36.4200,36.2500,36.4150,5800
1431096441,36.2500,36.2500,36.2500,36.2500,100
1431096853,36.1430,36.2300,36.1100,36.2300,800
1431097720,36.0900,36.1500,36.0900,36.1100,1200
1431098022,36.2370,36.3000,36.0801,36.1600,1200
1431098378,36.2900,36.2900,36.1700,36.1800,3000
1431098699,36.3000,36.4300,36.2900,36.2900,2500
1431098976,36.2800,36.3949,36.2800,36.3949,500
1431099281,36.3400,36.3400,36.2700,36.2700,1100
1431099353,36.3200,36.3200,36.3200,36.3200,300
1431099894,36.3100,36.3100,36.3100,36.3100,100
1431100126,36.3200,36.3200,36.2780,36.3100,700
1431100494,36.2800,36.2800,36.2800,36.2800,100
1431100790,36.3300,36.3300,36.2900,36.3200,900
1431100944,36.3000,36.3600,36.2800,36.3400,1300
1431101353,36.2300,36.2800,36.2100,36.2800,600
1431101962,36.1852,36.2000,36.1852,36.2000,800
1431102227,36.1425,36.2100,36.1200,36.1300,1900
1431102578,36.1200,36.1200,36.1200,36.1200,500
1431102839,35.9900,36.0500,35.9900,36.0000,1900
1431103036,35.9400,35.9500,35.9400,35.9500,800
1431103669,35.9400,35.9400,35.9400,35.9400,100
1431104053,35.8400,35.9100,35.8400,35.9100,1800
1431104363,35.8600,35.8600,35.8200,35.8200,1200
1431104662,35.9200,35.9300,35.9200,35.9200,700
1431105149,35.9900,35.9900,35.9100,35.9100,1100
1431106103,36.0600,36.0600,36.0300,36.0300,800
1431106565,36.0300,36.0300,36.0300,36.0300,500
1431107241,36.0100,36.1100,36.0100,36.1100,1100
1431107695,35.8900,35.8900,35.8900,35.8900,200
1431107935,35.9400,35.9400,35.8900,35.9400,800
1431108193,35.9500,35.9500,35.9200,35.9500,800
1431108804,36.0100,36.0100,36.0100,36.0100,200
1431109150,36.0400,36.0400,35.9600,35.9700,1000
1431109633,36.0300,36.0800,36.0300,36.0800,300
1431109840,36.0312,36.0312,36.0312,36.0312,500
1431110580,36.0600,36.1400,36.0400,36.0900,1500
1431110937,36.0200,36.0300,36.0200,36.0300,400
1431111279,36.0100,36.0900,36.0100,36.0900,1500
1431111363,36.0000,36.0900,36.0000,36.0100,600
1431111757,35.9500,36.0000,35.9500,36.0000,1100
1431112194,35.9500,36.0400,35.9500,36.0400,300
1431112449,36.0200,36.0400,35.9707,36.0400,600
1431112743,36.0100,36.0400,36.0100,36.0100,700
1431113065,36.1300,36.1300,36.0200,36.0350,4500
1431113385,36.0200,36.0800,35.9900,36.0000,1200
1431113664,36.0300,36.0300,36.0150,36.0150,300
1431113999,36.0000,36.0800,35.9900,36.0800,1200
1431114102,35.9600,36.0000,35.9500,36.0000,700
1431114550,35.9700,36.0700,35.9700,36.0500,2200
1431114791,35.9700,36.0200,35.9700,36.0000,2800
1431115140,35.9600,36.0000,35.9600,36.0000,6800
1431115200,36.0000,36.0000,36.0000,36.0000,0
1431351268,36.2900,36.2900,36.1200,36.2400,0
1431352492,36.2100,36.2100,36.2100,36.2100,100
1431353011,36.3000,36.4400,36.2100,36.2100,2500
1431353221,36.3400,36.4250,36.3400,36.4250,1100
1431353628,36.3000,36.3100,36.3000,36.3100,300
1431353987,36.2900,36.3700,36.2900,36.3400,600
1431354279,36.3000,36.4100,36.2900,36.3394,900
1431354882,36.2000,36.2900,36.2000,36.2900,600
1431355027,36.2100,36.3000,36.2100,36.3000,13000
1431355402,36.2000,36.2580,36.2000,36.2580,400
1431355780,36.3099,36.3099,36.2200,36.3091,600
1431356000,36.2800,36.3100,36.2600,36.2600,800
1431356182,36.2750,36.2800,36.2400,36.2600,600
1431356581,36.3300,36.3300,36.2700,36.2700,1700
1431356999,36.3699,36.3699,36.3450,36.3550,900
1431357206,36.4370,36.4370,36.2501,36.3500,1300
1431357652,36.3700,36.4200,36.3500,36.3500,700
1431358088,36.3900,36.3900,36.3000,36.3000,700
1431358423,36.4184,36.4184,36.4184,36.4184,100
1431359042,36.4600,36.5200,36.4240,36.4300,3000
1431359354,36.4600,36.5200,36.4300,36.5000,3100
1431359582,36.4750,36.5600,36.4600,36.4700,2300
1431359931,36.4200,36.5200,36.4200,36.5200,20100
1431360235,36.5900,36.5900,36.5400,36.5500,600
1431360447,36.6200,36.6200,36.6200,36.6200,300
1431360845,36.6800,36.6800,36.6700,36.6700,400
1431360969,36.7000,36.7000,36.6900,36.6900,1400
1431361616,36.7200,36.7200,36.7200,36.7200,100
1431362230,36.7800,36.7800,36.7395,36.7395,700
1431362637,36.7400,36.7400,36.7400,36.7400,600
1431362815,36.7750,36.7750,36.7750,36.7750,100
1431363071,36.7800,36.8000,36.7800,36.8000,700
1431363599,36.9200,36.9200,36.8400,36.8400,400
1431363813,36.9450,36.9500,36.9200,36.9200,1100
1431364199,36.9500,36.9500,36.9500,36.9500,100
1431364381,36.9800,36.9800,36.9500,36.9500,700
1431364682,36.9900,37.0100,36.9700,37.0000,1600
1431365908,36.9100,36.9100,36.9000,36.9000,400
1431366270,36.9700,36.9700,36.9700,36.9700,100
1431366572,36.8700,36.8700,36.8700,36.8700,500
1431366664,36.9100,36.9100,36.9000,36.9000,300
1431367020,36.8600,36.9000,36.8600,36.9000,200
1431367431,36.9460,36.9460,36.9021,36.9021,1200
1431367747,36.8500,36.8700,36.8500,36.8700,800
1431367961,36.7400,36.8500,36.7400,36.8500,1100
1431368285,36.6900,36.7000,36.6900,36.7000,1100
1431368640,36.6100,36.6500,36.6000,36.6500,400
1431368730,36.6300,36.6300,36.6300,36.6300,200
1431369227,36.6000,36.6799,36.6000,36.6050,1700
1431369377,36.6008,36.6008,36.6000,36.6000,300
1431369887,36.6250,36.6800,36.6250,36.6700,1600
1431369984,36.6700,36.6700,36.6200,36.6200,500
1431370442,36.6200,36.6600,36.6200,36.6600,500
1431370719,36.4200,36.6700,36.4200,36.6200,3200
1431371072,36.4000,36.4592,36.4000,36.4400,2800
1431371336,36.4000,36.4000,36.4000,36.4000,700
1431371687,36.4150,36.4300,36.4000,36.4000,400
1431371906,36.4200,36.4200,36.4000,36.4000,700
1431372293,36.4200,36.4600,36.4200,36.4300,3900
1431372547,36.4400,36.5200,36.4200,36.4200,2700
1431372835,36.5600,36.6400,36.5200,36.5200,3800
1431373188,36.7500,36.7500,36.5500,36.5500,3900
1431373480,36.7100,36.7747,36.6500,36.7500,5600
1431373797,36.7600,36.7600,36.7100,36.7100,5400
1431374057,36.7900,36.8299,36.7500,36.7700,4000
1431374354,36.8000,36.8400,36.7800,36.8000,7800
1431374400,36.7600,36.7600,36.7600,36.7600,0
1431437687,36.7500,36.7500,36.7500,36.7500,0
1431438296,36.4500,36.6400,36.4200,36.6400,4000
1431438544,36.3700,36.5050,36.3700,36.4200,9700
1431438887,36.3600,36.4100,36.3300,36.4100,2700
1431439181,36.5300,36.6100,36.3800,36.3900,4900
1431439226,36.5100,36.6400,36.4700,36.6400,800
1431439873,36.4850,36.5150,36.4300,36.4600,1100
1431440371,36.4000,36.5700,36.4000,36.5300,3800
1431440661,36.4000,36.4400,36.2700,36.4300,3100
1431440999,36.4492,36.5999,36.3750,36.5000,2400
1431441277,36.5500,36.6200,36.4000,36.4000,2400
1431441539,36.5600,36.6000,36.4100,36.5900,4200
1431441847,36.9500,36.9500,36.6100,36.6100,3900
1431442182,36.9800,37.0500,36.8800,36.9900,2600
1431442463,36.7700,36.9500,36.7700,36.9500,2100
1431442623,36.6000,36.6000,36.6000,36.6000,100
1431443082,36.7900,36.7900,36.6100,36.6100,900
1431443380,36.9300,37.0050,36.7100,36.9100,2000
1431443680,37.0300,37.0300,36.7600,36.7600,900
1431443951,36.9700,37.0100,36.9200,36.9500,1500
1431444265,36.9100,36.9700,36.7700,36.9700,3100
1431444593,36.9500,37.0400,36.8250,36.9500,5700
1431444899,36.9500,36.9800,36.8000,36.8500,4400
1431445151,36.8500,37.0300,36.8100,36.8400,3800
1431445482,36.9400,37.0000,36.7575,36.8100,3900
1431445730,36.8800,37.0000,36.8800,36.9500,4400
1431446050,36.8600,36.9500,36.8600,36.9400,1500
1431446381,36.9100,36.9100,36.7600,36.7800,5700
1431446651,36.9300,36.9800,36.8700,36.8700,1800
1431446992,36.9500,37.0300,36.8900,36.9600,4200
1431447292,36.9100,37.0000,36.9000,36.9500,1500
1431447550,36.9200,36.9500,36.9000,36.9000,2900
1431447674,36.9000,36.9000,36.9000,36.9000,400
1431448174,37.0000,37.0000,36.8800,37.0000,3400
1431448468,37.1300,37.1300,37.0000,37.0000,700
1431448655,37.1500,37.1500,37.1300,37.1500,300
1431448983,37.2000,37.2000,37.1700,37.1700,600
1431449348,37.2400,37.2400,37.2400,37.2400,200
1431449579,37.2500,37.2500,37.2101,37.2101,1600
1431449889,37.3000,37.3199,37.3000,37.3199,800
1431450149,37.3500,37.3700,37.3308,37.3700,1600
1431450800,37.4100,37.4100,37.3600,37.3600,500
1431451189,37.5000,37.5000,37.4500,37.4500,500
1431451290,37.5375,37.5375,37.5375,37.5375,100
1431451768,37.4150,37.4150,37.4150,37.4150,100
1431451959,37.5500,37.5500,37.5250,37.5250,1100
1431452267,37.6100,37.6100,37.6000,37.6000,500
1431452940,37.6100,37.6300,37.6000,37.6100,1300
1431453208,37.6500,37.6500,37.6120,37.6400,800
1431453476,37.6050,37.6050,37.6000,37.6000,400
1431454129,37.4300,37.5500,37.4300,37.5500,700
1431454355,37.4800,37.5300,37.4800,37.5300,400
1431454724,37.5000,37.5000,37.4300,37.4300,200
1431455069,37.3500,37.4700,37.3300,37.4700,2000
1431455196,37.3900,37.3900,37.3500,37.3500,1000
1431455667,37.2900,37.3200,37.2900,37.3200,400
1431455982,37.3700,37.3700,37.2250,37.2250,1800
1431456263,37.3700,37.3900,37.3000,37.3900,1000
1431456427,37.3359,37.3600,37.3359,37.3600,400
1431457070,37.3800,37.3800,37.3000,37.3800,1100
1431457270,37.3900,37.3900,37.3800,37.3800,800
1431457799,37.4000,37.4000,37.3800,37.4000,1600
1431458054,37.4400,37.4400,37.4000,37.4000,500
1431458105,37.4700,37.4700,37.4700,37.4700,100
1431458691,37.4700,37.5400,37.4700,37.5350,1400
1431458964,37.4450,37.4800,37.3900,37.4800,2000
1431459289,37.4380,37.4550,37.4300,37.4450,1100
1431459543,37.4200,37.4200,37.3900,37.4100,1300
1431459866,37.3300,37.4000,37.3100,37.4000,2800
1431460194,37.4600,37.4600,37.3600,37.3600,3400
1431460497,37.5600,37.6299,37.4900,37.5500,6600
1431460761,37.4700,37.5600,37.3900,37.5400,24900
1431460800,37.4900,37.4900,37.4900,37.4900,0
1431524071,38.4500,38.5090,37.2900,37.7800,0
1431524387,39.0800,39.1300,38.1850,38.2000,11100
1431524692,38.6950,39.2500,38.3500,38.9026,6000
1431524929,38.4800,38.9700,38.1700,38.5901,12700
1431525202,38.1110,38.7399,38.1110,38.3750,4100
1431525580,38.1200,38.1950,38.0000,38.1000,3600
1431525897,37.6250,38.1200,37.3900,38.0200,11600
1431526180,37.5900,37.7100,37.4221,37.7100,4500
1431526351,37.6500,37.6500,37.4300,37.4300,1200
1431526790,37.6700,37.8400,37.6700,37.8200,900
1431527066,37.5400,37.5500,37.5400,37.5500,300
1431527390,37.2550,37.6800,37.1500,37.6800,5000
1431527683,37.0400,37.2500,36.8000,37.2500,6700
1431527982,37.0000,37.2400,36.8201,36.8340,3800
1431528291,37.1900,37.2899,36.8600,37.0432,3900
1431528528,37.2300,37.3250,37.2300,37.2800,700
1431528758,37.1180,37.1180,37.1180,37.1180,200
1431529329,37.1150,37.2200,37.1150,37.1300,700
1431529772,37.1800,37.1800,37.0100,37.1200,800
1431529838,37.3600,37.3600,37.3600,37.3600,1300
1431530336,37.2500,37.3500,37.2500,37.3500,200
1431530685,37.3850,37.5300,37.2400,37.3200,1300
1431530965,37.4850,37.4982,37.4300,37.4982,800
1431531236,37.2800,37.4300,37.2800,37.4300,1300
1431531563,37.2300,37.3808,37.2300,37.3808,900
1431531899,37.3100,37.3500,37.2300,37.2300,2000
1431532182,37.2450,37.3515,37.2000,37.2950,2000
1431532264,37.1900,37.2500,37.1900,37.2400,2600
1431532768,37.5000,37.5000,37.4760,37.4900,400
1431533095,37.9000,37.9400,37.5400,37.5400,12300
1431533377,37.9600,38.0500,37.8698,38.0200,1100
1431533508,37.9237,37.9600,37.9237,37.9600,300
1431533740,38.0900,38.0900,37.9600,37.9600,500
1431534183,38.1460,38.1460,38.1460,38.1460,100
1431534596,38.0050,38.1500,38.0000,38.1500,13600
1431534847,37.9200,38.0800,37.8500,38.0050,3600
1431535452,37.9500,37.9800,37.9300,37.9800,800
1431535796,38.0300,38.0300,37.9500,37.9500,1900
1431536099,38.0500,38.0500,37.8800,38.0200,5800
1431536281,37.9600,38.0500,37.9000,38.0500,2000
1431536696,37.7500,38.1200,37.7500,38.1200,4800
1431536711,37.7800,37.7800,37.6200,37.6200,1300
1431537157,37.6150,37.6800,37.5500,37.6800,300
1431537883,37.6300,37.6800,37.5500,37.6740,500
1431538199,37.5000,37.5700,37.3500,37.5500,17400
1431538487,37.8150,38.1000,37.4400,37.4400,25500
1431538700,37.5500,37.7300,37.5500,37.7300,700
1431539022,37.5000,37.5400,37.5000,37.5400,300
1431539353,37.4900,37.5950,37.4800,37.4900,700
1431539685,37.4300,37.5550,37.4300,37.4900,500
1431539960,37.5900,37.5900,37.4300,37.4300,600
1431540252,37.5900,37.6750,37.4600,37.4600,3000
1431540570,37.5800,37.7300,37.5800,37.6800,600
1431540882,37.6600,37.6600,37.5400,37.5800,1000
1431541120,37.5400,37.6500,37.5300,37.5600,400
1431541468,37.7400,37.7400,37.5400,37.6500,1200
1431541795,37.8500,37.8900,37.7600,37.8400,4700
1431542046,37.9000,37.9000,37.8200,37.8400,700
1431542342,37.9600,38.1600,37.7600,37.7600,4700
1431542640,38.0000,38.2600,37.9300,37.9300,4000
1431542919,38.0000,38.0700,37.9800,37.9800,900
1431543240,38.0900,38.1400,37.9900,38.0400,2100
1431543562,38.0500,38.1400,38.0500,38.0850,600
1431543802,38.2200,38.2300,38.0700,38.1100,3700
1431544047,38.2700,38.2700,38.2700,38.2700,100
1431544485,38.4100,38.4100,38.2700,38.2700,1500
1431544685,38.4500,38.4500,38.3600,38.4100,2000
1431545072,38.4500,38.4700,38.4250,38.4700,2000
1431545397,38.2450,38.4500,38.2450,38.4500,14200
1431545598,38.4000,38.4000,38.2600,38.2600,2400
1431545900,38.6200,38.7699,38.4700,38.4700,3900
1431546286,38.7200,38.7200,38.4900,38.6000,2400
1431546592,38.7200,38.7200,38.6500,38.7200,2100
1431546840,38.6300,38.6600,38.5500,38.6600,5500
1431547153,38.6000,38.6700,38.5800,38.6350,16600
1431547200,38.5600,38.5600,38.5600,38.5600,0
1431610482,38.6470,38.8450,38.6350,38.8450,0
1431610649,38.6400,38.9700,38.5800,38.9700,1300
1431611017,38.2900,38.4300,38.2540,38.4300,700
1431611395,38.2500,38.5000,38.2500,38.2950,900
1431611600,38.3200,38.3200,38.3100,38.3100,200
1431611961,38.3980,38.5099,38.2400,38.5099,1200
1431612248,38.3000,38.4500,38.2900,38.3401,1500
1431612782,38.4100,38.4100,38.3300,38.3300,2500
1431613190,38.4300,38.6200,38.4300,38.6200,300
1431613241,38.5900,38.5900,38.5900,38.5900,100
1431613718,38.4350,38.5500,38.4300,38.5486,500
1431614090,38.4500,38.4500,38.4000,38.4211,1300
1431614319,38.4500,38.5700,38.4400,38.4400,3200
1431614597,38.4700,38.5900,38.4500,38.4500,700
1431614717,38.2300,38.5100,38.2300,38.5100,1200
1431615473,38.3700,38.3700,38.3700,38.3700,100
1431615855,38.3401,38.3600,38.3401,38.3600,900
1431616167,38.4000,38.4000,38.3000,38.3500,800
1431616417,38.2900,38.4000,38.2900,38.4000,400
1431617036,38.3400,38.3400,38.2500,38.2500,600
1431617159,38.3500,38.3500,38.3500,38.3500,100
1431617672,38.3400,38.3400,38.2312,38.3400,1000
1431617907,38.2600,38.2600,38.2400,38.2400,400
1431618180,38.2300,38.2300,38.2300,38.2300,200
1431618873,38.2800,38.3000,38.2800,38.2900,800
1431618901,38.2900,38.2900,38.2900,38.2900,300
1431619760,38.3200,38.3200,38.2600,38.3100,600
1431620071,38.2900,38.3000,38.2400,38.3000,500
1431620142,38.3000,38.3000,38.3000,38.3000,300
1431620586,38.3400,38.3500,38.3300,38.3300,700
1431620926,38.3500,38.3500,38.3490,38.3490,300
1431621219,38.4600,38.4600,38.3400,38.3400,700
1431621591,38.6200,38.6400,38.4500,38.4500,600
1431621609,38.5500,38.5500,38.5500,38.5500,100
1431622164,38.6700,38.6700,38.5800,38.5800,1200
                                                                                                                   