uri:/instrument/1.0/IPHS/chartdata;type=quote;range=1d/csv
ticker:iphs
Company-Name:Innophos Holdings, Inc.
Exchange-Name:NMS
unit:MIN
timezone:EDT
currency:USD
gmtoffset:-14400
previous_close:50.0500
Timestamp:1431523800,1431547200
labels:1431525600,1431529200,1431532800,1431536400,1431540000,1431543600,1431547200
values:Timestamp,close,high,low,open,volume
close:49.7401,50.3400
high:49.7401,50.3600
low:49.7401,50.3100
open:49.7401,50.3600
volume:0,11000
1431523812,49.7401,49.7401,49.7401,49.7401,2400
1431524048,49.9700,49.9700,49.9700,49.9700,100
1431524110,49.8700,49.8700,49.8700,49.8700,100
1431524169,50.3200,50.3200,49.9350,49.9350,2100
1431524229,50.2800,50.2800,50.2800,50.2800,100
1431524330,50.1200,50.3100,50.1200,50.3000,400
1431524354,50.2200,50.2200,50.2200,50.2200,200
1431524544,50.1500,50.1500,50.1500,50.1500,300
1431524608,50.2500,50.2600,50.2500,50.2600,300
1431524644,50.1900,50.2200,50.1900,50.2100,1400
1431524764,50.1800,50.1800,50.1700,50.1700,600
1431524854,50.2550,50.2550,50.2550,50.2550,100
1431525007,50.3100,50.3100,50.2400,50.2600,1200
1431525190,50.2800,50.3200,50.2800,50.3200,1400
1431525376,50.2700,50.2800,50.2700,50.2800,700
1431525464,50.2700,50.2800,50.2600,50.2800,600
1431525501,50.2200,50.2200,50.2200,50.2200,200
1431525659,50.2100,50.3600,50.2100,50.3600,1200
1431525678,50.2500,50.2500,50.2500,50.2500,200
1431525781,50.2400,50.2900,50.2400,50.2800,800
1431525876,50.3100,50.3100,50.3100,50.3100,100
1431525940,50.2300,50.2300,50.2300,50.2300,100
1431526247,50.3100,50.3200,50.3100,50.3200,500
1431526459,50.3400,50.3600,50.2800,50.2900,1400
1431526565,50.3000,50.3400,50.3000,50.3400,1100
1431526698,50.2700,50.2700,50.2400,50.2400,300
1431526801,50.2400,50.3000,50.2400,50.3000,900
1431527144,50.2400,50.2600,50.2400,50.2600,1100
1431527617,50.2300,50.2300,50.1500,50.1500,800
1431527657,50.1600,50.1600,50.1600,50.1600,400
1431528157,50.1912,50.1912,50.1912,50.1912,100
1431528200,50.1600,50.1600,50.1600,50.1600,300
1431528297,50.1900,50.1900,50.1900,50.1900,100
1431528327,50.1500,50.2000,50.1300,50.1750,2100
1431528404,50.1999,50.1999,50.1100,50.1100,2000
1431528439,50.1300,50.1300,50.1300,50.1300,100
1431528487,50.1400,50.1500,50.1300,50.1300,2300
1431528580,50.1300,50.1700,50.1150,50.1150,1700
1431528609,50.1400,50.1400,50.1400,50.1400,100
1431528695,50.1700,50.1700,50.1700,50.1700,1200
1431528754,50.2100,50.2100,50.1900,50.1900,500
1431528821,50.2500,50.2500,50.2250,50.2500,1600
1431528894,50.2800,50.2800,50.2800,50.2800,1600
1431528927,50.2200,50.2300,50.2200,50.2300,500
1431528963,50.1600,50.1800,50.1250,50.1800,4800
1431529044,50.1700,50.1700,50.1500,50.1500,700
1431529139,50.1700,50.1910,50.1400,50.1700,6200
1431529142,50.1700,50.1700,50.1400,50.1600,1700
1431529332,50.2100,50.2100,50.1900,50.1900,400
1431529445,50.1400,50.1500,50.1000,50.1500,4400
1431529613,50.2000,50.2000,50.2000,50.2000,500
1431529625,50.1800,50.2000,50.1700,50.2000,3300
1431529731,50.1300,50.1800,50.1300,50.1800,400
1431529776,50.1000,50.1200,50.0900,50.1200,1200
1431529836,50.1200,50.2100,50.1200,50.2100,900
1431530099,50.1300,50.1300,50.1300,50.1300,800
1431530140,50.1000,50.1300,50.0900,50.1300,3300
1431530192,50.0570,50.1000,50.0450,50.1000,300
1431530240,50.1100,50.1100,50.1000,50.1000,200
1431530341,50.1900,50.1900,50.1900,50.1900,500
1431530539,50.2010,50.2010,50.2010,50.2010,100
1431530693,50.2000,50.2300,50.1400,50.1600,2900
1431530750,50.1800,50.1800,50.1300,50.1800,1900
1431530856,50.1200,50.1300,50.1200,50.1300,2700
1431531274,50.1750,50.1750,50.1750,50.1750,200
1431531537,50.2200,50.2300,50.1600,50.1750,1700
1431531578,50.1500,50.2000,50.1500,50.2000,800
1431531660,50.2250,50.2250,50.2250,50.2250,100
1431531788,50.2100,50.2100,50.2100,50.2100,100
1431531910,50.1900,50.1900,50.1900,50.1900,100
1431532040,50.1950,50.1950,50.1905,50.1905,600
1431532231,50.1900,50.2600,50.1900,50.2600,900
1431532309,50.2000,50.2000,50.1600,50.1700,2700
1431532364,50.1500,50.2000,50.0800,50.1600,5400
1431532387,50.1501,50.1750,50.1500,50.1500,2600
1431532459,50.2400,50.2400,50.2400,50.2400,500
1431532557,50.2400,50.2500,50.2400,50.2500,700
1431532602,50.1900,50.2500,50.1900,50.2500,700
1431532719,50.2100,50.2100,50.2000,50.2000,400
1431532775,50.2100,50.2100,50.2100,50.2100,300
1431532904,50.2200,50.2300,50.2200,50.2300,900
1431533397,50.2200,50.2200,50.2200,50.2200,200
1431533996,50.2400,50.2400,50.2400,50.2400,200
1431534047,50.2400,50.2400,50.1900,50.2400,1600
1431534105,50.2500,50.2500,50.2000,50.2400,900
1431534151,50.2295,50.2295,50.2250,50.2250,200
1431534227,50.2100,50.2100,50.2000,50.2000,200
1431534274,50.2000,50.2100,50.2000,50.2100,900
1431534550,50.2100,50.2100,50.2100,50.2100,400
1431534703,50.2100,50.2100,50.2100,50.2100,200
1431534869,50.2100,50.2100,50.2100,50.2100,300
1431535008,50.2600,50.2600,50.2400,50.2400,600
1431535020,50.2300,50.2600,50.2300,50.2600,1800
1431535114,50.2300,50.2400,50.2300,50.2400,400
1431535183,50.2400,50.2400,50.2000,50.2300,900
1431535227,50.2300,50.2300,50.2300,50.2300,100
1431535316,50.2400,50.2400,50.2400,50.2400,100
1431535333,50.2400,50.2400,50.2400,50.2400,300
1431535470,50.2500,50.2500,50.2500,50.2500,100
1431535500,50.2200,50.2200,50.2200,50.2200,100
1431535780,50.2500,50.2500,50.1800,50.2500,1700
1431535859,50.2430,50.2430,50.2430,50.2430,300
1431536030,50.2250,50.2250,50.2250,50.2250,100
1431536131,50.1900,50.1900,50.1900,50.1900,100
1431536240,50.1800,50.1800,50.1800,50.1800,1000
1431536579,50.2400,50.2400,50.2000,50.2000,700
1431536612,50.2100,50.2400,50.2100,50.2400,300
1431536776,50.2100,50.2100,50.2100,50.2100,100
1431536891,50.2100,50.2100,50.2100,50.2100,100
1431536999,50.2100,50.2100,50.2100,50.2100,300
1431537300,50.1800,50.2100,50.1800,50.2000,1400
1431537574,50.1800,50.2202,50.1800,50.2202,200
1431537764,50.1900,50.1900,50.1900,50.1900,200
1431537837,50.1800,50.1800,50.1800,50.1800,500
1431537843,50.2200,50.2300,50.1800,50.1800,1300
1431537913,50.1800,50.2300,50.1800,50.2300,800
1431538007,50.2200,50.2200,50.2200,50.2200,100
1431538068,50.2200,50.2200,50.2200,50.2200,100
1431538102,50.2050,50.2050,50.2050,50.2050,100
1431538163,50.2000,50.2170,50.2000,50.2050,500
1431538247,50.1700,50.2200,50.1700,50.2200,600
1431538281,50.1600,50.1700,50.1600,50.1700,400
1431538361,50.1200,50.1200,50.1200,50.1200,100
1431538639,50.1200,50.1200,50.1200,50.1200,300
1431538909,50.0700,50.0800,50.0700,50.0800,1900
1431539073,50.1000,50.1000,50.1000,50.1000,200
1431539133,50.1847,50.1900,50.1800,50.1800,500
1431539217,50.1500,50.1900,50.1500,50.1900,1000
1431539267,50.0300,50.1400,50.0300,50.1400,400
1431539305,50.0600,50.0800,49.9600,50.0050,4700
1431539393,50.0100,50.0400,49.9850,50.0400,600
1431539402,50.0800,50.0800,50.0000,50.0300,5500
1431539492,50.1100,50.1100,50.1100,50.1100,100
1431539779,50.1800,50.1800,50.1700,50.1700,500
1431539878,50.1800,50.1800,50.1700,50.1800,1800
1431539887,50.1700,50.1800,50.1700,50.1800,300
1431539952,50.1200,50.1700,50.1200,50.1700,1900
1431540346,50.1300,50.1300,50.1300,50.1300,200
1431540368,50.1400,50.1400,50.1400,50.1400,500
1431540468,50.1700,50.1700,50.1700,50.1700,100
1431540679,50.1890,50.1890,50.1890,50.1890,100
1431540721,50.1100,50.1300,50.1100,50.1300,600
1431540970,50.0600,50.1000,50.0600,50.1000,300
1431541182,50.0800,50.1200,50.0800,50.1200,500
1431541226,50.0400,50.0400,50.0400,50.0400,100
1431541412,50.0400,50.0400,50.0400,50.0400,100
1431541617,50.1400,50.1400,50.1400,50.1400,900
1431541622,50.1300,50.1400,50.1300,50.1400,1000
1431541721,50.1300,50.1800,50.1300,50.1800,800
1431541759,50.1200,50.1200,50.1200,50.1200,100
1431541803,50.0900,50.1100,50.0900,50.1100,600
1431542037,50.1349,50.1349,50.1300,50.1300,400
1431542540,50.0900,50.0900,50.0900,50.0900,200
1431542605,50.1400,50.1500,50.1300,50.1500,1600
1431542700,50.1300,50.1500,50.1300,50.1400,400
1431542892,50.1400,50.1400,50.1400,50.1400,200
1431542958,50.1200,50.1300,50.1200,50.1300,400
1431543071,50.1000,50.1200,50.1000,50.1200,500
1431543157,50.1500,50.1500,50.1400,50.1500,300
1431543234,50.1100,50.1100,50.0400,50.0600,3300
1431543245,50.0700,50.1000,50.0500,50.1000,3300
1431543346,50.1100,50.1350,50.0500,50.0500,2500
1431543466,50.1300,50.1300,50.1300,50.1300,1700
1431543496,50.1300,50.1300,50.1300,50.1300,100
1431543631,50.1500,50.1500,50.1500,50.1500,300
1431543710,50.1300,50.1600,50.1300,50.1600,1900
1431543727,50.0200,50.1200,50.0200,50.1200,1400
1431544069,50.0600,50.0900,50.0400,50.0600,1200
1431544088,50.1100,50.1100,50.1100,50.1100,100
1431544177,50.1100,50.1100,50.1000,50.1000,200
1431544251,50.0900,50.1000,50.0900,50.1000,600
1431544262,50.0800,50.1000,50.0800,50.1000,300
1431544402,50.0300,50.0600,50.0300,50.0600,600
1431544559,50.0200,50.0200,50.0200,50.0200,100
1431544654,50.0700,50.1000,50.0200,50.0200,400
1431544759,50.1000,50.1000,50.0900,50.0900,500
1431544859,50.0400,50.0400,50.0400,50.0400,400
1431544863,50.0400,50.0400,50.0000,50.0400,300
1431545360,50.0400,50.0500,50.0400,50.0500,500
1431545413,50.0600,50.0600,50.0500,50.0500,700
1431545493,50.0400,50.0600,50.0400,50.0600,2000
1431545634,50.0100,50.0100,50.0100,50.0100,200
1431545689,50.0200,50.0200,50.0200,50.0200,500
1431545717,49.9450,50.0200,49.9400,50.0200,500
1431545826,49.9600,49.9600,49.9600,49.9600,100
1431545893,49.9700,50.0100,49.9700,50.0100,400
1431546015,50.0400,50.0400,49.9700,49.9700,2100
1431546219,49.9600,49.9650,49.9600,49.9650,200
1431546292,50.0000,50.0000,49.9900,49.9900,400
1431546338,50.0300,50.0300,49.9900,49.9900,200
1431546396,50.0000,50.0100,50.0000,50.0100,600
1431546470,49.9400,49.9450,49.9400,49.9450,200
1431546507,49.9500,49.9500,49.9500,49.9500,100
1431546594,49.9600,49.9600,49.9500,49.9500,200
1431546643,49.9900,49.9900,49.9700,49.9700,400
1431546718,49.9300,50.0000,49.9300,49.9900,700
1431546738,49.9300,49.9300,49.9100,49.9100,300
1431546817,49.9500,49.9500,49.9450,49.9500,300
1431546874,49.9500,49.9800,49.9450,49.9450,700
1431546901,49.9500,49.9700,49.9400,49.9400,900
1431546970,49.9500,49.9500,49.9500,49.9500,900
1431547077,49.9700,49.9800,49.9500,49.9600,1800
1431547093,49.9650,49.9700,49.9650,49.9700,400
1431547144,49.9800,49.9800,49.8920,49.9800,11000
1431547200,49.9800,49.9800,49.9800,49.9800,0
                                                   