uri:/instrument/1.0/ISLE/chartdata;type=quote;range=1d/csv
ticker:isle
Company-Name:Isle of Capri Casinos, Inc.
Exchange-Name:NMS
unit:MIN
timezone:EDT
currency:USD
gmtoffset:-14400
previous_close:14.2700
Timestamp:1431437400,1431460800
labels:1431439200,1431442800,1431446400,1431450000,1431453600,1431457200,1431460800
values:Timestamp,close,high,low,open,volume
close:13.7400,14.3300
high:13.7700,14.3400
low:13.7400,14.3300
open:13.7400,14.3400
volume:0,15600
1431437715,14.1301,14.1301,14.1301,14.1301,5100
1431437873,13.9150,14.0900,13.9150,14.0900,11300
1431437885,13.9275,13.9700,13.9275,13.9700,400
1431437947,14.0195,14.0195,14.0195,14.0195,300
1431438049,14.0100,14.0350,14.0100,14.0350,400
1431438073,13.9301,13.9301,13.9301,13.9301,100
1431438168,13.9500,13.9500,13.9300,13.9400,700
1431438189,13.9100,13.9100,13.9100,13.9100,400
1431438293,13.9000,13.9000,13.8800,13.9000,2500
1431438310,13.9000,13.9000,13.9000,13.9000,100
1431438371,13.8800,13.8800,13.8800,13.8800,2600
1431438505,13.9000,13.9000,13.8900,13.8900,600
1431438563,13.9000,13.9100,13.9000,13.9000,500
1431438665,13.9300,13.9300,13.9200,13.9200,900
1431438721,13.9100,13.9100,13.9100,13.9100,200
1431438807,13.9000,13.9100,13.9000,13.9100,200
1431438956,13.9200,13.9200,13.9200,13.9200,100
1431439018,13.8605,13.9100,13.8605,13.9100,1700
1431439072,13.9100,14.0000,13.8600,13.8900,10200
1431439125,13.8101,13.9360,13.8100,13.9010,6100
1431439184,13.8450,13.8610,13.8200,13.8600,1000
1431439210,13.8315,13.8315,13.8315,13.8315,200
1431439343,13.7410,13.8300,13.7410,13.8200,3700
1431439436,13.7800,13.8100,13.7800,13.8100,400
1431439499,13.7400,13.7700,13.7400,13.7700,200
1431439511,13.7700,13.7700,13.7700,13.7700,100
1431439583,13.7450,13.7700,13.7400,13.7400,900
1431439731,13.7450,13.7700,13.7450,13.7700,300
1431439781,13.8200,13.8300,13.7600,13.7600,1900
1431439865,13.8300,13.8300,13.7850,13.7850,1400
1431440033,13.8150,13.8150,13.8000,13.8000,200
1431440226,13.8100,13.8100,13.8000,13.8100,400
1431440303,13.8108,13.8108,13.7900,13.7900,1500
1431440397,13.8050,13.8200,13.7900,13.7900,2300
1431440458,13.8100,13.8200,13.7900,13.7901,1000
1431440505,13.8100,13.8100,13.8050,13.8100,800
1431440569,13.8100,13.8100,13.8050,13.8100,300
1431440609,13.8050,13.8100,13.8050,13.8100,500
1431440693,13.8100,13.8100,13.8100,13.8100,300
1431440755,13.8800,13.8800,13.8799,13.8799,3100
1431440810,13.9300,13.9300,13.8600,13.8800,1700
1431440926,13.8900,13.9000,13.8900,13.9000,500
1431440962,13.8950,13.8950,13.8950,13.8950,100
1431441102,13.8700,13.8950,13.8700,13.8950,300
1431441235,13.8800,13.8900,13.8800,13.8900,400
1431441249,13.8100,13.8700,13.8100,13.8700,800
1431441504,13.8300,13.8301,13.8300,13.8300,1100
1431441599,13.8600,13.8600,13.8425,13.8425,1800
1431441756,13.8725,13.8725,13.8725,13.8725,500
1431441829,13.8900,13.8900,13.8900,13.8900,100
1431441850,13.9200,13.9200,13.9200,13.9200,200
1431441940,13.9500,13.9700,13.8850,13.9000,1500
1431442057,14.0400,14.0400,14.0000,14.0000,300
1431442080,14.0100,14.0100,14.0100,14.0100,100
1431442170,14.0400,14.0450,14.0000,14.0300,2200
1431442249,14.0100,14.0100,14.0100,14.0100,300
1431442275,14.0000,14.0000,14.0000,14.0000,100
1431442372,13.9900,14.0000,13.9900,14.0000,800
1431442418,13.9900,14.0400,13.9900,14.0400,500
1431442470,13.9900,13.9900,13.9900,13.9900,100
1431442620,14.0100,14.0100,14.0100,14.0100,200
1431442807,13.9800,13.9801,13.9800,13.9801,800
1431442932,13.9800,13.9800,13.9800,13.9800,100
1431443071,13.9800,14.0000,13.9800,14.0000,500
1431443116,13.9800,13.9800,13.9800,13.9800,100
1431443171,14.0100,14.0100,14.0100,14.0100,400
1431443260,14.0100,14.0400,14.0100,14.0400,400
1431443330,14.0100,14.0500,14.0100,14.0499,600
1431443452,14.0500,14.0500,14.0500,14.0500,100
1431443490,14.0300,14.0300,14.0300,14.0300,100
1431443577,14.0100,14.0100,14.0000,14.0000,700
1431443639,13.9900,14.0000,13.9900,14.0000,1900
1431443697,14.0100,14.0100,13.9900,13.9900,15600
1431443755,14.0300,14.0300,14.0100,14.0100,1300
1431443765,14.0000,14.0000,14.0000,14.0000,400
1431443864,14.0000,14.0100,14.0000,14.0100,6100
1431443904,14.0000,14.0100,14.0000,14.0100,1700
1431443994,14.0200,14.0200,14.0000,14.0000,600
1431444159,14.0300,14.0600,14.0300,14.0400,700
1431444194,14.0600,14.0600,14.0600,14.0600,300
1431444253,14.0475,14.0520,14.0301,14.0520,500
1431444327,14.0300,14.0300,14.0300,14.0300,100
1431444403,14.0300,14.0300,14.0300,14.0300,100
1431444536,14.0000,14.0200,14.0000,14.0200,400
1431444556,14.0300,14.0300,14.0300,14.0300,500
1431444655,14.0600,14.0600,14.0300,14.0300,400
1431445230,14.0600,14.0600,14.0600,14.0600,100
1431445288,14.0351,14.0400,14.0300,14.0400,1100
1431445385,14.0300,14.0300,14.0300,14.0300,400
1431445481,14.0300,14.0300,14.0300,14.0300,600
1431445551,14.0900,14.0900,14.0775,14.0800,1400
1431445620,14.0900,14.1000,14.0900,14.1000,500
1431445769,14.0900,14.0900,14.0900,14.0900,100
1431445834,14.0800,14.1000,14.0800,14.0900,1900
1431445940,14.0500,14.0600,14.0500,14.0600,1100
1431446087,14.0700,14.0700,14.0600,14.0600,700
1431446111,14.1100,14.1100,14.1100,14.1100,100
1431446186,14.1100,14.1100,14.1100,14.1100,200
1431446268,14.1300,14.1300,14.0900,14.0900,11700
1431446316,14.1700,14.1700,14.1400,14.1400,800
1431446390,14.1400,14.1800,14.1400,14.1800,2000
1431446456,14.1100,14.1100,14.1000,14.1000,400
1431446544,14.1100,14.1100,14.1100,14.1100,300
1431446625,14.0800,14.0800,14.0800,14.0800,100
1431446690,14.1100,14.1100,14.1100,14.1100,100
1431446776,14.0900,14.0900,14.0900,14.0900,600
1431446834,14.0800,14.0900,14.0800,14.0900,900
1431447017,14.0462,14.0462,14.0462,14.0462,1100
1431447087,14.0200,14.0200,14.0200,14.0200,100
1431447210,14.0000,14.0100,14.0000,14.0100,400
1431447341,14.0000,14.0000,14.0000,14.0000,500
1431447362,13.9900,13.9900,13.9900,13.9900,100
1431447447,14.0400,14.0400,13.9900,14.0000,1500
1431447539,14.0400,14.0400,14.0400,14.0400,100
1431447599,14.0500,14.0500,14.0500,14.0500,100
1431447601,14.0400,14.0400,14.0400,14.0400,100
1431447693,14.0400,14.0400,14.0400,14.0400,100
1431447738,14.0500,14.0600,14.0450,14.0500,2200
1431447865,14.0400,14.0500,14.0400,14.0500,400
1431447927,14.0400,14.0400,14.0400,14.0400,800
1431448008,14.0400,14.0400,14.0400,14.0400,200
1431448066,14.0900,14.1400,14.0350,14.0350,5000
1431448094,14.0900,14.0900,14.0900,14.0900,100
1431448196,14.0500,14.0900,14.0500,14.0900,900
1431448525,14.0500,14.0500,14.0500,14.0500,400
1431448697,14.1100,14.1100,14.0750,14.0750,500
1431448748,14.1400,14.1400,14.1400,14.1400,300
1431449365,14.1300,14.1300,14.1300,14.1300,100
1431449490,14.0500,14.1400,14.0400,14.1300,10300
1431449521,14.0650,14.0650,14.0650,14.0650,200
1431449593,14.0660,14.0660,14.0660,14.0660,100
1431449673,14.1000,14.1100,14.0900,14.0900,500
1431450047,14.1300,14.1300,14.0800,14.0800,300
1431450083,14.1350,14.1350,14.1350,14.1350,100
1431450368,14.1400,14.1400,14.1350,14.1350,400
1431450475,14.1900,14.1900,14.1400,14.1400,300
1431450533,14.1860,14.1860,14.1860,14.1860,300
1431450749,14.2200,14.2200,14.2200,14.2200,200
1431450831,14.2200,14.2300,14.2200,14.2300,200
1431450947,14.2200,14.2200,14.2200,14.2200,200
1431451060,14.2200,14.2200,14.2100,14.2100,700
1431451244,14.2400,14.2400,14.2200,14.2300,1600
1431451282,14.2300,14.2300,14.2300,14.2300,200
1431451417,14.2500,14.2500,14.2500,14.2500,100
1431451535,14.2500,14.2500,14.2500,14.2500,100
1431451595,14.2700,14.2700,14.2590,14.2700,400
1431451715,14.2500,14.2500,14.2500,14.2500,100
1431451787,14.2500,14.2600,14.2500,14.2600,300
1431451908,14.2400,14.2600,14.2400,14.2550,400
1431452046,14.2300,14.2400,14.2300,14.2400,1100
1431452199,14.2400,14.2400,14.2300,14.2300,400
1431452318,14.2400,14.2500,14.2350,14.2500,600
1431452381,14.2600,14.2600,14.2600,14.2600,200
1431452567,14.2600,14.2600,14.2500,14.2500,300
1431452732,14.2500,14.2500,14.2500,14.2500,200
1431452804,14.2400,14.2400,14.2400,14.2400,100
1431453036,14.2400,14.2500,14.2400,14.2500,200
1431453097,14.2500,14.2500,14.2500,14.2500,400
1431453162,14.2500,14.2700,14.2500,14.2550,700
1431453345,14.2500,14.2500,14.2500,14.2500,200
1431453384,14.2400,14.2500,14.2400,14.2500,400
1431453475,14.2400,14.2400,14.2400,14.2400,100
1431453688,14.2400,14.2400,14.2400,14.2400,500
1431453898,14.2400,14.2478,14.2400,14.2478,600
1431453952,14.2400,14.2400,14.2400,14.2400,600
1431453962,14.2400,14.2400,14.2400,14.2400,300
1431454071,14.2600,14.2600,14.2500,14.2500,1000
1431454080,14.2701,14.2701,14.2550,14.2550,700
1431454144,14.2700,14.2700,14.2700,14.2700,100
1431454274,14.2700,14.2700,14.2700,14.2700,500
1431454432,14.2500,14.2500,14.2500,14.2500,200
1431454491,14.2500,14.2500,14.2400,14.2500,400
1431454510,14.2500,14.2500,14.2500,14.2500,100
1431454589,14.2600,14.2600,14.2600,14.2600,300
1431454743,14.2700,14.2800,14.2700,14.2800,400
1431454955,14.2450,14.2500,14.2450,14.2500,500
1431454984,14.2600,14.2600,14.2500,14.2500,500
1431455111,14.2800,14.2800,14.2800,14.2800,100
1431455259,14.2820,14.2820,14.2820,14.2820,600
1431455326,14.2850,14.3100,14.2800,14.3100,600
1431455363,14.2800,14.2800,14.2400,14.2700,1400
1431455695,14.2800,14.2800,14.2800,14.2800,100
1431455859,14.2900,14.2900,14.2750,14.2900,1200
1431455908,14.3000,14.3000,14.3000,14.3000,800
1431456089,14.3000,14.3000,14.3000,14.3000,100
1431456228,14.3000,14.3000,14.2700,14.2800,500
1431456425,14.2800,14.2800,14.2800,14.2800,100
1431456682,14.2800,14.3000,14.2600,14.3000,800
1431456769,14.2800,14.2800,14.2500,14.2650,700
1431456787,14.2800,14.2800,14.2800,14.2800,300
1431456858,14.2800,14.2800,14.2500,14.2500,400
1431457021,14.2650,14.2650,14.2650,14.2650,100
1431457127,14.2700,14.2700,14.2601,14.2601,200
1431457248,14.3200,14.3200,14.2600,14.2600,4200
1431457317,14.2810,14.2900,14.2810,14.2900,700
1431457344,14.3200,14.3200,14.3200,14.3200,100
1431457433,14.3200,14.3200,14.3200,14.3200,200
1431457555,14.3200,14.3200,14.3200,14.3200,200
1431457593,14.3200,14.3200,14.3200,14.3200,100
1431457677,14.3200,14.3200,14.3200,14.3200,100
1431457764,14.3200,14.3200,14.3200,14.3200,200
1431457843,14.3200,14.3200,14.3200,14.3200,100
1431457941,14.3200,14.3200,14.3200,14.3200,200
1431457991,14.3150,14.3300,14.3150,14.3200,2900
1431458082,14.2800,14.3400,14.2800,14.3400,1500
1431458102,14.2800,14.2800,14.2548,14.2700,1700
1431458273,14.3300,14.3300,14.3300,14.3300,100
1431458316,14.3300,14.3300,14.3300,14.3300,100
1431458346,14.3000,14.3000,14.2900,14.2900,300
1431458467,14.3100,14.3100,14.2950,14.2950,300
1431458556,14.2800,14.2800,14.2400,14.2800,1800
1431458656,14.2800,14.2800,14.2400,14.2800,2000
1431458738,14.2800,14.2800,14.2800,14.2800,300
1431458804,14.2800,14.2800,14.2800,14.2800,100
1431458863,14.2800,14.2800,14.2800,14.2800,300
1431458987,14.2600,14.2600,14.2600,14.2600,300
1431459016,14.2600,14.2600,14.2600,14.2600,900
1431459119,14.2600,14.2600,14.2400,14.2600,800
1431459149,14.2400,14.2400,14.2400,14.2400,100
1431459199,14.2350,14.2450,14.2350,14.2400,400
1431459286,14.2400,14.2400,14.2300,14.2350,400
1431459309,14.2200,14.2300,14.2200,14.2300,800
1431459409,14.2200,14.2200,14.2200,14.2200,100
1431459474,14.2300,14.2300,14.2200,14.2200,500
1431459493,14.2400,14.2400,14.2400,14.2400,700
1431459562,14.2500,14.2650,14.2300,14.2350,4000
1431459687,14.2500,14.2500,14.2500,14.2500,200
1431459721,14.2500,14.2500,14.2350,14.2350,300
1431459792,14.2500,14.2500,14.2500,14.2500,400
1431459854,14.2580,14.2600,14.2500,14.2500,600
1431459917,14.2550,14.2550,14.2550,14.2550,500
1431459973,14.2500,14.2500,14.2500,14.2500,100
1431460034,14.2600,14.2600,14.2500,14.2600,1000
1431460139,14.2900,14.2900,14.2600,14.2600,2100
1431460141,14.2900,14.2900,14.2800,14.2900,600
1431460228,14.2900,14.2900,14.2900,14.2900,300
1431460308,14.2800,14.2900,14.2800,14.2900,700
1431460333,14.2800,14.2800,14.2800,14.2800,700
1431460437,14.2625,14.2700,14.2600,14.2700,2800
1431460496,14.2500,14.2600,14.2500,14.2600,1100
1431460516,14.2500,14.2500,14.2400,14.2500,500
1431460573,14.2500,14.2500,14.2500,14.2500,300
1431460678,14.2400,14.2500,14.2400,14.2450,1400
1431460686,14.2500,14.2500,14.2400,14.2400,3500
1431460743,14.2400,14.2500,14.2400,14.2500,2100
1431460755,14.2500,14.2500,14.2500,14.2500,0
1431460800,14.2400,14.2400,14.2400,14.2400,4000
                                                                                                            