uri:/instrument/1.0/JOBS/chartdata;type=quote;range=500d/csv
ticker:jobs
Company-Name:51job, Inc.
Exchange-Name:NMS
unit:MIN
timezone:EDT
currency:USD
gmtoffset:-14400
previous_close:30.9400
range:20150424,1429882200,1429905600
range:20150427,1430141400,1430164800
range:20150428,1430227800,1430251200
range:20150429,1430314200,1430337600
range:20150430,1430400600,1430424000
range:20150501,1430487000,1430510400
range:20150504,1430746200,1430769600
range:20150505,1430832600,1430856000
range:20150506,1430919000,1430942400
range:20150507,1431005400,1431028800
range:20150508,1431091800,1431115200
range:20150511,1431351000,1431374400
range:20150512,1431437400,1431460800
range:20150513,1431523800,1431547200
range:20150514,1431610200,1431633600
Timestamp:1429882200,1431633600
labels:1429882200,1430141400,1430227800,1430314200,1430400600,1430487000,1430746200,1430832600,1430919000,1431005400,1431091800,1431351000,1431437400,1431523800,1431610200
values:Timestamp,close,high,low,open,volume
close:29.9450,37.7300
high:30.0100,37.7700
low:29.8000,37.6100
open:29.9600,37.7200
volume:0,166300
1429883365,36.2700,36.2700,36.1500,36.1800,7400
1429883634,36.4050,36.4700,36.3400,36.3700,1900
1429883900,36.4050,36.4700,36.3900,36.3900,1500
1429884787,36.3100,36.3900,36.1200,36.3700,3200
1429886052,36.3700,36.3700,36.3200,36.3500,800
1429887250,36.2900,36.3700,36.2900,36.3600,1700
1429887593,36.3200,36.3200,36.2600,36.2600,1100
1429887664,36.3100,36.3200,36.2800,36.2800,1200
1429888098,36.3700,36.3700,36.3700,36.3700,800
1429888268,36.3700,36.3700,36.3600,36.3600,700
1429888966,36.3400,36.3700,36.3400,36.3700,600
1429889138,36.3000,36.3000,36.3000,36.3000,100
1429889451,36.2600,36.2800,36.2600,36.2800,300
1429889933,36.2400,36.3000,36.2400,36.2800,2400
1429890389,36.1800,36.2100,36.1600,36.2100,800
1429891200,36.1200,36.1200,36.1200,36.1200,200
1429891500,36.1000,36.1000,36.1000,36.1000,400
1429891963,36.2500,36.2500,36.1900,36.1900,400
1429892597,36.2100,36.2100,36.2100,36.2100,100
1429892988,36.2200,36.2200,36.2200,36.2200,200
1429893074,36.1400,36.2200,36.1400,36.2200,300
1429893573,36.2100,36.2100,36.2100,36.2100,100
1429893790,36.1400,36.1400,36.1400,36.1400,100
1429894062,36.2100,36.2200,36.2100,36.2200,200
1429894568,36.1100,36.2200,36.1100,36.2000,800
1429895044,36.2200,36.2200,36.2100,36.2100,200
1429895298,36.1700,36.1700,36.1200,36.1700,600
1429896036,36.2200,36.2200,36.1700,36.1700,600
1429896495,36.2200,36.2200,36.2200,36.2200,100
1429897022,36.1300,36.2200,36.1100,36.2100,400
1429897446,36.2000,36.2000,36.2000,36.2000,100
1429897688,36.0200,36.2000,35.9000,36.1200,7300
1429898089,36.1000,36.1000,35.8900,35.9000,900
1429898277,36.0300,36.0300,36.0300,36.0300,200
1429898915,36.0500,36.0500,35.9700,36.0100,700
1429900132,36.0300,36.0300,35.9600,35.9600,200
1429900410,36.0100,36.0400,36.0100,36.0300,900
1429900924,36.0900,36.0900,36.0500,36.0500,600
1429901365,36.0900,36.1000,36.0000,36.1000,300
1429901763,36.0700,36.0700,36.0700,36.0700,500
1429902140,36.1000,36.1000,36.1000,36.1000,100
1429902574,35.9900,36.0000,35.9700,35.9700,400
1429902784,36.0600,36.0600,35.9900,35.9900,900
1429903388,36.0050,36.0050,35.9900,35.9900,600
1429903732,36.0500,36.0500,36.0200,36.0500,500
1429903895,36.0500,36.0500,35.9900,35.9900,300
1429904393,36.0400,36.1300,36.0000,36.0500,3500
1429904647,35.9600,36.0300,35.9600,35.9900,600
1429904997,36.0800,36.0800,35.9600,35.9600,1000
1429905256,35.9900,36.0350,35.9200,36.0300,2900
1429905557,36.0100,36.0100,35.9400,35.9400,3500
1429905600,36.0200,36.0200,36.0200,36.0200,0
1430141651,36.2200,36.2200,36.2200,36.2200,0
1430141780,36.0300,36.0300,36.0300,36.0300,100
1430142230,36.2200,36.2200,36.0400,36.0401,1500
1430142390,36.0600,36.2200,36.0600,36.1400,1800
1430142738,36.1400,36.1400,36.1400,36.1400,1100
1430143055,36.1100,36.1400,36.1100,36.1400,1000
1430143497,36.1400,36.2300,36.1100,36.1400,2500
1430143525,36.1300,36.1300,36.1100,36.1100,500
1430144338,36.1100,36.1100,36.1100,36.1100,100
1430144688,36.2500,36.2500,36.1700,36.1700,7400
1430144987,36.2900,36.3000,36.1800,36.2500,9300
1430145272,36.2700,36.2700,36.2400,36.2500,900
1430145445,36.2850,36.2900,36.2501,36.2501,1200
1430146164,36.2700,36.3500,36.2500,36.2500,9400
1430146437,36.2700,36.2800,36.2400,36.2600,1000
1430146735,36.2350,36.2700,36.2100,36.2700,900
1430147093,36.1900,36.2600,36.1800,36.2100,2600
1430147379,36.2200,36.2400,36.2100,36.2150,600
1430147563,36.2500,36.2500,36.2200,36.2200,500
1430147978,36.2650,36.2650,36.2500,36.2500,400
1430148238,36.2900,36.3800,36.2900,36.3000,10300
1430148589,36.2800,36.2800,36.2300,36.2400,1100
1430148898,36.2000,36.2000,36.1100,36.1700,400
1430148980,36.2800,36.2900,36.1200,36.1200,3000
1430149483,36.2700,36.3200,36.1100,36.2200,4800
1430149791,36.2500,36.2600,36.2400,36.2500,800
1430149925,36.2500,36.2500,36.2143,36.2143,300
1430150515,36.2410,36.2410,36.2410,36.2410,100
1430150847,36.2410,36.2410,36.2410,36.2410,21500
1430151242,36.1400,36.2300,36.0600,36.1700,5800
1430151599,36.0500,36.1700,36.0000,36.0500,5400
1430151664,36.0100,36.0900,35.9710,36.0500,2200
1430152057,36.0600,36.0600,35.9700,35.9700,400
1430152312,35.9600,36.0000,35.9600,36.0000,200
1430152771,36.0600,36.0600,36.0000,36.0000,300
1430154530,36.1600,36.1600,36.1100,36.1100,300
1430154895,36.0400,36.1100,35.9600,35.9800,1900
1430155143,36.0800,36.1500,35.9600,35.9600,13800
1430155491,36.0700,36.1500,36.0000,36.0800,2700
1430155735,36.0000,36.0800,36.0000,36.0700,700
1430156036,36.1500,36.1500,36.0500,36.0600,1500
1430156373,36.0600,36.1200,36.0300,36.0300,300
1430156618,36.0500,36.0750,36.0500,36.0600,600
1430156885,36.0700,36.0700,36.0700,36.0700,100
1430157281,36.1500,36.1500,36.0600,36.0600,700
1430157503,36.1000,36.1000,36.1000,36.1000,300
1430158197,36.1500,36.1500,36.1500,36.1500,200
1430158678,36.1200,36.1200,36.0800,36.0800,400
1430158842,36.1500,36.1500,36.1500,36.1500,200
1430159541,36.2500,36.2500,36.2500,36.2500,100
1430160290,36.2000,36.2500,36.1900,36.2000,2800
1430160450,36.2000,36.2000,36.2000,36.2000,600
1430160654,36.2000,36.2000,36.1800,36.1800,14600
1430161030,36.1825,36.1900,36.1750,36.1900,700
1430161331,36.1800,36.1800,36.1600,36.1700,900
1430161696,36.1300,36.1800,36.1300,36.1800,200
1430161822,36.1500,36.1500,36.1500,36.1500,200
1430162221,36.1050,36.1050,36.0700,36.0700,300
1430162697,36.0400,36.0400,36.0000,36.0000,200
1430162882,36.1200,36.1300,36.1200,36.1200,500
1430163273,36.0000,36.0000,36.0000,36.0000,100
1430163420,36.1100,36.1100,36.0000,36.0100,700
1430163874,36.0500,36.0500,36.0500,36.0500,100
1430164103,36.0400,36.1000,35.9400,36.0500,2000
1430164483,36.1300,36.2000,36.0850,36.1000,3300
1430164752,36.1300,36.1800,36.0400,36.1200,18200
1430164800,36.1500,36.1500,36.1500,36.1500,1100
1430228697,36.6900,36.7000,36.1800,36.2700,0
1430228977,36.8500,36.8500,36.7000,36.7000,16400
1430229287,37.0700,37.1400,36.8900,36.8900,6800
1430229542,37.2900,37.2900,37.1000,37.1000,9000
1430229898,37.3300,37.4500,37.2500,37.3000,30900
1430230199,37.2495,37.3800,37.1500,37.3200,18700
1430230474,37.1700,37.4100,37.1500,37.2500,14400
1430230798,37.1400,37.2500,37.1100,37.2100,8800
1430231017,37.1040,37.1600,37.1040,37.1200,3900
1430231350,36.9500,37.1100,36.9500,37.0900,9000
1430231400,36.9500,36.9500,36.9250,36.9500,1400
1430232296,36.8800,36.9000,36.8700,36.8700,4600
1430232575,36.8900,36.9000,36.8500,36.9000,4500
1430232899,36.9700,37.0600,36.8900,36.9000,4400
1430233475,37.0700,37.0800,36.8800,36.8800,1400
1430234054,37.0700,37.1100,37.0100,37.0100,16200
1430234399,37.1600,37.1600,37.0300,37.0650,1800
1430234676,37.1300,37.1300,37.1300,37.1300,200
1430234933,37.1500,37.1900,37.0600,37.0600,700
1430235092,37.1000,37.1500,37.1000,37.1400,2700
1430235501,37.3400,37.3400,37.2000,37.2000,7700
1430235893,37.3100,37.3200,37.2100,37.2600,1800
1430236108,37.3200,37.3700,37.3200,37.3599,1000
1430236485,37.3500,37.3600,37.2700,37.2700,800
1430236505,37.3500,37.3500,37.3500,37.3500,1300
1430236996,37.2800,37.2800,37.2800,37.2800,300
1430237394,37.4000,37.4000,37.2800,37.2800,4400
1430237558,37.4000,37.4000,37.3900,37.3900,200
1430237944,37.4000,37.4000,37.4000,37.4000,100
1430238204,37.2000,37.3600,37.2000,37.3600,3900
1430238569,37.2000,37.2300,37.1600,37.1600,3000
1430238802,37.1900,37.1900,37.1500,37.1500,2700
1430239052,37.1900,37.2000,37.1800,37.2000,1300
1430239227,37.1600,37.1600,37.1600,37.1600,100
1430239605,37.1900,37.1900,37.1600,37.1600,500
1430239898,37.1900,37.2000,37.1200,37.1950,3900
1430240337,37.3480,37.3480,37.2300,37.2300,300
1430240666,37.3200,37.3499,37.2500,37.3499,500
1430241144,37.2500,37.3600,37.2300,37.3100,5000
1430241396,37.2100,37.2900,37.1400,37.2500,2100
1430241872,37.2500,37.2500,37.1700,37.2199,3200
1430242027,37.2400,37.2500,37.2200,37.2500,700
1430242387,37.2260,37.2260,37.2260,37.2260,100
1430242674,37.2200,37.2200,37.1900,37.1900,200
1430243064,37.2499,37.2800,37.2299,37.2299,1600
1430243326,37.2500,37.2500,37.2440,37.2499,300
1430243692,37.1900,37.2499,37.1900,37.2440,1000
1430243992,37.2500,37.2500,37.2100,37.2100,500
1430244285,37.2500,37.2500,37.2400,37.2400,2000
1430244486,37.2800,37.3000,37.2400,37.2500,7500
1430244775,37.3000,37.3000,37.2800,37.2800,1000
1430245150,37.3000,37.3000,37.2800,37.2800,1800
1430245470,37.3000,37.3000,37.2800,37.2900,2300
1430245741,37.2600,37.3000,37.1600,37.2910,3200
1430246096,37.3000,37.3300,37.2400,37.2500,5500
1430246352,37.3200,37.3500,37.2900,37.3000,3300
1430246990,37.3399,37.3500,37.2800,37.3300,700
1430247167,37.2700,37.3400,37.2500,37.3300,4200
1430247459,37.2700,37.2700,37.2400,37.2400,600
1430247841,37.2700,37.3000,37.2400,37.2500,4700
1430248116,37.3000,37.3200,37.2700,37.2700,2700
1430248402,37.3100,37.3100,37.2900,37.2900,900
1430248776,37.3500,37.3500,37.3000,37.3000,1900
1430248930,37.3400,37.3500,37.2900,37.3300,4000
1430249374,37.4500,37.4500,37.3300,37.3500,16600
1430249672,37.3300,37.5000,37.3300,37.4500,13000
1430249965,37.3800,37.3900,37.3500,37.3600,4100
1430250295,37.3600,37.3800,37.3600,37.3700,4600
1430250550,37.3850,37.3850,37.3500,37.3500,2700
1430250898,37.7300,37.7300,37.4399,37.4400,11200
1430251179,37.6150,37.7700,37.5700,37.7200,18200
1430251200,37.6100,37.6100,37.6100,37.6100,0
1430314494,37.3300,37.4800,37.3300,37.4800,0
1430314795,37.3100,37.3200,37.3100,37.3200,300
1430315087,37.1300,37.3000,37.1300,37.3000,800
1430315641,36.9700,37.0500,36.9700,36.9700,1400
1430315942,36.9600,37.0800,36.9600,36.9700,3100
1430316269,36.9300,37.0300,36.7140,36.8300,22900
1430316590,36.5200,36.8200,36.3950,36.7300,11800
1430316625,36.5500,36.5500,36.5500,36.5500,100
1430317189,36.4300,36.4950,36.3000,36.4650,3300
1430317455,36.4000,36.5600,36.3000,36.5600,1800
1430317897,36.3600,36.4200,36.3600,36.4200,1000
1430318131,36.4600,36.4600,36.4600,36.4600,800
1430318558,36.5800,36.5800,36.5800,36.5800,300
1430318998,36.5350,36.5800,36.5260,36.5800,800
1430319104,36.5650,36.5700,36.5650,36.5700,900
1430319542,36.7600,36.8000,36.6400,36.6900,2200
1430319704,36.7600,36.7600,36.6000,36.6900,1000
1430320154,36.9300,36.9300,36.8700,36.8700,900
1430320398,36.9700,36.9700,36.9300,36.9300,400
1430320611,37.0000,37.0000,37.0000,37.0000,200
1430321048,36.9900,37.0000,36.9800,37.0000,2000
1430321247,36.8300,36.9700,36.8300,36.9700,700
1430321540,36.7800,36.7900,36.7800,36.7900,500
1430321766,36.7500,36.7500,36.7500,36.7500,300
1430322023,36.7700,36.7700,36.7700,36.7700,600
1430322863,36.9000,36.9000,36.7800,36.7900,1000
1430323170,36.9700,36.9700,36.9700,36.9700,100
1430323701,36.9800,36.9900,36.9700,36.9900,300
1430324294,36.8700,36.8800,36.8700,36.8700,1500
1430324676,36.8000,36.8100,36.8000,36.8100,600
1430324965,36.7900,36.8000,36.7900,36.8000,200
1430325614,36.6700,36.7600,36.6700,36.7600,500
1430326984,36.7600,36.7700,36.7200,36.7200,700
1430327668,36.8500,36.8500,36.8000,36.8300,600
1430327915,36.9500,36.9500,36.8500,36.8500,600
1430328590,36.9500,36.9500,36.9500,36.9500,200
1430328738,36.9500,36.9500,36.9400,36.9500,1000
1430329136,36.9500,36.9500,36.9000,36.9000,500
1430329495,36.9250,36.9700,36.9250,36.9400,3000
1430329738,36.8750,36.9400,36.8750,36.9300,700
1430330072,36.9100,36.9500,36.8400,36.8700,1600
1430330343,36.9400,36.9400,36.8700,36.9200,1200
1430330659,36.9200,36.9200,36.8900,36.8900,300
1430331134,36.7900,36.8300,36.7900,36.8300,400
1430331327,36.7900,36.8000,36.6900,36.6900,300
1430331872,36.7800,36.7800,36.7550,36.7800,600
1430332445,36.7300,36.8100,36.7300,36.7450,1300
1430332793,36.7000,36.7500,36.6900,36.7300,2500
1430332865,36.7300,36.7300,36.7300,36.7300,300
1430333396,36.6900,36.7500,36.5400,36.7300,2900
1430334262,36.7200,36.7200,36.7200,36.7200,100
1430334578,36.6700,36.6700,36.6700,36.6700,1700
1430334881,36.6500,36.6700,36.6200,36.6700,1500
1430335159,36.6000,36.6500,36.5900,36.6500,1000
1430335487,36.6700,36.6700,36.6050,36.6050,1000
1430335740,36.6600,36.6900,36.6600,36.6700,2400
1430336051,36.6700,36.6700,36.6600,36.6700,800
1430336374,36.6100,36.6800,36.6100,36.6700,3300
1430336656,36.4700,36.5800,36.4700,36.5700,2800
1430336942,36.5600,36.5600,36.5150,36.5300,2000
1430337232,36.6100,36.6300,36.5913,36.5913,1900
1430337561,36.5500,36.6075,36.5400,36.6075,11200
1430337600,36.6000,36.6000,36.6000,36.6000,0
1430400811,36.6099,36.6099,36.6099,36.6099,0
1430401057,36.4100,36.4200,36.4100,36.4200,200
1430401326,36.5499,36.7300,36.5000,36.7300,1400
1430402054,36.3800,36.3900,36.3500,36.3500,5100
1430402355,36.4000,36.4000,36.3600,36.3600,500
1430402577,36.3600,36.3600,36.3400,36.3600,1300
1430402936,36.3200,36.3200,36.2600,36.3000,800
1430403120,36.3400,36.3400,36.2300,36.2700,3100
1430403853,36.2900,36.3000,36.2400,36.2400,1300
1430404081,36.3000,36.3000,36.1950,36.2600,1500
1430404228,36.2700,36.2700,36.2700,36.2700,100
1430404705,36.3600,36.4400,36.3300,36.3300,700
1430404959,36.5000,36.5497,36.3700,36.4200,2100
1430405326,36.5000,36.5500,36.4700,36.5100,700
1430405972,36.5400,36.6000,36.4700,36.5100,2400
1430406155,36.5300,36.5500,36.5000,36.5399,2000
1430406509,36.5500,36.5500,36.5100,36.5100,1100
1430406889,36.5500,36.5500,36.5300,36.5500,900
1430407040,36.5300,36.5300,36.5300,36.5300,300
1430407411,36.5200,36.5200,36.5000,36.5000,400
1430407930,36.4300,36.4300,36.3700,36.3700,600
1430408185,36.4500,36.4500,36.4500,36.4500,100
1430409293,36.5300,36.5300,36.4900,36.4900,300
1430409495,36.4300,36.4800,36.4200,36.4800,800
1430409631,36.3700,36.3700,36.3600,36.3600,400
1430410152,36.3500,36.4700,36.2200,36.3500,4300
1430410400,36.4000,36.4500,36.2400,36.3600,5400
1430410773,36.3900,36.4200,36.3300,36.3300,1500
1430411530,36.4200,36.4600,36.3600,36.3600,600
1430411969,36.5200,36.5400,36.4800,36.4800,2700
1430412759,36.4300,36.4300,36.4300,36.4300,300
1430413169,36.4900,36.4900,36.4400,36.4400,500
1430413405,36.5500,36.5500,36.4600,36.4600,1100
1430414686,36.5200,36.5200,36.5000,36.5000,300
1430414940,36.4400,36.5000,36.4400,36.5000,300
1430415288,36.5000,36.5000,36.4100,36.4400,800
1430415512,36.4500,36.4900,36.4500,36.4900,300
1430415767,36.4800,36.4800,36.4800,36.4800,100
1430416253,36.4200,36.4500,36.4200,36.4500,400
1430416703,36.4400,36.4400,36.3350,36.3500,1000
1430417098,36.3100,36.4800,36.2700,36.4340,5200
1430417374,36.1100,36.3100,36.0500,36.3100,9400
1430417699,36.0900,36.1000,36.0800,36.0800,2400
1430417983,36.1200,36.2000,36.0900,36.1100,1200
1430418169,36.0100,36.1090,36.0100,36.1090,200
1430418548,36.1000,36.1000,36.0000,36.0200,1000
1430418637,36.0200,36.0200,36.0200,36.0200,100
1430419185,36.0500,36.0500,36.0500,36.0500,100
1430419413,36.0800,36.0800,36.0800,36.0800,100
1430419799,36.0700,36.0700,35.9850,36.0500,1700
1430420076,36.1500,36.1510,36.0400,36.0400,800
1430420163,36.1200,36.1200,36.1200,36.1200,100
1430420594,36.1100,36.1600,36.1100,36.1200,600
1430420966,36.1200,36.1400,36.0800,36.1400,700
1430421288,36.0200,36.0800,36.0100,36.0100,900
1430421570,36.1200,36.1200,36.0400,36.0400,1900
1430421894,36.0900,36.1600,36.0900,36.0900,600
1430422144,36.0350,36.1200,36.0000,36.0900,2600
1430422440,36.0800,36.1300,36.0200,36.0200,1500
1430422748,36.1600,36.2280,36.0800,36.0800,1300
1430423070,36.2300,36.2300,36.0500,36.1600,1700
1430423351,36.0600,36.1630,36.0400,36.1630,2500
1430423675,36.0100,36.0500,35.9700,36.0100,4100
1430423999,36.0000,36.0800,35.9950,36.0100,12900
1430424000,36.0000,36.0000,36.0000,36.0000,4500
1430487080,35.9300,35.9300,35.9300,35.9300,0
1430487577,36.0100,36.2900,35.9000,35.9400,5900
1430487864,36.2800,36.5000,36.1600,36.4050,2000
1430488110,36.4200,36.4400,36.2300,36.2300,400
1430488297,36.3600,36.3800,36.3600,36.3800,600
1430488711,36.3500,36.3500,36.3500,36.3500,500
1430489057,36.3800,36.3900,36.2800,36.3700,2100
1430489386,36.3800,36.3800,36.3700,36.3800,900
1430489614,36.2800,36.2800,36.2800,36.2800,100
1430489888,36.1800,36.2600,36.1800,36.2600,200
1430490111,36.2700,36.2700,36.2700,36.2700,100
1430491166,36.1900,36.1900,36.1400,36.1400,300
1430491457,36.1300,36.2400,36.1200,36.1200,2100
1430491793,36.1500,36.1600,36.0200,36.0800,6300
1430492091,36.1300,36.1895,35.9800,36.1800,4200
1430492354,35.9500,35.9950,35.9500,35.9950,200
1430492924,36.0200,36.1000,36.0200,36.0900,1400
1430493279,35.9500,36.0800,35.9500,36.0400,1300
1430493497,35.8700,36.0000,35.8700,35.9200,700
1430493813,35.9900,35.9900,35.9500,35.9500,400
1430494413,36.0700,36.0700,36.0700,36.0700,100
1430495235,35.9900,35.9900,35.9300,35.9300,200
1430495673,35.9300,35.9300,35.9200,35.9200,200
1430496084,35.9500,35.9500,35.7900,35.8000,600
1430496565,35.8300,35.8300,35.8300,35.8300,200
1430497041,35.7700,35.7700,35.7700,35.7700,100
1430497405,35.7900,35.8300,35.7700,35.7700,500
1430498317,35.8600,35.8600,35.8600,35.8600,100
1430498651,35.9100,35.9200,35.9000,35.9200,600
1430499899,35.9400,36.0000,35.8400,35.8500,5800
1430500184,35.9600,36.0895,35.8300,35.9800,16500
1430500324,36.0700,36.0900,35.9600,35.9600,800
1430500718,36.1000,36.1000,36.0900,36.0900,500
1430501031,36.1000,36.1000,36.0500,36.1000,1400
1430501308,36.0500,36.1000,36.0500,36.1000,200
1430501563,36.1500,36.1500,36.0500,36.1000,1000
1430501981,36.1600,36.1600,36.1300,36.1300,200
1430502247,36.2200,36.2200,36.1900,36.1900,400
1430502596,36.2700,36.2700,36.2700,36.2700,100
1430502739,36.2200,36.2200,36.2200,36.2200,100
1430503362,36.3300,36.3300,36.3300,36.3300,100
1430504384,36.1800,36.3500,36.1000,36.3400,9000
1430504556,36.0900,36.1500,36.0900,36.1500,900
1430504946,36.0400,36.1000,36.0400,36.0500,3400
1430505240,35.9100,36.0500,35.8400,36.0500,2500
1430505581,35.9900,36.0500,35.9300,36.0100,8000
1430505897,36.1100,36.1800,35.9400,35.9800,5200
1430506196,36.0500,36.2595,36.0000,36.1000,8300
1430506336,36.0000,36.0900,35.9600,36.0700,4100
1430506676,36.1000,36.1000,36.0900,36.0900,400
1430507060,36.2700,36.2950,36.0150,36.1000,1400
1430507383,36.2500,36.2500,36.2500,36.2500,700
1430507636,36.2500,36.2500,36.2500,36.2500,600
1430507959,36.2500,36.2500,36.2500,36.2500,800
1430508148,36.2500,36.2500,36.2500,36.2500,400
1430508551,36.1500,36.2500,36.1100,36.2400,3700
1430508800,36.2700,36.2700,36.1400,36.1500,3500
1430509165,36.3800,36.5600,36.3750,36.3750,2300
1430509455,36.4300,36.4300,36.2900,36.2900,800
1430509784,36.4500,36.4500,36.4200,36.4300,3600
1430510040,36.5500,36.6000,36.5000,36.5000,11100
1430510342,36.5300,36.5500,36.4100,36.5500,18000
1430510400,36.5100,36.5100,36.5100,36.5100,0
1430747015,36.6100,36.6900,36.4400,36.4400,0
1430747343,36.5900,36.6000,36.5900,36.6000,200
1430748091,36.7000,36.7000,36.6947,36.6947,300
1430748594,36.6600,36.6600,36.6600,36.6600,100
1430748893,36.6100,36.6100,36.5000,36.6000,3400
1430749148,36.7500,36.7750,36.5200,36.5600,5500
1430749478,36.7100,36.8900,36.5800,36.8000,2800
1430749554,36.5500,36.5500,36.5500,36.5500,100
1430750060,36.4200,36.6200,36.3900,36.5500,2400
1430750541,36.2400,36.4500,36.2300,36.4500,2700
1430750998,36.2200,36.3400,36.0300,36.1500,5100
1430751295,36.1250,36.2695,35.9900,36.1600,13600
1430751595,35.8940,36.1200,35.8300,36.0700,6800
1430751860,35.9600,36.0595,35.8800,35.9700,7400
1430752121,36.1200,36.1200,36.0200,36.0200,500
1430752314,36.2400,36.2400,36.1600,36.1600,400
1430752764,36.2700,36.2700,36.0801,36.0801,500
1430752874,36.4200,36.4200,36.3500,36.3500,600
1430753187,36.4700,36.4700,36.4700,36.4700,100
1430753555,36.4400,36.4400,36.4100,36.4200,400
1430753913,36.5300,36.5300,36.3200,36.3200,500
1430754038,36.4500,36.4500,36.4500,36.4500,100
1430754897,36.4500,36.5300,36.4500,36.5300,900
1430755156,36.5300,36.5300,36.5300,36.5300,700
1430755446,36.4700,36.6100,36.4700,36.5300,2100
1430755767,36.5300,36.5300,36.5200,36.5200,200
1430755958,36.5200,36.5200,36.5000,36.5000,500
1430756688,36.5300,36.5300,36.5100,36.5100,300
1430756946,36.5700,36.5700,36.5300,36.5300,700
1430757041,36.5300,36.5300,36.4600,36.4600,200
1430757486,36.5300,36.5300,36.4700,36.5300,600
1430758168,36.5000,36.5300,36.5000,36.5300,1100
1430758473,36.4200,36.5300,36.3600,36.3640,6700
1430758809,36.5100,36.5100,36.5100,36.5100,300
1430759385,36.4100,36.4800,36.4100,36.4600,800
1430759598,36.3800,36.4900,36.3400,36.3600,4200
1430759816,36.3000,36.3300,36.3000,36.3300,400
1430760119,36.3800,36.3800,36.3800,36.3800,100
1430760482,36.4100,36.4100,36.3300,36.3300,600
1430760887,36.4500,36.4500,36.3000,36.3100,1500
1430761161,36.4500,36.5000,36.3601,36.3700,6100
1430761445,36.4700,36.5300,36.4400,36.5000,900
1430761566,36.4500,36.4600,36.4500,36.4600,600
1430762090,36.4400,36.5300,36.4400,36.5300,700
1430762222,36.5800,36.5800,36.4400,36.4400,5000
1430762893,36.8300,36.8300,36.6000,36.6300,3900
1430763294,36.7400,36.7700,36.7400,36.7700,900
1430763543,36.8300,36.8500,36.6900,36.6900,3800
1430763789,36.8000,36.8000,36.7850,36.7850,300
1430764494,36.6600,36.7700,36.6600,36.7700,3900
1430764752,36.6700,36.7900,36.6700,36.6900,4200
1430765087,36.4600,36.6700,36.4200,36.6500,5700
1430765388,36.3400,36.4700,36.3400,36.4700,1000
1430765697,36.5200,36.5400,36.4200,36.4300,1000
1430765929,36.4400,36.4400,36.4200,36.4200,500
1430766231,36.4400,36.4400,36.4300,36.4300,200
1430766569,36.4400,36.5400,36.4400,36.4400,700
1430766816,36.4200,36.5100,36.4200,36.4400,500
1430767170,36.4100,36.4500,36.3300,36.3500,1200
1430767467,36.4800,36.5000,36.4300,36.4300,600
1430767504,36.5400,36.5500,36.4700,36.4700,1000
1430767941,36.5700,36.5700,36.4500,36.4500,200
1430768394,36.5000,36.5800,36.4800,36.4800,1200
1430768652,36.5400,36.5400,36.4900,36.5000,2200
1430768943,36.5200,36.5700,36.5000,36.5100,1500
1430769242,36.4600,36.4700,36.4400,36.4400,700
1430769452,36.4600,36.4600,36.4600,36.4600,3200
1430769600,36.4800,36.4800,36.4800,36.4800,0
1430833481,36.3100,36.3100,36.3100,36.3100,0
1430833776,36.2300,36.3100,36.1300,36.3100,1300
1430834096,36.0900,36.2300,36.0000,36.1100,4300
1430834366,36.0000,36.1100,35.9500,36.0700,2800
1430834993,35.9300,35.9700,35.8500,35.9000,1800
1430835000,35.9700,35.9700,35.9700,35.9700,100
1430835571,35.8900,35.9100,35.8600,35.9100,700
1430835775,35.8900,35.8900,35.8900,35.8900,200
1430836198,35.8800,35.9800,35.8800,35.9800,300
1430836442,35.8800,35.8800,35.8800,35.8800,100
1430836559,35.8600,35.8900,35.8600,35.8900,1200
1430837074,35.6700,35.8700,35.6700,35.7500,700
1430837161,35.7900,35.7900,35.6300,35.6300,200
1430838227,35.6200,35.6400,35.6200,35.6400,300
1430838366,35.6600,35.6600,35.6600,35.6600,100
1430838773,35.6100,35.6100,35.6100,35.6100,100
1430839177,35.7400,35.7600,35.6400,35.7300,800
1430839326,35.6500,35.7500,35.5500,35.7400,2500
1430839770,35.4800,35.6900,35.4800,35.5500,1000
1430839864,35.4800,35.5900,35.4800,35.5900,600
1430840325,35.6600,35.6600,35.6600,35.6600,100
1430840695,35.6000,35.6600,35.5500,35.6600,1700
1430840919,35.6700,35.6700,35.6000,35.6000,400
1430841449,35.7200,35.7200,35.6800,35.6900,1000
1430841799,35.6800,35.7000,35.6800,35.7000,700
1430842466,35.6900,35.7200,35.6300,35.6500,2500
1430842776,35.5900,35.7000,35.5900,35.6750,4000
1430842954,35.7200,35.7200,35.6600,35.6600,400
1430843379,35.7200,35.7200,35.6700,35.6700,1800
1430843573,35.6600,35.7200,35.6600,35.7200,400
1430843837,35.6300,35.6300,35.6300,35.6300,100
1430844422,35.6100,35.6100,35.6100,35.6100,100
1430845120,35.6900,35.6900,35.6900,35.6900,100
1430845488,35.6000,35.6000,35.6000,35.6000,100
1430846018,35.7200,35.7500,35.6550,35.6800,1000
1430846323,35.7400,35.7400,35.5700,35.7000,12800
1430846736,35.5500,35.5500,35.5500,35.5500,300
1430847297,35.5300,35.5300,35.5300,35.5300,200
1430847678,35.5900,35.5900,35.5900,35.5900,100
1430847978,35.5800,35.6100,35.5800,35.5800,400
1430848267,35.5300,35.5300,35.5200,35.5200,200
1430848771,35.5290,35.5290,35.5290,35.5290,400
1430849095,35.6600,35.6600,35.5200,35.6000,2600
1430849341,35.6500,35.6500,35.5400,35.6100,4800
1430849686,35.6400,35.6400,35.6300,35.6400,500
1430849926,35.6500,35.6600,35.6500,35.6600,200
1430850251,35.6600,35.6600,35.6600,35.6600,400
1430850557,35.6900,35.7000,35.6800,35.6900,500
1430850867,35.7000,35.7000,35.6900,35.6900,300
1430851020,35.7100,35.7100,35.7100,35.7100,200
1430851334,35.7500,35.7500,35.6900,35.6900,200
1430851774,35.6000,35.7600,35.5500,35.7600,2600
1430851867,35.7100,35.7100,35.7100,35.7100,100
1430852228,35.8100,35.8100,35.6900,35.7100,1100
1430852561,35.7800,35.8100,35.7000,35.7900,400
1430852932,35.7400,35.7400,35.7100,35.7100,500
1430853251,35.7400,35.7700,35.7400,35.7700,500
1430853444,35.8000,35.8100,35.7100,35.7800,2100
1430853889,35.8100,35.8100,35.6900,35.6900,600
1430854123,35.9700,35.9700,35.7500,35.8100,1700
1430854439,35.9000,35.9600,35.7500,35.7700,2800
1430854770,35.8700,35.9100,35.7500,35.8500,1900
1430855068,35.7500,35.9000,35.7400,35.8500,1700
1430855389,35.7800,35.7800,35.7400,35.7400,700
1430855669,35.8150,35.8900,35.7600,35.7600,7900
1430855950,35.8800,35.9300,35.7900,35.9000,27200
1430856000,35.8300,35.8300,35.8300,35.8300,0
1430919250,35.7000,35.8300,35.7000,35.8300,0
1430919934,35.4600,35.4900,35.4600,35.4900,200
1430920339,35.4900,35.4900,35.4900,35.4900,100
1430920785,35.4200,35.5000,35.4000,35.5000,1000
1430921380,35.3605,35.5200,35.3400,35.4900,3000
1430921858,35.2700,35.3200,35.2600,35.2900,2000
1430922281,35.1700,35.5400,35.1700,35.5400,3400
1430922540,35.3500,35.4000,35.2200,35.2200,1300
1430922983,35.3900,35.3900,35.3900,35.3900,100
1430923318,35.2500,35.2550,35.2500,35.2550,500
1430923768,35.2500,35.4000,35.2500,35.3900,3500
1430923988,35.2000,35.2400,35.1100,35.2400,1800
1430924180,35.1775,35.1775,35.1775,35.1775,200
1430924692,35.3600,35.3600,35.2000,35.2000,1100
1430924802,35.2200,35.3900,35.2200,35.3900,400
1430925458,35.1700,35.1700,35.1700,35.1700,100
1430925808,35.1700,35.1700,35.1600,35.1600,200
1430926078,35.1700,35.1700,35.1700,35.1700,400
1430926493,34.9600,35.1600,34.8800,35.0700,3900
1430926773,34.9200,35.0600,34.8600,35.0000,2600
1430927088,35.0100,35.0500,35.0000,35.0300,3800
1430927379,35.0000,35.0500,34.9400,34.9700,900
1430927616,35.0000,35.0400,35.0000,35.0300,1900
1430928278,35.0000,35.0200,35.0000,35.0200,300
1430928570,34.9800,35.0400,34.9800,35.0400,2000
1430928877,35.0300,35.0300,35.0100,35.0100,300
1430929091,34.9900,35.0000,34.9900,35.0000,700
1430929260,35.0000,35.0000,35.0000,35.0000,200
1430929682,35.0000,35.0500,35.0000,35.0000,900
1430930062,35.0000,35.0000,35.0000,35.0000,1200
1430930339,35.0000,35.0000,35.0000,35.0000,1000
1430930587,35.0300,35.0400,35.0000,35.0400,500
1430930974,35.0000,35.0450,35.0000,35.0000,1000
1430931176,35.0000,35.0300,35.0000,35.0300,600
1430931583,35.0550,35.0600,35.0100,35.0100,1400
1430931888,35.1400,35.1600,35.0700,35.0700,2200
1430932483,35.0950,35.0950,35.0600,35.0600,3300
1430932780,35.1200,35.1200,35.0400,35.0700,500
1430933099,35.1400,35.1400,35.0650,35.0650,1900
1430933335,35.1700,35.1700,35.1600,35.1600,700
1430933600,35.1700,35.1700,35.1600,35.1600,300
1430933974,35.1150,35.1200,35.0750,35.1100,8200
1430934297,35.1000,35.1700,35.1000,35.1700,3100
1430934530,35.1400,35.1700,35.0900,35.1400,3600
1430934896,35.1000,35.1300,35.0500,35.1200,1300
1430935191,35.1000,35.1200,35.0250,35.0500,21000
1430935422,35.0500,35.1000,34.9850,35.1000,7400
1430935682,35.0000,35.0700,34.9700,35.0500,2300
1430936098,35.0600,35.0600,34.9900,35.0000,4500
1430936371,34.9900,35.0600,34.9900,35.0600,1300
1430936688,34.9900,35.0100,34.9900,35.0100,400
1430936974,35.1300,35.1300,35.0150,35.0200,23900
1430937203,35.0050,35.0800,35.0000,35.0800,3200
1430937597,34.9800,35.0000,34.9800,35.0000,1100
1430937875,35.0000,35.0010,35.0000,35.0000,500
1430938140,35.0000,35.0350,35.0000,35.0350,1900
1430938430,35.0000,35.0300,35.0000,35.0300,2500
1430938798,35.0000,35.0400,35.0000,35.0200,2400
1430939398,35.0200,35.0500,35.0100,35.0200,900
1430939555,34.9800,35.0250,34.9800,35.0250,1300
1430939997,34.9900,34.9900,34.9900,34.9900,400
1430940291,35.0200,35.0300,34.9900,35.0000,1200
1430940544,34.8800,35.0000,34.8800,35.0000,5500
1430940689,34.9100,34.9100,34.9100,34.9100,200
1430941194,34.9300,34.9900,34.8850,34.9100,3500
1430941310,34.9700,34.9700,34.9200,34.9200,800
1430941796,34.9900,34.9900,34.8800,34.9200,2700
1430942085,34.9400,35.0000,34.9400,35.0000,2800
1430942344,34.9700,34.9700,34.8400,34.9400,9800
1430942400,34.8800,34.8800,34.8800,34.8800,0
1431005508,34.7700,34.9400,34.7700,34.9400,0
1431005833,34.9600,35.0000,34.7400,35.0000,300
1431006217,34.7600,34.7600,34.7600,34.7600,100
1431006822,34.7000,34.7500,34.7000,34.7300,600
1431007025,34.5800,34.6200,34.5800,34.6200,1800
1431007484,34.6800,34.6800,34.5700,34.5700,500
1431007742,34.5600,34.8400,34.5250,34.5300,6300
1431007873,34.7900,34.8000,34.5305,34.6300,1800
1431008282,34.7325,34.7600,34.7200,34.7300,1100
1431008571,34.8500,34.8500,34.6900,34.8300,500
1431008871,34.6600,34.6800,34.6600,34.6800,200
1431009280,34.5301,34.6800,34.5200,34.6800,700
1431009449,34.7500,34.7500,34.6600,34.6600,400
1431009697,34.5900,34.5900,34.5900,34.5900,200
1431010146,34.6000,34.6100,34.6000,34.6000,400
1431010495,34.5100,34.5200,34.5100,34.5200,300
1431010795,34.6400,34.6400,34.5200,34.5300,400
1431011080,34.6200,34.6200,34.5900,34.5900,300
1431011369,34.6300,34.6300,34.6300,34.6300,100
1431011658,34.6300,34.6301,34.6300,34.6301,500
1431011982,34.7050,34.8400,34.6600,34.7700,3400
1431012167,34.9300,34.9300,34.7000,34.7000,300
1431012558,34.9300,34.9300,34.9300,34.9300,200
1431012858,34.7800,34.7900,34.7800,34.7900,400
1431013158,34.7700,34.7700,34.7200,34.7200,400
1431013490,34.7700,34.7800,34.7400,34.7800,400
1431013715,34.7400,34.7400,34.7400,34.7400,200
1431014058,34.6300,34.7300,34.6300,34.7300,300
1431014358,34.6000,34.7000,34.5700,34.7000,26800
1431014649,34.5700,34.6000,34.5600,34.6000,2200
1431014950,34.6000,34.6945,34.5300,34.6945,3000
1431015240,34.5700,34.6900,34.5500,34.6000,2900
1431015551,34.5600,34.6000,34.4400,34.6000,3400
1431015741,34.5500,34.6000,34.5500,34.5600,3200
1431016195,34.5700,34.6700,34.5000,34.5000,1100
1431016480,34.5600,34.7100,34.5200,34.6650,1800
1431016786,34.5500,34.7900,34.5500,34.7300,4800
1431017011,34.5500,34.6000,34.4300,34.5500,900
1431017352,34.5500,34.6700,34.5100,34.6000,2400
1431017694,34.5900,34.6200,34.5300,34.5900,2700
1431017991,34.5500,34.7000,34.5500,34.5500,2500
1431018299,34.5500,34.5900,34.4200,34.5600,2200
1431018540,34.5500,34.5900,34.5200,34.5500,3800
1431018890,34.5600,34.6100,34.5500,34.6100,3000
1431019184,34.5500,34.5800,34.5300,34.5550,3000
1431019448,34.5500,34.6000,34.5300,34.5550,3000
1431019798,34.5500,34.5900,34.5300,34.5300,3700
1431020046,34.5100,34.5800,34.5100,34.5500,5200
1431020358,34.5300,34.5800,34.5300,34.5600,900
1431020677,34.5500,34.5700,34.5200,34.5500,1000
1431020976,34.5300,34.5700,34.5300,34.5700,2600
1431021249,34.7250,34.7300,34.5500,34.5600,4900
1431021535,34.8900,34.9000,34.7900,34.8600,900
1431021862,34.9800,34.9800,34.8500,34.9400,1300
1431022146,35.1800,35.2400,35.0700,35.0900,900
1431022399,35.1200,35.2300,35.1200,35.2200,1300
1431022764,35.1500,35.2500,35.1400,35.2400,1300
1431023064,35.1500,35.2500,35.1200,35.2400,1800
1431023364,35.1300,35.1700,35.1100,35.1100,1500
1431023580,35.1400,35.1700,35.0900,35.0900,2000
1431023894,35.1600,35.1700,35.1000,35.1000,2700
1431024291,35.1500,35.2400,35.1100,35.1100,5000
1431024589,35.1500,35.1600,35.0800,35.1600,2800
1431024830,35.1300,35.1700,35.1200,35.1700,4800
1431025196,35.1300,35.1700,35.1200,35.1200,3700
1431025454,35.1300,35.1800,35.1000,35.1000,3100
1431025712,35.1400,35.2045,35.1400,35.1700,4200
1431026087,35.0001,35.1800,35.0001,35.1800,4400
1431026366,35.1100,35.1100,34.9600,35.0000,600
1431026635,34.8900,35.1700,34.8900,35.0750,4900
1431026985,35.0700,35.0800,35.0100,35.0100,2900
1431027249,35.2900,35.3000,35.0700,35.0700,3100
1431027599,35.3900,35.3900,35.1600,35.3800,1700
1431027849,35.2500,35.3900,35.1600,35.3900,2600
1431028182,35.2550,35.2700,35.0200,35.2525,4700
1431028448,35.1600,35.3150,35.0900,35.2500,11600
1431028740,35.2800,35.2800,35.1500,35.2000,22200
1431028800,35.2150,35.2150,35.2150,35.2150,0
1431092250,35.2100,35.3300,35.2100,35.3200,0
1431092552,35.1100,35.1500,35.1000,35.1500,600
1431092940,35.0800,35.1600,35.0400,35.1500,1000
1431093298,34.9700,35.1400,34.9700,35.1300,1900
1431093558,35.0300,35.0300,34.9600,34.9600,1000
1431093898,34.8800,34.9100,34.8800,34.9100,300
1431094175,34.9000,34.9100,34.9000,34.9100,200
1431094448,34.8400,34.9500,34.8300,34.9100,1200
1431094751,34.8950,34.8950,34.8675,34.8950,1100
1431095053,34.9450,34.9600,34.9100,34.9500,700
1431095379,34.9175,34.9250,34.9000,34.9250,300
1431095694,34.8225,34.9200,34.8000,34.8900,900
1431095938,34.8450,34.8900,34.8175,34.8900,800
1431096281,34.8500,34.9100,34.8450,34.9000,2900
1431096558,34.8400,34.8700,34.8300,34.8375,600
1431096866,34.5900,34.9000,34.5900,34.8600,17900
1431097088,34.5400,34.5900,34.5400,34.5900,600
1431097471,34.6200,34.6500,34.5500,34.5500,3200
1431097787,34.6300,34.6800,34.5400,34.6400,4600
1431098027,34.5500,34.6300,34.4800,34.6300,9800
1431098389,34.4100,34.6600,34.4100,34.5650,5800
1431098698,34.5095,34.5800,34.4200,34.4300,16200
1431098992,34.6650,34.7100,34.5500,34.5500,8700
1431099251,35.0000,35.0000,34.7000,34.7200,46800
1431099345,34.9400,34.9900,34.8900,34.9350,800
1431099898,35.0000,35.0700,34.8800,34.8900,39300
1431100180,35.0200,35.0800,35.0000,35.0000,19900
1431100498,34.8800,35.0600,34.8800,35.0400,7800
1431100759,34.8050,34.9900,34.8000,34.8900,8500
1431101054,34.8050,34.8600,34.6100,34.7900,5900
1431101354,34.7800,34.8050,34.6000,34.8050,4300
1431101699,34.5900,34.6600,34.5900,34.6600,700
1431101909,34.5800,34.6980,34.5800,34.6980,1500
1431102284,34.7800,34.9000,34.6100,34.6250,20400
1431102525,34.7700,34.8000,34.7500,34.7900,1300
1431102750,34.6100,34.7200,34.6100,34.7200,600
1431103176,34.7100,34.7800,34.6900,34.7600,900
1431103469,34.7900,34.7900,34.7200,34.7200,1300
1431103757,34.8000,34.8000,34.7350,34.7800,1200
1431103910,34.7500,34.8200,34.7500,34.7900,3300
1431104241,34.7100,34.8100,34.7000,34.7800,1600
1431104512,34.7000,34.7300,34.7000,34.7300,300
1431104963,34.7300,34.7800,34.7000,34.7700,900
1431105210,34.7100,34.7100,34.7000,34.7000,300
1431105524,34.7400,34.7400,34.6800,34.7000,800
1431105896,34.8500,34.8600,34.7000,34.7000,5100
1431106197,34.8300,34.8300,34.7500,34.8300,3200
1431106441,35.0600,35.0600,34.8500,34.8500,125700
1431106794,34.9200,35.1000,34.9200,35.1000,1500
1431106993,34.9600,34.9600,34.9300,34.9300,400
1431107375,34.9100,35.0000,34.9100,34.9100,800
1431107692,35.0700,35.0700,34.9100,34.9100,700
1431107869,34.9825,35.0500,34.9500,34.9500,800
1431108260,35.0100,35.0200,34.9000,34.9800,1300
1431108555,35.0000,35.0900,35.0000,35.0500,800
1431108724,35.0000,35.0900,34.9800,35.0900,500
1431109178,34.9500,35.0000,34.9500,34.9700,700
1431109389,35.0600,35.0600,35.0000,35.0500,900
1431109703,34.9800,35.0660,34.9800,35.0500,600
1431110014,34.9400,34.9600,34.9400,34.9600,500
1431110333,35.0000,35.0000,34.9000,34.9400,1700
1431110575,34.9400,35.0200,34.9300,35.0200,500
1431110999,34.9400,35.0200,34.9400,34.9400,400
1431111239,35.0200,35.0200,34.9400,34.9400,900
1431111599,34.9900,35.0300,34.9500,34.9500,800
1431111745,34.9800,35.0400,34.9800,34.9800,500
1431112182,34.9800,35.0500,34.9700,34.9700,900
1431112402,34.9800,34.9800,34.9800,34.9800,600
1431112794,34.9800,35.0500,34.9800,35.0300,900
1431113048,34.9800,34.9800,34.9100,34.9800,2100
1431113348,34.9300,35.0000,34.9300,34.9900,800
1431113659,34.9400,35.0000,34.9400,34.9400,1300
1431113948,34.9400,35.0100,34.8800,34.9400,8200
1431114245,34.9500,34.9800,34.9300,34.9300,2000
1431114552,34.9500,34.9800,34.9400,34.9500,4600
1431114845,34.9500,34.9700,34.9450,34.9500,25900
1431115141,34.8500,34.9600,34.7900,34.9500,16200
1431115200,34.8100,34.8100,34.8100,34.8100,0
1431351107,36.3212,36.3212,36.3212,36.3212,0
1431351537,35.0500,35.5000,35.0500,35.4800,800
1431351875,35.0500,35.3900,35.0000,35.3900,1100
1431352099,35.0000,35.2375,34.9900,35.0200,4800
1431352460,35.1500,35.2300,35.1500,35.2300,300
1431352735,35.3600,35.3600,35.1700,35.1700,200
1431353053,35.3100,35.4200,35.2500,35.3366,1200
1431353156,35.3100,35.4000,35.3100,35.4000,2500
1431353672,35.4800,35.4800,35.3900,35.3900,500
1431353870,35.4500,35.4800,35.1800,35.3800,3500
1431354279,35.3600,35.3600,35.3400,35.3400,300
1431354427,35.2800,35.2850,35.2600,35.2600,500
1431354780,35.0300,35.3100,35.0300,35.2700,2900
1431355152,35.1400,35.1400,35.1400,35.1400,100
1431355390,35.1200,35.1600,35.1200,35.1600,200
1431355748,35.0050,35.1300,35.0050,35.1300,2500
1431356082,35.0100,35.0100,34.9900,34.9900,2400
1431356135,35.0000,35.0000,34.9700,34.9700,200
1431356558,34.9400,35.0000,34.9400,35.0000,200
1431356819,35.0000,35.0000,35.0000,35.0000,300
1431357292,35.0000,35.0950,35.0000,35.0850,2800
1431357571,35.0000,35.0550,35.0000,35.0000,2800
1431357862,34.9200,35.0100,34.9100,35.0100,500
1431358308,34.9100,34.9100,34.9100,34.9100,100
1431358998,35.0200,35.0200,34.9500,34.9500,400
1431359318,35.0245,35.0245,34.9800,34.9800,300
1431359679,35.0000,35.0100,34.9300,34.9800,2100
1431359867,34.9800,35.0300,34.9800,35.0000,900
1431360287,34.9900,34.9900,34.9700,34.9700,200
1431360643,34.9500,34.9500,34.9300,34.9300,200
1431361125,34.9600,34.9600,34.9600,34.9600,100
1431361223,34.9350,34.9350,34.9100,34.9100,200
1431361530,35.0000,35.0000,34.9800,34.9800,800
1431362089,35.0100,35.0100,34.9200,34.9200,800
1431362392,34.9900,35.0700,34.9900,35.0500,400
1431362604,35.0000,35.0100,35.0000,35.0000,1200
1431362984,34.9900,35.0200,34.9300,35.0200,500
1431363118,34.9400,34.9400,34.9400,34.9400,100
1431363598,34.9400,35.1300,34.9400,34.9500,41000
1431363899,34.9550,34.9700,34.9400,34.9500,10500
1431364194,34.9600,34.9700,34.9500,34.9700,3500
1431364494,34.9500,35.0200,34.9350,34.9600,11600
1431364739,34.9500,34.9600,34.9400,34.9500,1300
1431365070,34.9600,34.9600,34.9500,34.9600,2300
1431365385,34.9500,34.9600,34.9500,34.9500,1600
1431365554,34.9500,34.9700,34.9500,34.9700,3600
1431365984,34.9400,34.9600,34.9000,34.9600,5700
1431366173,34.9435,34.9435,34.9435,34.9435,500
1431366583,34.8950,34.9300,34.8700,34.9000,500
1431366874,34.9550,34.9900,34.8950,34.8950,4300
1431367161,34.9500,34.9600,34.9500,34.9600,1600
1431367431,34.9500,34.9600,34.9500,34.9500,3800
1431367769,34.9500,34.9600,34.9400,34.9400,1800
1431368061,34.9500,34.9500,34.9400,34.9400,5700
1431368353,34.9500,34.9500,34.9400,34.9400,1100
1431368692,34.9500,34.9600,34.9401,34.9600,4600
1431368942,34.9100,34.9500,34.9000,34.9450,4000
1431369015,34.9200,34.9200,34.9100,34.9100,400
1431369599,34.9000,34.9250,34.9000,34.9000,5100
1431369884,34.9000,34.9600,34.9000,34.9000,21900
1431370084,34.9000,34.9000,34.8900,34.8900,900
1431370402,34.9000,34.9000,34.9000,34.9000,1600
1431370777,34.8900,34.9000,34.8700,34.8900,2500
1431371099,34.8800,34.9100,34.8800,34.8800,4900
1431371340,34.8908,34.9000,34.8700,34.8800,2100
1431371680,34.9000,34.9600,34.9000,34.9000,7300
1431371941,34.8900,34.9100,34.8500,34.9000,1900
1431372296,34.9100,34.9200,34.9000,34.9100,8000
1431372570,34.8900,34.9100,34.8800,34.9000,5900
1431372871,34.8500,34.8800,34.8500,34.8674,4800
1431373141,34.9100,34.9200,34.8000,34.8300,5300
1431373451,34.9000,34.9500,34.8900,34.9100,9200
1431373741,34.8900,34.9100,34.8100,34.9100,9900
1431374099,34.9000,34.9900,34.8600,34.9000,21900
1431374342,34.9000,35.0100,34.8310,34.8900,40100
1431374400,34.9000,34.9000,34.9000,34.9000,0
1431437671,33.0000,33.2695,32.7100,33.0000,0
1431437998,31.5600,32.6299,31.5500,32.4100,11100
1431438271,31.3500,31.7800,31.3000,31.7800,7200
1431438597,31.2001,31.4100,31.2001,31.3500,12100
1431438862,31.2400,31.3000,30.8600,31.2900,15100
1431439199,30.7900,31.1900,30.7800,31.1000,21400
1431439447,30.5800,30.7900,30.2001,30.7800,10200
1431439793,30.3500,30.5250,30.2850,30.5100,13300
1431440098,30.4000,30.8900,30.2900,30.3400,11900
1431440392,30.6400,30.7500,30.3400,30.3700,10700
1431440695,30.6601,30.8300,30.5800,30.6275,21200
1431440993,30.6100,30.8400,30.5800,30.8200,3500
1431441201,30.6700,30.6895,30.5700,30.5800,11800
1431441593,30.8950,30.9949,30.6800,30.6800,21000
1431441877,31.0800,31.1100,30.8100,30.9000,11600
1431442130,30.8000,31.0500,30.7000,31.0300,13500
1431442495,30.8099,30.8800,30.7200,30.7200,7800
1431442798,30.6800,30.8300,30.6600,30.8100,6400
1431443044,30.6800,30.7500,30.6800,30.7000,1800
1431443387,30.7600,30.7600,30.6900,30.7500,4000
1431443546,30.7001,30.7050,30.7000,30.7050,500
1431443998,30.6800,30.7594,30.5800,30.7594,4400
1431444290,30.4030,30.6100,30.4000,30.6100,10800
1431444572,30.5500,30.6000,30.4000,30.4000,11900
1431444891,30.5700,30.5900,30.4500,30.5499,5700
1431445091,30.5200,30.5700,30.4600,30.5700,1400
1431445475,30.4750,30.4900,30.4500,30.4800,3000
1431445581,30.5300,30.5300,30.5200,30.5200,300
1431445998,30.5500,30.5946,30.5100,30.5876,1100
1431446191,30.4600,30.5000,30.4600,30.5000,900
1431446669,30.5100,30.6027,30.4600,30.4700,3100
1431446982,30.4005,30.4600,30.4000,30.4600,3600
1431447292,30.3800,30.5000,30.3700,30.4000,35500
1431447577,30.3800,30.4000,30.3800,30.3800,3100
1431447890,30.3740,30.4000,30.3600,30.3605,6000
1431448187,30.2800,30.3700,30.2800,30.3700,4700
1431448489,30.0400,30.2500,29.8000,30.2250,21600
1431448747,30.0200,30.1800,30.0200,30.1400,2800
1431448956,30.0100,30.0200,29.9500,30.0200,3900
1431449258,29.9601,30.0400,29.9550,30.0100,3100
1431449542,30.0555,30.0600,30.0200,30.0300,1500
1431449957,30.0100,30.0632,29.9850,30.0000,4600
1431450286,30.0000,30.0400,29.9750,30.0300,4700
1431450533,30.0150,30.0600,29.9700,29.9900,1700
1431450872,30.0000,30.0399,30.0000,30.0000,6700
1431451172,30.0400,30.0400,29.9800,30.0000,7200
1431451493,30.0200,30.0300,30.0200,30.0300,500
1431451628,30.0500,30.1600,30.0260,30.0400,3300
1431452088,30.0500,30.0700,30.0400,30.0700,1000
1431452357,29.9450,30.0300,29.9000,30.0300,9000
1431452651,30.0100,30.1300,29.9546,29.9600,5600
1431452996,30.0800,30.1300,30.0400,30.0502,3000
1431453298,30.1399,30.3100,30.0650,30.2100,166300
1431453593,30.0700,30.2392,30.0700,30.2300,4700
1431453867,30.0500,30.0900,29.9900,30.0800,9700
1431454197,30.0250,30.0500,30.0250,30.0500,2400
1431454460,30.0050,30.0300,30.0025,30.0300,7100
1431454755,30.0090,30.0100,30.0000,30.0050,1800
1431455078,29.9800,30.0100,29.9500,30.0050,12500
1431455382,30.0000,30.0600,29.9700,30.0000,15500
1431455695,30.0350,30.0600,30.0100,30.0200,4300
1431455933,30.0400,30.0400,30.0350,30.0350,1700
1431456296,30.0400,30.0450,30.0300,30.0450,8500
1431456581,30.0100,30.0400,30.0000,30.0400,6700
1431456783,30.0700,30.0800,30.0050,30.0100,1600
1431457197,30.0100,30.0550,30.0100,30.0550,4600
1431457497,30.1000,30.1000,30.0050,30.0050,5100
1431457794,30.1600,30.3900,30.1100,30.1495,10000
1431457991,30.2200,30.3100,30.1700,30.2200,17900
1431458343,30.2300,30.4050,30.1500,30.3300,20300
1431458677,30.0520,30.2300,30.0500,30.2050,8600
1431458969,30.0350,30.0700,30.0225,30.0700,7000
1431459289,30.0200,30.0400,30.0150,30.0350,9500
1431459596,29.9999,30.0200,29.9600,30.0200,12500
1431459884,30.0700,30.0700,29.9500,29.9700,20700
1431460187,30.0100,30.0700,30.0050,30.0700,7200
1431460498,30.1100,30.1897,30.0100,30.0100,10000
1431460740,30.1700,30.3000,30.0900,30.1100,31400
1431460800,30.1700,30.1700,30.1700,30.1700,0
1431524085,31.0659,31.0894,30.7300,30.7300,0
1431524393,30.6750,31.0000,30.4800,31.0000,9800
1431524669,30.7900,30.7900,30.6960,30.6960,104400
1431524948,30.9300,30.9300,30.6831,30.7500,10200
1431525295,30.9400,31.0000,30.8550,31.0000,14300
1431525590,30.8100,30.9450,30.6600,30.9100,8400
1431525897,30.8000,30.8140,30.6700,30.8140,3600
1431526158,31.1037,31.1700,30.8000,30.8000,102600
1431526442,30.9500,31.1900,30.7200,31.0900,9500
1431526799,30.9250,30.9900,30.9000,30.9501,7000
1431526983,30.7800,30.9100,30.7200,30.9100,5200
1431527387,30.9200,30.9800,30.7900,30.7900,8000
1431527698,30.8750,30.8900,30.8650,30.8700,10200
1431527955,30.7300,30.8800,30.7300,30.8750,3800
1431528182,30.7300,30.7400,30.7200,30.7250,2400
1431528522,30.7500,30.7600,30.7500,30.7500,2100
1431528888,30.8500,30.8500,30.7520,30.7600,4100
1431529186,30.7800,30.8600,30.7400,30.8500,6300
1431529490,30.6700,30.7900,30.6700,30.7650,8400
1431529719,30.5600,30.6800,30.5200,30.6700,7200
1431530095,30.6100,30.6150,30.6100,30.6150,700
1431530396,30.6200,30.6700,30.6200,30.6300,3700
1431530696,30.5150,30.6100,30.5000,30.6100,6400
1431530940,30.5450,30.5450,30.3300,30.5000,10800
1431531272,30.4150,30.5000,30.3508,30.5000,8300
1431531560,30.6000,30.6150,30.4500,30.5000,47900
1431531899,30.7900,30.7900,30.5000,30.6900,10000
1431532197,30.9300,30.9900,30.8300,30.8850,4400
1431532388,30.9450,30.9900,30.9250,30.9301,3400
1431532758,31.0100,31.0100,30.9350,30.9400,6600
1431533092,31.1200,31.1200,31.0200,31.0200,2100
1431533309,31.1300,31.1400,31.0500,31.1400,2600
1431533640,30.9400,31.0700,30.9400,31.0600,6600
1431533975,30.8900,30.9920,30.8650,30.9400,3700
1431534295,30.9700,31.0200,30.9200,30.9200,1000
1431534535,30.9600,30.9900,30.9400,30.9600,2100
1431534888,30.8500,30.9400,30.8500,30.9400,4500
1431535143,30.7400,30.8600,30.7101,30.8300,2400
1431535453,30.7400,30.7700,30.5000,30.7000,5800
1431535799,30.8200,30.8200,30.6500,30.7100,4600
1431536095,30.7500,30.7800,30.6800,30.7700,9100
1431536346,30.9300,30.9300,30.7300,30.7300,4400
1431536682,31.0580,31.0800,30.9200,30.9200,5400
1431536967,31.0200,31.0900,31.0000,31.0700,9700
1431537258,31.0000,31.0400,31.0000,31.0300,2800
1431537489,30.9900,31.0100,30.9300,31.0050,8700
1431537857,31.0600,31.0700,31.0050,31.0050,16000
1431538195,30.8700,31.0600,30.8700,31.0600,5800
1431538498,30.8600,30.9650,30.6900,30.8650,8900
1431538745,30.9800,30.9800,30.8650,30.9200,10100
1431539058,31.0000,31.0900,31.0000,31.0000,68900
1431539383,31.0500,31.0600,31.0500,31.0600,500
1431539677,31.0800,31.1000,31.0000,31.0700,7100
1431539887,31.0400,31.1300,31.0100,31.0750,7000
1431540296,30.9820,31.1050,30.9150,31.1050,90900
1431540593,30.7750,30.9800,30.7500,30.9050,9600
1431540882,30.7000,30.8500,30.6000,30.7600,16500
1431541112,30.9200,30.9900,30.7400,30.7400,2300
1431541472,30.9700,30.9900,30.8950,30.9350,3500
1431541746,30.9700,31.0000,30.9000,30.9500,3700
1431542042,30.9150,30.9790,30.7400,30.9750,5300
1431542396,30.7995,30.9400,30.7401,30.8500,4600
1431542697,30.9100,30.9580,30.7350,30.7900,4300
1431542982,30.9800,30.9800,30.8100,30.8900,5400
1431543183,30.8400,30.9550,30.7450,30.9550,5600
1431543420,30.7900,30.8800,30.7750,30.8800,6100
1431543849,30.8300,30.9000,30.7701,30.9000,10600
1431544183,30.9000,30.9000,30.8300,30.8600,5100
1431544498,30.8400,30.9300,30.7401,30.9200,18600
1431544793,30.8795,30.9000,30.8200,30.8300,7200
1431545080,30.7100,30.8800,30.7000,30.8750,6200
1431545353,30.7950,30.8500,30.7450,30.7450,2100
1431545658,30.7900,30.8000,30.7900,30.8000,1600
1431545998,30.6950,30.7900,30.6750,30.7900,23700
1431546294,30.6400,30.7700,30.6200,30.6950,10700
1431546593,30.7900,30.7900,30.6900,30.7000,4100
1431546848,30.9000,30.9500,30.8600,30.8600,7200
1431547153,30.9400,30.9500,30.9000,30.9000,17400
1431547200,30.9400,30.9400,30.9400,30.9400,0
1431610450,30.8500,31.1400,30.7700,30.7700,0
1431610796,31.0600,31.1950,30.9100,30.9100,3700
1431611026,31.0200,31.2400,31.0200,31.0869,3000
1431611386,31.0400,31.1050,31.0400,31.1050,1300
1431611693,31.0405,31.1700,31.0100,31.0100,7600
1431611997,31.1200,31.1900,31.0400,31.0850,3900
1431612288,31.1400,31.1800,31.0600,31.1200,3900
1431612553,31.1500,31.1900,31.1100,31.1100,1400
1431612832,31.2400,31.2800,31.2400,31.2500,2700
1431613161,31.2500,31.2550,31.1900,31.2550,300
1431613488,31.1500,31.2800,31.1500,31.2000,3500
1431613792,31.2200,31.3800,31.2200,31.2800,3100
1431614000,31.3700,31.3700,31.1741,31.1741,600
1431614285,31.3200,31.3200,31.3200,31.3200,200
1431614660,31.2700,31.3153,31.2700,31.3153,1600
1431614946,31.3300,31.3400,31.2700,31.3050,800
1431615298,31.3100,31.3500,31.2400,31.3500,2200
1431615565,31.2800,31.3400,31.2500,31.3100,2800
1431615888,31.7000,31.7000,31.3400,31.3400,9200
1431616175,31.6900,31.8200,31.5600,31.6300,13200
1431616452,31.6700,31.7900,31.6300,31.6900,3700
1431616620,31.8150,31.8300,31.7100,31.7300,2700
1431617072,31.7450,31.7500,31.5900,31.7100,4700
1431617287,31.7700,31.7700,31.6600,31.6600,4300
1431617684,31.7611,31.7611,31.6400,31.7100,1000
1431617771,31.7700,31.7800,31.6700,31.7800,300
1431618245,31.7500,31.7700,31.6700,31.7700,900
1431618532,31.7900,31.8100,31.6100,31.7325,3100
1431618881,31.7600,31.7600,31.5500,31.6000,6300
1431619151,31.6700,31.7200,31.5700,31.6700,3000
1431619494,31.7100,31.7100,31.6300,31.6300,3300
1431619797,31.6800,31.7600,31.5800,31.6600,5300
1431620095,31.4100,31.6900,31.4100,31.6900,4500
1431620386,31.3900,31.5600,31.3800,31.4700,2300
1431620689,31.5000,31.6100,31.3200,31.3800,5000
1431620974,31.5695,31.6200,31.4500,31.4900,6100
1431621286,31.4100,31.5750,31.3900,31.5100,2500
1431621575,31.4200,31.4200,31.4200,31.4200,1100
1431621876,31.4400,31.4400,31.3700,31.4400,1100
1431622061,31.3100,31.4450,31.3100,31.3700,2700
1431622280,31.3350,31.3800,31.3100,31.3800,1300
                                                                                                                                                       