uri:/instrument/1.0/LAND/chartdata;type=quote;range=1d/csv
ticker:land
Company-Name:Gladstone Land Corporation
Exchange-Name:NGM
unit:MIN
timezone:EDT
currency:USD
gmtoffset:-14400
previous_close:11.8100
Timestamp:1431523800,1431547200
labels:1431525600,1431529200,1431532800,1431536400,1431540000,1431543600,1431547200
values:Timestamp,close,high,low,open,volume
close:11.0500,11.2300
high:11.0500,11.2300
low:11.0450,11.2250
open:11.0490,11.2300
volume:100,34600
1431523855,11.0500,11.1500,11.0500,11.0500,34600
1431523902,11.0500,11.0500,11.0500,11.0500,2700
1431523960,11.1970,11.1970,11.0600,11.0600,5800
1431524005,11.1500,11.1800,11.1500,11.1500,1500
1431524099,11.0500,11.1500,11.0500,11.1500,17300
1431524153,11.1500,11.1700,11.0550,11.0550,3100
1431524216,11.1500,11.1500,11.1500,11.1500,5300
1431524273,11.1200,11.1900,11.1000,11.1800,13400
1431524292,11.1200,11.1200,11.1000,11.1100,1000
1431524392,11.1500,11.1700,11.1300,11.1650,6800
1431524439,11.1300,11.1300,11.1300,11.1300,100
1431524519,11.1700,11.1700,11.1000,11.1500,6500
1431524541,11.1600,11.1600,11.1500,11.1600,1300
1431524612,11.1200,11.1500,11.1200,11.1500,700
1431524749,11.1500,11.1500,11.1500,11.1500,3300
1431524807,11.1499,11.1499,11.1499,11.1499,900
1431524858,11.1499,11.1500,11.1400,11.1400,1000
1431524890,11.1500,11.1500,11.1500,11.1500,1500
1431524996,11.1700,11.1700,11.1501,11.1501,1100
1431525039,11.1500,11.1500,11.1200,11.1500,8200
1431525077,11.1500,11.1500,11.1500,11.1500,200
1431525142,11.1200,11.1500,11.1200,11.1500,3300
1431525181,11.1499,11.1499,11.1499,11.1499,800
1431525297,11.1000,11.1499,11.1000,11.1499,10700
1431525350,11.1399,11.1400,11.1399,11.1400,1300
1431525416,11.0900,11.1200,11.0900,11.1000,2400
1431525471,11.1000,11.1399,11.0900,11.0900,1100
1431525482,11.0800,11.1000,11.0800,11.1000,6000
1431525631,11.1399,11.1400,11.1000,11.1000,4200
1431525836,11.0800,11.1500,11.0800,11.1040,4400
1431525867,11.1270,11.1270,11.1270,11.1270,300
1431525942,11.1000,11.1000,11.1000,11.1000,200
1431525992,11.0900,11.0900,11.0900,11.0900,400
1431526046,11.0900,11.1100,11.0900,11.1100,1300
1431526124,11.0700,11.0700,11.0700,11.0700,3200
1431526197,11.0600,11.0700,11.0600,11.0700,800
1431526203,11.0500,11.0550,11.0500,11.0500,2500
1431526287,11.0500,11.0500,11.0450,11.0500,1600
1431526488,11.0820,11.0820,11.0490,11.0490,1900
1431526555,11.0500,11.1000,11.0500,11.1000,1100
1431526568,11.1000,11.1000,11.1000,11.1000,200
1431526694,11.0920,11.0920,11.0920,11.0920,800
1431526769,11.1000,11.1000,11.0976,11.0976,2300
1431526834,11.0800,11.1000,11.0500,11.1000,7800
1431526967,11.0900,11.0900,11.0500,11.0500,2900
1431526989,11.0899,11.0900,11.0899,11.0900,300
1431527122,11.1200,11.1200,11.1000,11.1000,1200
1431527175,11.1000,11.1000,11.1000,11.1000,100
1431527279,11.1500,11.1500,11.1100,11.1100,2000
1431527395,11.1200,11.1200,11.1200,11.1200,100
1431527409,11.1100,11.1470,11.1100,11.1430,1200
1431527486,11.1400,11.1400,11.1000,11.1000,400
1431527551,11.1300,11.1300,11.1100,11.1100,200
1431527671,11.1300,11.1500,11.1300,11.1500,1600
1431527813,11.1600,11.1672,11.1600,11.1672,1100
1431527848,11.1500,11.1600,11.1500,11.1500,1300
1431527932,11.1500,11.1634,11.1500,11.1634,300
1431527983,11.1500,11.1500,11.1500,11.1500,200
1431528025,11.1500,11.1649,11.1500,11.1649,200
1431528119,11.1640,11.1640,11.1500,11.1500,700
1431528168,11.1200,11.1500,11.1200,11.1500,300
1431528187,11.1450,11.1599,11.1200,11.1599,1800
1431528289,11.1600,11.1600,11.1600,11.1600,500
1431528403,11.1450,11.1450,11.1260,11.1260,400
1431528451,11.1700,11.1700,11.1450,11.1450,400
1431528660,11.1500,11.1500,11.1500,11.1500,100
1431528770,11.1500,11.1648,11.1500,11.1500,900
1431528835,11.1772,11.1800,11.1650,11.1700,2400
1431528896,11.1600,11.1600,11.1600,11.1600,1100
1431528936,11.1700,11.1700,11.1550,11.1550,1500
1431529014,11.1500,11.1600,11.1500,11.1600,8500
1431529052,11.1500,11.1800,11.1500,11.1800,3700
1431529156,11.1610,11.1610,11.1610,11.1610,500
1431529310,11.1388,11.1500,11.1388,11.1500,500
1431529348,11.1500,11.1500,11.1305,11.1305,600
1431529391,11.1427,11.1427,11.1427,11.1427,100
1431529603,11.1500,11.1500,11.1500,11.1500,200
1431529663,11.1500,11.1500,11.1500,11.1500,100
1431529699,11.1500,11.1680,11.1500,11.1680,500
1431529789,11.1500,11.1500,11.1500,11.1500,100
1431529854,11.1300,11.1500,11.1300,11.1500,300
1431529969,11.1300,11.1300,11.1300,11.1300,400
1431530036,11.1500,11.1500,11.1300,11.1300,600
1431530161,11.1300,11.1300,11.1300,11.1300,100
1431530228,11.1300,11.1300,11.1300,11.1300,200
1431530337,11.1500,11.1500,11.1300,11.1300,5300
1431530345,11.1500,11.1500,11.1400,11.1400,2100
1431530528,11.1500,11.1500,11.1400,11.1400,1000
1431530637,11.1700,11.1700,11.1600,11.1612,1000
1431530642,11.1524,11.1700,11.1524,11.1700,500
1431530878,11.1588,11.1588,11.1588,11.1588,400
1431531058,11.1500,11.1500,11.1500,11.1500,100
1431531071,11.1600,11.1600,11.1600,11.1600,500
1431531218,11.1500,11.1500,11.1500,11.1500,100
1431531256,11.1600,11.1600,11.1550,11.1550,1200
1431531319,11.1500,11.1500,11.1500,11.1500,100
1431531378,11.1300,11.1300,11.1300,11.1300,200
1431531520,11.1599,11.1599,11.1599,11.1599,1000
1431531649,11.1300,11.1300,11.1300,11.1300,100
1431531712,11.1300,11.1300,11.1300,11.1300,100
1431531777,11.1200,11.1200,11.1200,11.1200,300
1431531837,11.1100,11.1100,11.1100,11.1100,100
1431531897,11.1100,11.1100,11.1100,11.1100,100
1431531915,11.1100,11.1100,11.1100,11.1100,100
1431531964,11.1100,11.1100,11.1100,11.1100,100
1431532026,11.1100,11.1100,11.1100,11.1100,100
1431532084,11.0900,11.1100,11.0900,11.1100,400
1431532245,11.0900,11.0900,11.0900,11.0900,100
1431532291,11.0900,11.0900,11.0900,11.0900,100
1431532342,11.0900,11.0900,11.0900,11.0900,100
1431532431,11.0900,11.0900,11.0900,11.0900,200
1431532498,11.0900,11.1000,11.0900,11.1000,200
1431532557,11.0900,11.0900,11.0900,11.0900,200
1431532617,11.0900,11.0900,11.0900,11.0900,200
1431532649,11.1050,11.1050,11.1050,11.1050,100
1431532719,11.0900,11.0900,11.0900,11.0900,300
1431532782,11.0800,11.0850,11.0800,11.0800,1100
1431532854,11.0890,11.0890,11.0800,11.0800,500
1431532936,11.0800,11.0800,11.0800,11.0800,100
1431533039,11.0800,11.0800,11.0800,11.0800,100
1431533093,11.0800,11.0800,11.0800,11.0800,200
1431533153,11.0800,11.0800,11.0800,11.0800,100
1431533219,11.0800,11.0800,11.0800,11.0800,200
1431533272,11.0899,11.0900,11.0800,11.0850,1300
1431533306,11.0900,11.0900,11.0850,11.0850,800
1431533360,11.1000,11.1000,11.0850,11.0900,1700
1431533521,11.1150,11.1150,11.0800,11.0800,200
1431533687,11.1000,11.1000,11.1000,11.1000,100
1431533797,11.1195,11.1195,11.1195,11.1195,100
1431533858,11.1300,11.1300,11.1100,11.1100,2800
1431533978,11.1300,11.1400,11.1250,11.1250,4100
1431534055,11.1300,11.1300,11.1250,11.1250,600
1431534352,11.1300,11.1300,11.1200,11.1200,300
1431534412,11.1200,11.1200,11.1200,11.1200,100
1431534503,11.1200,11.1200,11.1200,11.1200,600
1431534545,11.1200,11.1200,11.1200,11.1200,100
1431534637,11.1200,11.1219,11.1200,11.1200,900
1431534720,11.1100,11.1100,11.1100,11.1100,100
1431534783,11.1100,11.1100,11.1100,11.1100,200
1431534919,11.1100,11.1100,11.1100,11.1100,200
1431534966,11.1100,11.1100,11.1100,11.1100,100
1431535025,11.1000,11.1100,11.1000,11.1100,400
1431535098,11.1000,11.1000,11.1000,11.1000,100
1431535192,11.1000,11.1000,11.1000,11.1000,300
1431535247,11.1000,11.1000,11.1000,11.1000,100
1431535302,11.1000,11.1000,11.1000,11.1000,400
1431535347,11.1000,11.1000,11.1000,11.1000,100
1431535427,11.1000,11.1000,11.1000,11.1000,200
1431535458,11.1000,11.1000,11.1000,11.1000,200
1431535557,11.1000,11.1000,11.1000,11.1000,200
1431535610,11.1000,11.1000,11.1000,11.1000,300
1431535656,11.1000,11.1000,11.1000,11.1000,100
1431535711,11.1000,11.1000,11.1000,11.1000,100
1431535791,11.1000,11.1000,11.1000,11.1000,300
1431535812,11.1000,11.1000,11.1000,11.1000,100
1431535909,11.1000,11.1000,11.1000,11.1000,500
1431535962,11.0900,11.1000,11.0900,11.1000,1000
1431536016,11.0900,11.0900,11.0900,11.0900,100
1431536086,11.0900,11.0900,11.0900,11.0900,200
1431536120,11.0900,11.0900,11.0900,11.0900,200
1431536207,11.0900,11.0900,11.0900,11.0900,400
1431536223,11.0900,11.0900,11.0900,11.0900,300
1431536327,11.1000,11.1000,11.0900,11.0900,600
1431536347,11.1200,11.1200,11.1000,11.1000,4200
1431536437,11.1500,11.1500,11.1100,11.1199,3400
1431536573,11.1500,11.1500,11.1400,11.1400,600
1431536637,11.1700,11.1700,11.1400,11.1500,5600
1431536659,11.1300,11.1500,11.1300,11.1500,3000
1431536843,11.1600,11.1700,11.1500,11.1500,1500
1431537162,11.1550,11.1550,11.1550,11.1550,100
1431537207,11.1550,11.1600,11.1550,11.1550,500
1431537262,11.1550,11.1550,11.1550,11.1550,200
1431537323,11.1500,11.1500,11.1500,11.1500,100
1431537391,11.1561,11.1561,11.1561,11.1561,100
1431537505,11.1550,11.1550,11.1550,11.1550,100
1431537580,11.1500,11.1500,11.1500,11.1500,500
1431537641,11.1645,11.1800,11.1500,11.1550,9100
1431537681,11.1500,11.1500,11.1500,11.1500,100
1431537803,11.1300,11.1400,11.1300,11.1400,3700
1431537840,11.1500,11.1500,11.1500,11.1500,100
1431538240,11.1500,11.1500,11.1490,11.1490,11200
1431538270,11.1800,11.1800,11.1800,11.1800,100
1431538878,11.1700,11.1800,11.1700,11.1800,200
1431539145,11.1700,11.1700,11.1700,11.1700,100
1431539242,11.1700,11.1700,11.1700,11.1700,1500
1431539328,11.1600,11.1600,11.1600,11.1600,100
1431539458,11.1900,11.1900,11.1900,11.1900,2000
1431539505,11.1600,11.1700,11.1600,11.1700,200
1431539579,11.1800,11.1800,11.1800,11.1800,100
1431539620,11.1800,11.1900,11.1800,11.1850,400
1431539743,11.1800,11.1800,11.1800,11.1800,200
1431539888,11.1800,11.1800,11.1700,11.1800,900
1431540104,11.1700,11.1700,11.1700,11.1700,1000
1431540408,11.1720,11.1720,11.1720,11.1720,400
1431540585,11.1770,11.1770,11.1726,11.1726,700
1431540643,11.1800,11.1800,11.1770,11.1770,1600
1431540678,11.1700,11.1700,11.1700,11.1700,100
1431540747,11.2000,11.2000,11.1800,11.1800,5000
1431540831,11.2000,11.2000,11.1900,11.1900,3200
1431540916,11.2000,11.2000,11.1800,11.1800,10300
1431541057,11.2300,11.2300,11.1900,11.2000,2300
1431541332,11.2230,11.2230,11.1960,11.2000,1500
1431541464,11.1600,11.1600,11.1600,11.1600,100
1431541520,11.2200,11.2200,11.2199,11.2199,500
1431541596,11.1900,11.1900,11.1900,11.1900,100
1431542108,11.2300,11.2300,11.2200,11.2200,3200
1431542629,11.2100,11.2300,11.2100,11.2300,1200
1431542744,11.2101,11.2300,11.2100,11.2200,2800
1431542981,11.2100,11.2100,11.2100,11.2100,100
1431543040,11.2100,11.2150,11.2100,11.2150,2400
1431543281,11.1600,11.2200,11.1600,11.2150,3800
1431543323,11.1500,11.1500,11.1500,11.1500,100
1431543439,11.1600,11.1600,11.1600,11.1600,400
1431543578,11.1800,11.1800,11.1800,11.1800,100
1431543653,11.1999,11.1999,11.1999,11.1999,500
1431543803,11.1900,11.1900,11.1800,11.1800,400
1431543971,11.2000,11.2000,11.2000,11.2000,1100
1431544118,11.1900,11.1900,11.1900,11.1900,200
1431544262,11.1600,11.1600,11.1600,11.1600,100
1431544605,11.1600,11.1600,11.1600,11.1600,100
1431544634,11.1600,11.1600,11.1600,11.1600,100
1431544788,11.1600,11.1600,11.1600,11.1600,100
1431544918,11.1800,11.1800,11.1600,11.1600,1200
1431544929,11.1699,11.1700,11.1600,11.1700,800
1431545013,11.1601,11.1601,11.1600,11.1600,1000
1431545119,11.1600,11.1600,11.1600,11.1600,100
1431545161,11.1700,11.1700,11.1600,11.1600,2700
1431545289,11.1600,11.1650,11.1600,11.1600,300
1431545417,11.1700,11.1700,11.1674,11.1700,2500
1431545512,11.1600,11.1600,11.1600,11.1600,100
1431545638,11.1600,11.1700,11.1600,11.1700,300
1431545650,11.1600,11.1600,11.1600,11.1600,800
1431545758,11.1550,11.1600,11.1550,11.1600,1000
1431545811,11.1200,11.1400,11.1200,11.1400,700
1431545835,11.1300,11.1300,11.1300,11.1300,100
1431545939,11.1100,11.1200,11.1000,11.1200,7700
1431545946,11.1100,11.1100,11.0900,11.0900,3700
1431546137,11.1100,11.1100,11.1000,11.1000,600
1431546239,11.1000,11.1000,11.1000,11.1000,200
1431546271,11.1840,11.1840,11.1840,11.1840,100
1431546359,11.1995,11.2000,11.1900,11.1900,1100
1431546381,11.1800,11.1800,11.1800,11.1800,400
1431546460,11.2200,11.2200,11.2000,11.2000,1500
1431546595,11.2000,11.2000,11.2000,11.2000,900
1431546604,11.1800,11.2050,11.1800,11.2001,800
1431546699,11.2250,11.2250,11.2250,11.2250,100
1431546793,11.1800,11.1800,11.1800,11.1800,600
1431546862,11.1700,11.1700,11.1600,11.1700,700
1431547007,11.1600,11.1600,11.1600,11.1600,200
1431547073,11.1500,11.1500,11.1500,11.1500,2100
1431547080,11.1900,11.1900,11.1500,11.1500,1300
1431547141,11.1500,11.1800,11.1500,11.1800,4100
1431547200,11.1500,11.1500,11.1500,11.1500,11600
                                      