uri:/instrument/1.0/LVNTA/chartdata;type=quote;range=1d/csv
ticker:lvnta
Company-Name:Liberty Interactive Corporation
Exchange-Name:NMS
unit:MIN
timezone:EDT
currency:USD
gmtoffset:-14400
previous_close:42.5900
Timestamp:1431523800,1431547200
labels:1431525600,1431529200,1431532800,1431536400,1431540000,1431543600,1431547200
values:Timestamp,close,high,low,open,volume
close:42.1500,42.7800
high:42.1600,42.7900
low:42.1300,42.7800
open:42.1400,42.7900
volume:100,17300
1431523994,42.6400,42.7400,42.6400,42.7400,2400
1431524089,42.7800,42.7800,42.7200,42.7200,500
1431524152,42.7800,42.7900,42.7800,42.7900,700
1431524480,42.6100,42.7791,42.6100,42.7400,1700
1431524633,42.7182,42.7182,42.7100,42.7100,600
1431524640,42.7200,42.7200,42.7200,42.7200,500
1431524875,42.7300,42.7300,42.7300,42.7300,400
1431524990,42.6401,42.6401,42.6401,42.6401,400
1431525019,42.6700,42.6800,42.6700,42.6800,500
1431525313,42.5800,42.6000,42.5800,42.6000,300
1431525467,42.6300,42.6300,42.6300,42.6300,300
1431525659,42.5600,42.5600,42.5600,42.5600,100
1431525662,42.5600,42.5600,42.5600,42.5600,200
1431525751,42.5600,42.5900,42.5100,42.5590,4900
1431525807,42.5500,42.5500,42.5200,42.5200,400
1431525873,42.5700,42.5700,42.5300,42.5700,600
1431526015,42.6000,42.6000,42.6000,42.6000,100
1431526176,42.6200,42.6500,42.6200,42.6500,700
1431526240,42.6200,42.6200,42.6200,42.6200,300
1431526311,42.6200,42.6200,42.6200,42.6200,200
1431526401,42.5800,42.5800,42.5800,42.5800,700
1431526545,42.5300,42.5600,42.5300,42.5600,400
1431526607,42.5400,42.5400,42.5400,42.5400,200
1431526679,42.5300,42.5300,42.4700,42.5250,4200
1431526729,42.5600,42.5600,42.5200,42.5200,300
1431526744,42.5100,42.5300,42.4800,42.5300,4200
1431526848,42.4700,42.5000,42.4500,42.4800,1300
1431526913,42.5100,42.5100,42.4600,42.4650,2700
1431526927,42.4879,42.5000,42.4600,42.5000,800
1431526990,42.5000,42.5000,42.5000,42.5000,600
1431527087,42.4900,42.4900,42.4700,42.4900,1500
1431527100,42.4400,42.4900,42.4400,42.4800,3800
1431527180,42.4686,42.4700,42.4450,42.4493,1900
1431527238,42.4500,42.4500,42.4400,42.4400,600
1431527325,42.4300,42.4300,42.4300,42.4300,100
1431527388,42.4200,42.4300,42.4200,42.4300,1000
1431527459,42.3800,42.3800,42.3800,42.3800,100
1431527489,42.3950,42.3950,42.3900,42.3900,200
1431527521,42.3979,42.3979,42.3800,42.3900,1900
1431527628,42.3200,42.3700,42.3000,42.3700,1800
1431527662,42.2800,42.3000,42.2800,42.3000,400
1431527705,42.3000,42.3300,42.2900,42.3000,2100
1431527790,42.3400,42.3700,42.3300,42.3300,1100
1431527876,42.3650,42.3700,42.3600,42.3700,1100
1431527890,42.3800,42.3800,42.3800,42.3800,100
1431528015,42.3800,42.3800,42.3800,42.3800,100
1431528115,42.3700,42.3900,42.3700,42.3900,600
1431528135,42.4200,42.4200,42.3700,42.3700,1000
1431528242,42.3600,42.4000,42.3600,42.4000,1400
1431528320,42.3300,42.3700,42.3300,42.3700,600
1431528369,42.3400,42.3600,42.3100,42.3100,1300
1431528470,42.3300,42.3400,42.3300,42.3400,400
1431528518,42.3400,42.3400,42.3300,42.3400,600
1431528557,42.3400,42.3400,42.3400,42.3400,300
1431528646,42.3300,42.3400,42.3300,42.3400,400
1431528700,42.3400,42.3400,42.3300,42.3300,400
1431528741,42.3300,42.3450,42.3300,42.3300,900
1431528822,42.3600,42.3600,42.3200,42.3200,1400
1431528898,42.3600,42.3600,42.3600,42.3600,200
1431528903,42.3600,42.3600,42.3400,42.3400,500
1431529012,42.3650,42.3650,42.3400,42.3600,11500
1431529078,42.4100,42.4100,42.3650,42.3650,1600
1431529116,42.4200,42.4250,42.4100,42.4100,1800
1431529140,42.3500,42.4100,42.3500,42.4100,2100
1431529259,42.3200,42.3550,42.3200,42.3550,900
1431529264,42.2800,42.3100,42.2700,42.3100,2100
1431529375,42.3000,42.3200,42.2600,42.2900,2900
1431529478,42.3158,42.3158,42.2800,42.3050,500
1431529557,42.2700,42.3200,42.2700,42.3200,900
1431529575,42.3000,42.3000,42.3000,42.3000,800
1431529640,42.3000,42.3300,42.3000,42.3300,800
1431529702,42.2900,42.3400,42.2900,42.3100,700
1431529761,42.2900,42.2900,42.2400,42.2600,1000
1431529856,42.2500,42.2670,42.2400,42.2400,700
1431529891,42.2200,42.2400,42.2200,42.2400,400
1431529950,42.2100,42.2250,42.2100,42.2100,1200
1431530039,42.1900,42.2100,42.1800,42.2100,1500
1431530041,42.2300,42.2300,42.2000,42.2000,200
1431530137,42.2200,42.2300,42.2100,42.2100,900
1431530208,42.2400,42.2400,42.2400,42.2400,200
1431530238,42.2600,42.2800,42.2400,42.2500,9300
1431530337,42.2600,42.2750,42.2600,42.2750,300
1431530340,42.2700,42.2700,42.2500,42.2600,1500
1431530468,42.2500,42.2600,42.2500,42.2600,600
1431530563,42.2800,42.2800,42.2700,42.2700,900
1431530605,42.3000,42.3050,42.3000,42.3000,400
1431530717,42.3200,42.3200,42.3100,42.3200,1300
1431530805,42.3000,42.3000,42.3000,42.3000,200
1431530830,42.2700,42.2900,42.2700,42.2900,900
1431530990,42.2800,42.2800,42.2800,42.2800,900
1431531034,42.2750,42.2800,42.2600,42.2700,1700
1431531066,42.2700,42.2750,42.2600,42.2750,1300
1431531160,42.2600,42.2800,42.2600,42.2700,1300
1431531198,42.3000,42.3000,42.2700,42.2700,400
1431531280,42.3100,42.3100,42.3100,42.3100,100
1431531359,42.3000,42.3200,42.2900,42.3200,1300
1431531419,42.2800,42.2900,42.2800,42.2900,800
1431531423,42.2600,42.2800,42.2600,42.2800,500
1431531504,42.2100,42.2500,42.2100,42.2500,300
1431531599,42.2500,42.2800,42.2400,42.2400,2000
1431531608,42.2500,42.2750,42.2500,42.2750,600
1431531705,42.2400,42.2700,42.2400,42.2700,700
1431531723,42.2550,42.2550,42.2550,42.2550,100
1431531838,42.2800,42.2800,42.2500,42.2500,900
1431531859,42.2800,42.2900,42.2700,42.2700,400
1431531945,42.2400,42.2800,42.2400,42.2800,1800
1431532009,42.2300,42.2800,42.2300,42.2400,1200
1431532136,42.2300,42.2500,42.2300,42.2500,200
1431532190,42.2200,42.2300,42.1900,42.2300,1100
1431532237,42.2100,42.2200,42.2100,42.2200,200
1431532274,42.2100,42.2100,42.2100,42.2100,100
1431532323,42.2000,42.2050,42.1900,42.2050,600
1431532442,42.2000,42.2000,42.2000,42.2000,200
1431532556,42.2100,42.2400,42.2100,42.2400,400
1431532623,42.2000,42.2100,42.2000,42.2100,900
1431532689,42.2300,42.2300,42.2200,42.2200,1000
1431532745,42.2100,42.2250,42.2100,42.2250,5800
1431532858,42.2300,42.2300,42.2300,42.2300,100
1431532917,42.2200,42.2200,42.2200,42.2200,200
1431532934,42.2300,42.2400,42.2200,42.2200,1600
1431533030,42.2500,42.2500,42.2500,42.2500,100
1431533074,42.2200,42.2400,42.2200,42.2400,400
1431533140,42.2500,42.2500,42.2500,42.2500,100
1431533179,42.2300,42.2600,42.2200,42.2400,3500
1431533233,42.2400,42.2400,42.2400,42.2400,200
1431533298,42.2300,42.2400,42.2300,42.2400,200
1431533370,42.2400,42.2500,42.2400,42.2500,200
1431533432,42.2000,42.2000,42.2000,42.2000,900
1431533510,42.2100,42.2200,42.2100,42.2100,1200
1431533602,42.2100,42.2100,42.2100,42.2100,100
1431533645,42.2200,42.2300,42.2200,42.2295,500
1431533746,42.2800,42.2800,42.2400,42.2400,1600
1431533799,42.3000,42.3000,42.2800,42.2800,400
1431533879,42.3000,42.3050,42.2900,42.3050,1700
1431533900,42.2950,42.2950,42.2950,42.2950,100
1431533976,42.2900,42.2900,42.2900,42.2900,500
1431534057,42.3200,42.3200,42.2900,42.2900,1600
1431534077,42.3150,42.3400,42.3150,42.3400,300
1431534210,42.3500,42.3500,42.3000,42.3200,5100
1431534282,42.3550,42.3550,42.3550,42.3550,300
1431534336,42.3800,42.3900,42.3550,42.3550,5000
1431534373,42.3800,42.3900,42.3800,42.3800,1200
1431534468,42.3550,42.3550,42.3550,42.3550,200
1431534510,42.3550,42.3550,42.3550,42.3550,100
1431534566,42.3700,42.3700,42.3550,42.3550,900
1431534644,42.3700,42.3700,42.3700,42.3700,500
1431534662,42.3900,42.3900,42.3700,42.3700,1500
1431534763,42.4100,42.4200,42.3900,42.3900,6700
1431534834,42.4200,42.4200,42.4000,42.4000,2700
1431534895,42.4100,42.4200,42.4100,42.4200,900
1431534940,42.4100,42.4100,42.4100,42.4100,1300
1431534991,42.4200,42.4200,42.4200,42.4200,1600
1431535062,42.4200,42.4200,42.4100,42.4100,200
1431535086,42.4200,42.4200,42.4000,42.4000,300
1431535157,42.4100,42.4200,42.4000,42.4200,3500
1431535213,42.4100,42.4150,42.4100,42.4150,1000
1431535370,42.4100,42.4150,42.4100,42.4150,300
1431535396,42.3900,42.3950,42.3900,42.3900,600
1431535468,42.4100,42.4100,42.3900,42.3900,3200
1431535523,42.3850,42.4200,42.3850,42.4200,2300
1431535573,42.3850,42.3850,42.3850,42.3850,100
1431535691,42.4000,42.4000,42.3900,42.3900,800
1431535752,42.4100,42.4100,42.4100,42.4100,100
1431535826,42.4100,42.4100,42.4100,42.4100,400
1431535912,42.3900,42.4000,42.3900,42.4000,3300
1431535931,42.4400,42.4400,42.3900,42.3900,2300
1431535998,42.4400,42.4400,42.4400,42.4400,200
1431536087,42.4390,42.4390,42.4390,42.4390,900
1431536153,42.3900,42.4350,42.3900,42.4350,1600
1431536162,42.4000,42.4000,42.4000,42.4000,700
1431536251,42.4100,42.4200,42.4100,42.4100,1400
1431536287,42.4150,42.4150,42.4150,42.4150,100
1431536385,42.4100,42.4100,42.4100,42.4100,100
1431536422,42.4400,42.4400,42.4400,42.4400,500
1431536513,42.4500,42.4500,42.4400,42.4400,3700
1431536521,42.4500,42.4500,42.4400,42.4500,900
1431536586,42.4500,42.4500,42.4500,42.4500,100
1431536644,42.4500,42.4500,42.4450,42.4450,1300
1431536728,42.4400,42.4400,42.4400,42.4400,500
1431536774,42.4300,42.4400,42.4300,42.4400,1300
1431536872,42.4200,42.4200,42.4100,42.4200,600
1431536898,42.4200,42.4200,42.4200,42.4200,300
1431536965,42.4200,42.4200,42.4200,42.4200,200
1431537002,42.4250,42.4300,42.4200,42.4200,1000
1431537157,42.4100,42.4200,42.4100,42.4200,1400
1431537181,42.4100,42.4100,42.4050,42.4050,2000
1431537291,42.4000,42.4000,42.4000,42.4000,400
1431537359,42.3900,42.4000,42.3900,42.4000,800
1431537395,42.3900,42.3900,42.3900,42.3900,300
1431537448,42.3900,42.3900,42.3900,42.3900,500
1431537538,42.3900,42.4000,42.3900,42.4000,1100
1431537589,42.3900,42.3900,42.3900,42.3900,500
1431537656,42.3900,42.3900,42.3900,42.3900,1000
1431537718,42.4000,42.4000,42.3900,42.3900,300
1431537773,42.4400,42.4400,42.3900,42.3900,2600
1431537802,42.4400,42.4400,42.4200,42.4200,700
1431537894,42.4150,42.4150,42.4150,42.4150,100
1431537960,42.4300,42.4300,42.4135,42.4135,1200
1431538072,42.4300,42.4374,42.4200,42.4200,600
1431538083,42.4500,42.4500,42.4350,42.4400,2300
1431538178,42.4400,42.4500,42.4400,42.4400,300
1431538250,42.4550,42.4550,42.4400,42.4400,200
1431538305,42.4800,42.4900,42.4700,42.4700,1600
1431538379,42.4600,42.4800,42.4600,42.4800,1100
1431538426,42.4700,42.4700,42.4700,42.4700,500
1431538448,42.4800,42.4800,42.4800,42.4800,100
1431538520,42.4600,42.4650,42.4600,42.4650,400
1431538604,42.4600,42.4600,42.4550,42.4600,800
1431538637,42.4600,42.4600,42.4600,42.4600,200
1431538720,42.4400,42.4500,42.4400,42.4500,400
1431538781,42.4400,42.4400,42.4400,42.4400,100
1431538826,42.4450,42.4450,42.4450,42.4450,100
1431538912,42.4500,42.4500,42.4400,42.4400,3000
1431538938,42.4600,42.4600,42.4500,42.4500,1100
1431539024,42.4900,42.4900,42.4900,42.4900,100
1431539099,42.4700,42.4800,42.4700,42.4800,200
1431539101,42.4800,42.4800,42.4700,42.4700,400
1431539182,42.4700,42.4700,42.4700,42.4700,200
1431539252,42.4600,42.4600,42.4600,42.4600,300
1431539317,42.4550,42.4550,42.4550,42.4550,100
1431539390,42.3900,42.4800,42.3900,42.4700,9700
1431539450,42.3400,42.3800,42.3400,42.3800,600
1431539492,42.3500,42.3500,42.3400,42.3450,700
1431539578,42.3600,42.3600,42.3500,42.3500,900
1431539631,42.3900,42.3900,42.3900,42.3900,200
1431539672,42.3800,42.3900,42.3700,42.3900,600
1431539765,42.4000,42.4000,42.3800,42.3800,1300
1431539824,42.4000,42.4000,42.3850,42.4000,900
1431539949,42.3850,42.4000,42.3850,42.4000,500
1431540058,42.4000,42.4050,42.3850,42.3850,3900
1431540103,42.3950,42.4000,42.3900,42.3950,1900
1431540129,42.3950,42.4000,42.3950,42.3950,3000
1431540226,42.4000,42.4000,42.4000,42.4000,100
1431540246,42.4000,42.4000,42.4000,42.4000,300
1431540335,42.3950,42.3950,42.3950,42.3950,100
1431540388,42.4000,42.4000,42.3900,42.4000,7600
1431540467,42.3800,42.4000,42.3700,42.4000,5000
1431540485,42.3900,42.4000,42.3650,42.3713,5100
1431540580,42.3900,42.3900,42.3900,42.3900,100
1431540650,42.4000,42.4000,42.3700,42.3900,11500
1431540661,42.3958,42.3958,42.3958,42.3958,300
1431540736,42.3800,42.3800,42.3800,42.3800,400
1431540792,42.3800,42.3800,42.3700,42.3800,700
1431540948,42.3750,42.3750,42.3750,42.3750,300
1431540962,42.3400,42.3700,42.3350,42.3700,2400
1431541070,42.3350,42.3350,42.3350,42.3350,600
1431541092,42.3200,42.3300,42.3200,42.3300,900
1431541251,42.3100,42.3200,42.3000,42.3200,3900
1431541312,42.2900,42.3200,42.2900,42.3200,700
1431541373,42.3100,42.3100,42.2950,42.2950,400
1431541382,42.3150,42.3150,42.3100,42.3100,600
1431541496,42.3000,42.3100,42.3000,42.3000,2100
1431541544,42.3000,42.3150,42.3000,42.3000,900
1431541593,42.2800,42.2900,42.2800,42.2900,200
1431541669,42.2800,42.2800,42.2800,42.2800,300
1431541680,42.2700,42.2800,42.2700,42.2800,400
1431541744,42.2400,42.2700,42.2400,42.2700,1100
1431541857,42.1600,42.2400,42.1600,42.2400,5400
1431541863,42.2300,42.2300,42.1400,42.1400,1400
1431541963,42.2100,42.2100,42.2100,42.2100,100
1431542035,42.2800,42.2800,42.2800,42.2800,200
1431542060,42.2600,42.3000,42.2500,42.2600,400
1431542159,42.2600,42.2900,42.2600,42.2600,600
1431542162,42.3000,42.3000,42.2600,42.2600,300
1431542291,42.3150,42.3300,42.3000,42.3150,700
1431542342,42.3300,42.3300,42.3300,42.3300,700
1431542450,42.3350,42.3400,42.3200,42.3400,500
1431542472,42.3300,42.3300,42.3000,42.3200,800
1431542554,42.3300,42.3400,42.3300,42.3300,1100
1431542608,42.3300,42.3400,42.3300,42.3400,500
1431542640,42.3600,42.3600,42.3300,42.3300,800
1431542758,42.3600,42.3700,42.3600,42.3700,200
1431542818,42.3500,42.3600,42.3500,42.3600,200
1431542822,42.3100,42.3600,42.2900,42.3600,4600
1431542925,42.3300,42.3400,42.3300,42.3300,300
1431542974,42.3250,42.3400,42.3250,42.3400,700
1431543035,42.3100,42.3400,42.3100,42.3400,200
1431543116,42.2000,42.3300,42.1900,42.3200,10300
1431543157,42.2200,42.2200,42.1800,42.1800,3000
1431543185,42.2100,42.2250,42.2100,42.2250,600
1431543250,42.2100,42.2100,42.2100,42.2100,100
1431543354,42.2100,42.2100,42.2100,42.2100,100
1431543399,42.2240,42.2300,42.2100,42.2100,1700
1431543479,42.2300,42.2300,42.2100,42.2100,200
1431543539,42.2200,42.2300,42.1900,42.1900,700
1431543594,42.2250,42.2250,42.2100,42.2200,400
1431543656,42.2250,42.2400,42.2250,42.2400,500
1431543662,42.2500,42.2700,42.2400,42.2400,4400
1431543738,42.2400,42.2500,42.2350,42.2500,400
1431543820,42.2400,42.2400,42.2300,42.2300,300
1431543892,42.2100,42.2400,42.2100,42.2400,900
1431543958,42.2500,42.2500,42.2050,42.2050,1700
1431543966,42.2440,42.2440,42.2100,42.2100,500
1431544068,42.2300,42.2300,42.2200,42.2200,1400
1431544134,42.2300,42.2300,42.2200,42.2200,300
1431544157,42.2000,42.2200,42.2000,42.2200,1500
1431544234,42.1900,42.1950,42.1900,42.1950,200
1431544315,42.1700,42.1950,42.1700,42.1950,2000
1431544339,42.1500,42.1650,42.1500,42.1600,600
1431544439,42.1650,42.1650,42.1450,42.1500,2100
1431544464,42.1699,42.1699,42.1600,42.1600,500
1431544529,42.1700,42.1700,42.1600,42.1650,4300
1431544573,42.1850,42.1900,42.1700,42.1700,400
1431544726,42.2000,42.2300,42.1850,42.1850,3500
1431544755,42.2100,42.2100,42.2000,42.2000,500
1431544848,42.2100,42.2100,42.2000,42.2000,2200
1431544868,42.2100,42.2200,42.2050,42.2050,1500
1431544973,42.2000,42.2400,42.2000,42.2350,7400
1431544998,42.1900,42.2000,42.1900,42.2000,1600
1431545058,42.2200,42.2200,42.1800,42.2000,2500
1431545147,42.2100,42.2100,42.2000,42.2100,1000
1431545215,42.2000,42.2100,42.2000,42.2000,400
1431545258,42.2100,42.2100,42.1900,42.1900,600
1431545293,42.1900,42.2050,42.1900,42.2000,1500
1431545399,42.1800,42.1900,42.1700,42.1800,1300
1431545459,42.2050,42.2100,42.1800,42.1800,4400
1431545464,42.1800,42.2100,42.1800,42.2050,3200
1431545525,42.1600,42.1800,42.1450,42.1701,3300
1431545609,42.1700,42.1750,42.1600,42.1600,1000
1431545670,42.1800,42.1900,42.1750,42.1750,1200
1431545756,42.1600,42.1800,42.1500,42.1800,2400
1431545763,42.1500,42.1600,42.1500,42.1600,1400
1431545839,42.1700,42.1700,42.1555,42.1555,4300
1431545881,42.1750,42.1800,42.1700,42.1800,1500
1431545998,42.1650,42.1800,42.1600,42.1700,2700
1431546058,42.1900,42.1900,42.1650,42.1650,3200
1431546068,42.2100,42.2100,42.1800,42.1850,5900
1431546123,42.2050,42.2100,42.2050,42.2100,1000
1431546233,42.2050,42.2100,42.2000,42.2000,2100
1431546293,42.1950,42.2100,42.1950,42.2100,7100
1431546359,42.2000,42.2000,42.1950,42.2000,1900
1431546368,42.2000,42.2000,42.1900,42.1900,3200
1431546473,42.2000,42.2000,42.1950,42.2000,2700
1431546529,42.2000,42.2000,42.1900,42.1900,1000
1431546584,42.2000,42.2000,42.1900,42.2000,2400
1431546602,42.1900,42.2000,42.1900,42.2000,5500
1431546719,42.1950,42.2000,42.1900,42.1900,8600
1431546778,42.2000,42.2000,42.1900,42.1950,5000
1431546830,42.1850,42.2000,42.1850,42.2000,7300
1431546843,42.1800,42.1900,42.1800,42.1900,3900
1431546900,42.2000,42.2000,42.1900,42.1900,9300
1431546968,42.2000,42.2100,42.2000,42.2000,2800
1431547078,42.1800,42.2100,42.1600,42.2100,6500
1431547086,42.1600,42.1750,42.1500,42.1700,6700
1431547198,42.1600,42.1700,42.1300,42.1600,8700
1431547200,42.1700,42.1700,42.1700,42.1700,17300
                                                                                                                                                                                                         