uri:/instrument/1.0/MNST/chartdata;type=quote;range=1d/csv
ticker:mnst
Company-Name:Monster Beverage Corporation
Exchange-Name:NMS
unit:MIN
timezone:EDT
currency:USD
gmtoffset:-14400
previous_close:134.0050
Timestamp:1431437400,1431460800
labels:1431439200,1431442800,1431446400,1431450000,1431453600,1431457200,1431460800
values:Timestamp,close,high,low,open,volume
close:131.1500,133.4300
high:131.2000,133.6900
low:131.1300,133.1300
open:131.2000,133.4428
volume:200,54800
1431437453,132.8200,133.6900,132.8200,132.9600,48200
1431437462,132.5000,133.5699,132.4400,132.8600,15600
1431437579,132.6600,132.6700,132.3100,132.4755,24500
1431437581,132.5400,132.6500,132.3500,132.6100,9700
1431437641,132.4650,132.6000,132.4000,132.5400,14300
1431437701,132.5700,132.5700,132.4100,132.5000,8300
1431437763,132.9054,132.9054,132.9054,132.9054,700
1431437870,132.9350,133.0850,132.6400,133.0100,15500
1431437886,133.2000,133.6679,132.9500,132.9900,10700
1431437997,132.9400,133.5799,132.8900,133.2000,5300
1431438002,132.6601,132.9800,132.5100,132.7900,4200
1431438060,132.9900,132.9999,132.6100,132.7400,18100
1431438130,132.4450,132.6700,132.3500,132.6100,9800
1431438239,132.4479,132.4900,132.3200,132.4000,12700
1431438240,132.9350,133.0000,132.4200,132.4200,9900
1431438358,133.0000,133.0000,132.7601,132.8600,12700
1431438366,133.1000,133.1900,133.0300,133.1700,10900
1431438478,132.8200,133.0900,132.8000,133.0900,9200
1431438482,132.8600,132.8600,132.5500,132.8000,5500
1431438599,132.9900,132.9900,132.8300,132.8600,2500
1431438605,132.7400,132.9700,132.7400,132.9700,4100
1431438719,132.9500,132.9500,132.6000,132.7800,6700
1431438774,133.4300,133.4900,132.7900,132.8600,15800
1431438836,133.2000,133.5000,133.1300,133.4428,7300
1431438840,132.8600,133.2900,132.7660,133.2900,9200
1431438959,133.0500,133.2000,132.8800,132.9600,14700
1431438961,133.0300,133.1300,132.8700,133.0450,12000
1431439071,132.8000,133.0200,132.8000,132.8800,8500
1431439137,132.6600,132.8800,132.5700,132.8200,6000
1431439199,132.4975,132.7100,132.4118,132.6600,21000
1431439200,132.5200,132.5400,132.4100,132.4950,18800
1431439260,132.4000,132.5200,132.3400,132.5000,7500
1431439375,132.3700,132.3700,132.1000,132.3600,12000
1431439437,132.2000,132.4000,132.1900,132.2500,6800
1431439493,132.5200,132.5200,132.0400,132.1400,12300
1431439534,132.3150,132.4650,132.2600,132.4100,6800
1431439563,132.3000,132.4799,132.3000,132.3800,3200
1431439623,132.4300,132.4600,132.2600,132.3200,17100
1431439727,132.4300,132.4400,132.3400,132.4400,12300
1431439753,132.2750,132.4450,132.2100,132.4350,3300
1431439805,132.0700,132.3200,132.0100,132.2100,9200
1431439913,132.3700,132.3700,132.0350,132.0650,10000
1431439978,132.0600,132.4200,132.0600,132.4200,2100
1431439982,131.9700,132.0800,131.8300,132.0700,13100
1431440044,131.8700,132.0300,131.8601,131.9500,2300
1431440100,132.0500,132.1300,131.8000,131.9000,15400
1431440167,132.1700,132.2200,132.1050,132.1050,2500
1431440277,131.9100,132.1600,131.9100,132.1300,5600
1431440283,131.9900,131.9900,131.8400,131.8700,4200
1431440344,131.9100,132.0500,131.8300,132.0500,2900
1431440459,131.9400,131.9700,131.8000,131.8000,2300
1431440462,132.1300,132.1300,131.9100,132.0000,13000
1431440577,132.0100,132.0700,131.9200,132.0100,2500
1431440599,131.9100,131.9200,131.8100,131.9200,3200
1431440651,131.9100,131.9700,131.9100,131.9600,2900
1431440756,131.8500,131.9600,131.7100,131.8100,9700
1431440778,131.8500,131.8800,131.8500,131.8800,300
1431440822,132.0150,132.0700,131.8400,131.8600,7200
1431440892,131.8000,131.9600,131.8000,131.9600,1600
1431440997,131.7200,131.8500,131.6800,131.7800,4000
1431441033,131.7600,131.7800,131.6700,131.7500,5100
1431441114,131.7100,131.7699,131.6700,131.7100,2000
1431441126,131.6100,131.7200,131.6100,131.6800,1700
1431441185,131.5500,131.6600,131.5500,131.6600,7500
1431441292,131.7300,131.7700,131.5600,131.5950,7600
1431441300,131.5500,131.7555,131.5500,131.7100,5400
1431441362,131.6300,131.6700,131.5500,131.5500,7100
1431441420,131.6800,131.8000,131.6520,131.6600,3100
1431441486,131.8500,131.8700,131.6612,131.6899,7400
1431441595,131.8500,131.8500,131.7400,131.8500,4700
1431441655,131.7900,131.9592,131.7800,131.9150,8500
1431441661,131.8600,131.8900,131.6800,131.8900,10100
1431441733,132.0300,132.1500,131.8900,131.8900,10400
1431441782,131.9500,132.0200,131.8900,131.9950,3300
1431441844,132.1650,132.1800,131.9000,131.9200,7800
1431441903,132.5200,132.5400,132.2000,132.2000,5900
1431442001,132.4400,132.5500,132.3900,132.5250,4800
1431442023,132.5700,132.5700,132.3600,132.4000,12700
1431442084,132.6100,132.6699,132.4500,132.5800,8700
1431442199,132.8700,132.8800,132.5700,132.5800,18300
1431442259,132.7650,132.9300,132.5800,132.8500,32500
1431442301,132.5800,132.7300,132.5100,132.7300,10700
1431442379,132.4700,132.6400,132.3700,132.5750,23600
1431442438,132.4000,132.5000,132.3800,132.4750,6600
1431442496,132.2800,132.3900,132.2400,132.3900,3900
1431442557,132.2505,132.4451,132.2500,132.2900,5300
1431442614,132.2000,132.3400,132.1800,132.2500,5500
1431442622,132.2200,132.2500,132.1900,132.1900,1500
1431442724,132.2100,132.2800,132.2100,132.2700,1600
1431442747,132.0000,132.2000,132.0000,132.2000,1800
1431442852,132.0100,132.0516,132.0100,132.0400,1100
1431442862,131.9000,132.0100,131.8900,132.0100,5300
1431442929,131.9600,132.0100,131.8700,131.9900,4800
1431443038,131.8400,132.0100,131.8400,132.0100,3600
1431443040,131.9400,131.9400,131.8100,131.8400,5400
1431443101,132.0400,132.0400,131.8900,131.9200,8100
1431443167,132.0490,132.0700,132.0100,132.0300,2000
1431443275,132.1500,132.2200,132.0000,132.0100,9600
1431443289,132.2210,132.2299,132.1300,132.2299,2300
1431443345,132.1600,132.2000,132.1200,132.1800,4900
1431443459,132.1600,132.1600,132.0700,132.1200,5100
1431443460,132.2400,132.2400,132.1300,132.1800,5300
1431443579,132.1300,132.2600,132.0800,132.2600,2800
1431443638,132.1200,132.1800,132.0900,132.1300,5200
1431443642,132.1000,132.1900,132.1000,132.1200,3600
1431443700,132.1000,132.1900,132.1000,132.1500,1700
1431443766,132.1500,132.1500,132.0400,132.0400,3500
1431443865,132.1100,132.1100,132.0700,132.1100,3900
1431443939,132.1300,132.1300,132.0400,132.0900,3800
1431443999,132.0900,132.1500,132.0600,132.1050,2500
1431444055,132.1700,132.1800,132.0600,132.0600,8900
1431444116,132.2400,132.2600,132.1800,132.2300,5700
1431444169,132.2050,132.2500,132.1901,132.1901,1400
1431444190,132.2920,132.2920,132.2100,132.2400,2400
1431444241,132.3300,132.4300,132.3017,132.3100,4600
1431444358,132.4300,132.4700,132.3301,132.3301,5100
1431444417,132.3300,132.4300,132.3300,132.4300,1000
1431444478,132.3400,132.3900,132.3100,132.3900,1800
1431444487,132.2700,132.3900,132.2700,132.3700,3100
1431444541,132.2900,132.3400,132.2100,132.2800,14000
1431444600,132.1400,132.2800,132.1400,132.2600,1900
1431444715,132.2300,132.2600,132.1512,132.1700,3400
1431444727,132.1600,132.2200,132.1500,132.2200,1300
1431444780,132.1800,132.2300,132.1500,132.2300,700
1431444840,132.0700,132.1600,132.0700,132.1600,1400
1431444957,131.8800,132.0500,131.8800,132.0300,5300
1431444963,131.7700,131.8700,131.7700,131.8700,1200
1431445024,131.7800,131.7800,131.7100,131.7700,8600
1431445138,131.7900,131.7900,131.7200,131.7500,1000
1431445199,131.7600,131.7900,131.7600,131.7900,500
1431445200,131.6800,131.7650,131.6600,131.7600,1400
1431445274,131.6600,131.7200,131.6500,131.7100,1000
1431445335,131.7800,131.8100,131.7200,131.7200,2200
1431445406,131.9100,131.9100,131.8400,131.8500,700
1431445487,131.6800,131.8900,131.6800,131.8900,5700
1431445555,131.7700,131.7900,131.7090,131.7400,2300
1431445561,131.6800,131.7600,131.6800,131.7500,1600
1431445679,131.6400,131.6400,131.5800,131.6300,2700
1431445725,131.6800,131.7000,131.6100,131.6100,4000
1431445758,131.7500,131.7600,131.7100,131.7100,1400
1431445843,131.7200,131.7700,131.7000,131.7700,1600
1431445897,131.7200,131.7299,131.6600,131.7299,500
1431445937,131.6200,131.6600,131.6200,131.6600,2000
1431446035,131.7435,131.7700,131.6100,131.6300,4400
1431446094,131.8000,131.8300,131.7100,131.7700,2600
1431446108,131.7800,131.8250,131.7800,131.8250,600
1431446213,131.8700,131.9150,131.8250,131.8500,2800
1431446221,131.8800,131.9100,131.7900,131.9100,2700
1431446333,132.0300,132.0300,131.9000,131.9500,5900
1431446399,131.9650,132.0400,131.9200,132.0300,5400
1431446447,131.9308,132.0500,131.9308,132.0000,3800
1431446468,131.9700,132.0100,131.9000,131.9420,2300
1431446563,131.8600,131.9650,131.8600,131.9650,2300
1431446635,131.8100,131.9200,131.8100,131.8800,1000
1431446641,131.7300,131.8100,131.7200,131.8100,3900
1431446755,131.7200,131.7600,131.7000,131.7600,1700
1431446813,131.6600,131.7300,131.6300,131.6800,1500
1431446848,131.7100,131.7100,131.6600,131.6600,800
1431446882,131.7200,131.7200,131.6600,131.6600,2900
1431446999,131.6800,131.6975,131.6000,131.6975,2600
1431447044,131.6500,131.6900,131.6200,131.6600,1900
1431447116,131.7000,131.7000,131.5900,131.6200,6800
1431447177,131.7500,131.7800,131.6900,131.7800,1800
1431447199,131.9100,131.9100,131.7000,131.7300,4500
1431447295,131.9000,131.9400,131.8400,131.8900,4500
1431447356,131.8000,131.9300,131.8000,131.9300,2400
1431447381,131.7800,131.8200,131.7800,131.8100,1500
1431447424,132.0100,132.0100,131.8000,131.8000,4600
1431447498,132.0400,132.0400,131.9900,132.0000,1800
1431447584,131.9400,132.0400,131.9400,132.0400,2000
1431447651,131.8600,131.9499,131.8600,131.9499,600
1431447664,131.8650,131.8900,131.7800,131.8300,2400
1431447732,131.9300,131.9400,131.9000,131.9200,1700
1431447805,131.8600,131.9525,131.8600,131.9525,1600
1431447874,131.8200,131.8500,131.8200,131.8500,300
1431447914,131.6800,131.8200,131.6800,131.8200,900
1431447977,131.5800,131.6100,131.5800,131.6100,800
1431448073,131.5700,131.6350,131.5700,131.5900,800
1431448088,131.5000,131.6100,131.4500,131.5700,6000
1431448141,131.7700,131.7700,131.4200,131.4750,9500
1431448228,131.7100,131.7800,131.7100,131.7550,300
1431448260,131.6800,131.7300,131.6700,131.7300,1300
1431448320,131.5700,131.6200,131.5700,131.6200,900
1431448439,131.8400,131.8500,131.5990,131.6300,3800
1431448477,131.7500,131.9400,131.7500,131.8800,4600
1431448503,131.8500,131.9500,131.6403,131.7500,6400
1431448619,131.9000,131.9000,131.7400,131.8400,2200
1431448652,131.9100,131.9100,131.8400,131.8400,300
1431448714,131.8600,131.8600,131.8600,131.8600,200
1431448761,131.9200,132.0500,131.9200,131.9300,4900
1431448859,131.9600,131.9600,131.8700,131.8700,900
1431448893,131.9700,132.0900,131.9600,131.9600,3100
1431448928,131.9300,132.0400,131.9300,132.0400,400
1431449046,131.8905,132.0800,131.8900,132.0200,2500
1431449117,131.9000,131.9000,131.9000,131.9000,300
1431449218,131.7700,131.9800,131.7700,131.9800,3400
1431449226,131.6501,131.8000,131.6500,131.7550,4000
1431449338,131.7000,131.7100,131.7000,131.7100,200
1431449341,131.8200,131.8200,131.7000,131.7300,2900
1431449402,131.8200,131.8900,131.8200,131.8400,2900
1431449492,131.9800,131.9800,131.8800,131.8800,1600
1431449522,131.9000,131.9700,131.9000,131.9700,800
1431449588,132.0300,132.0300,131.8800,131.8800,3900
1431449659,131.9850,132.0000,131.9700,131.9900,1300
1431449701,131.9700,131.9700,131.9400,131.9700,1300
1431449806,131.8200,131.8635,131.8200,131.8635,2600
1431449869,131.8201,131.8500,131.8201,131.8500,400
1431449895,131.6600,131.8400,131.6600,131.8300,4600
1431449974,131.6900,131.6900,131.6900,131.6900,200
1431450050,131.6900,131.6900,131.6900,131.6900,300
1431450063,131.9000,131.9999,131.7300,131.7700,8700
1431450179,131.8000,131.8900,131.7600,131.8900,3900
1431450236,131.8100,131.8200,131.7200,131.7500,4500
1431450241,131.6000,131.8400,131.6000,131.7900,6100
1431450357,131.6300,131.7000,131.6300,131.6600,1800
1431450417,131.6700,131.6900,131.6400,131.6400,800
1431450440,131.5900,131.7200,131.5900,131.6700,2900
1431450491,131.6250,131.6650,131.6100,131.6400,1400
1431450544,131.6700,131.6700,131.5700,131.5700,1200
1431450608,131.7800,131.7800,131.6700,131.6700,4200
1431450668,131.7900,131.7900,131.7300,131.7800,2000
1431450723,131.7400,131.8000,131.6800,131.8000,3100
1431450810,131.7520,131.7568,131.6900,131.7140,1700
1431450848,131.6800,131.7700,131.6800,131.7100,1900
1431450952,131.6400,131.7400,131.6300,131.6700,3200
1431450961,131.6100,131.6800,131.6100,131.6600,2100
1431451029,131.5700,131.6630,131.5600,131.6315,2600
1431451091,131.5500,131.6000,131.5500,131.6000,4300
1431451183,131.5000,131.5799,131.5000,131.5500,7000
1431451211,131.5100,131.5600,131.5000,131.5600,2800
1431451277,131.5400,131.5900,131.5100,131.5100,5200
1431451337,131.5000,131.5900,131.5000,131.5800,2300
1431451382,131.5200,131.5900,131.5200,131.5200,3200
1431451440,131.5600,131.5600,131.5000,131.5100,5400
1431451556,131.7400,131.7400,131.5700,131.5700,3700
1431451561,131.6600,131.7400,131.6600,131.7400,4000
1431451640,131.7500,131.7600,131.7000,131.7100,1200
1431451703,131.6900,131.7500,131.6900,131.7500,1500
1431451761,131.6000,131.6900,131.6000,131.6900,1100
1431451817,131.5100,131.6199,131.5100,131.5600,1700
1431451875,131.5700,131.5800,131.5000,131.5000,4800
1431451946,131.5900,131.6100,131.5870,131.5870,1300
1431451997,131.5600,131.5800,131.5600,131.5600,1000
1431452093,131.5000,131.5820,131.5000,131.5500,2100
1431452111,131.4700,131.5500,131.4400,131.5300,5900
1431452169,131.3300,131.4900,131.3300,131.4700,3800
1431452276,131.3420,131.3420,131.3200,131.3300,1300
1431452288,131.5800,131.5800,131.3500,131.3500,6000
1431452392,131.5350,131.5385,131.4800,131.5200,1900
1431452459,131.6600,131.6600,131.5600,131.5700,1900
1431452462,131.6450,131.6600,131.6300,131.6600,2300
1431452564,131.6600,131.6900,131.6140,131.6600,1600
1431452584,131.6000,131.6600,131.6000,131.6500,4600
1431452641,131.5600,131.6100,131.5600,131.5700,1000
1431452702,131.5200,131.5800,131.5000,131.5800,1600
1431452771,131.4800,131.5100,131.4800,131.5100,500
1431452824,131.6500,131.6600,131.4800,131.4850,6300
1431452935,131.7400,131.7400,131.6600,131.6600,300
1431452946,131.6200,131.7500,131.6200,131.7400,2300
1431453032,131.6350,131.6800,131.6100,131.6500,600
1431453092,131.6700,131.6800,131.6400,131.6600,1600
1431453125,131.7200,131.7550,131.7000,131.7250,2700
1431453184,131.6400,131.6750,131.6400,131.6600,1100
1431453276,131.6700,131.7200,131.6400,131.6400,3500
1431453309,131.9072,131.9300,131.7200,131.7200,6700
1431453374,131.9100,131.9300,131.8600,131.9300,3200
1431453493,131.9300,131.9300,131.8800,131.9300,1200
1431453598,131.7500,131.9100,131.7500,131.9100,2000
1431453658,131.7050,131.7700,131.6800,131.7700,900
1431453716,131.7490,131.7490,131.7490,131.7490,300
1431453748,131.7100,131.7100,131.6800,131.6800,2500
1431453836,131.5900,131.6600,131.5900,131.6600,2400
1431453898,131.5900,131.5900,131.5600,131.5800,1500
1431453908,131.6700,131.6700,131.5803,131.5803,1200
1431454017,131.6100,131.7100,131.6100,131.7000,3700
1431454081,131.5200,131.6000,131.5200,131.6000,900
1431454177,131.4500,131.5000,131.4240,131.5000,1300
1431454202,131.3900,131.4400,131.3900,131.4200,3400
1431454277,131.3500,131.3675,131.3200,131.3600,2200
1431454327,131.3100,131.3190,131.3100,131.3100,2700
1431454439,131.2200,131.2900,131.2200,131.2600,2300
1431454497,131.1500,131.2100,131.1300,131.2100,8300
1431454510,131.1700,131.2000,131.1700,131.2000,700
1431454563,131.3600,131.4100,131.2000,131.2000,7000
1431454675,131.2700,131.3200,131.2400,131.3200,1800
1431454683,131.3400,131.3665,131.2700,131.2700,1400
1431454757,131.2800,131.3100,131.2800,131.3100,1100
1431454800,131.2900,131.2900,131.2650,131.2900,1500
1431454861,131.3415,131.3800,131.3100,131.3300,600
1431454978,131.4100,131.4100,131.2700,131.3100,4400
1431454983,131.4600,131.5100,131.3700,131.3700,1400
1431455064,131.4200,131.4700,131.4200,131.4700,1000
1431455105,131.4300,131.4300,131.4000,131.4000,400
1431455173,131.3100,131.3800,131.3100,131.3800,2700
1431455263,131.3440,131.3440,131.2600,131.3000,3900
1431455280,131.4900,131.4900,131.3700,131.3700,1900
1431455340,131.6100,131.7200,131.5100,131.5100,6600
1431455416,131.8700,131.8700,131.6600,131.6700,3000
1431455467,131.8050,131.8600,131.7700,131.8600,2100
1431455573,132.0033,132.0400,131.7800,131.8000,10700
1431455584,131.9800,132.0300,131.9300,131.9800,12200
1431455640,131.9700,131.9800,131.9100,131.9800,2700
1431455758,132.0400,132.0400,131.9600,131.9800,5300
1431455816,132.1600,132.1600,132.0100,132.0100,6300
1431455821,132.1900,132.2100,132.1100,132.1800,5000
1431455882,132.1600,132.1910,132.1600,132.1900,1600
1431455983,132.2000,132.2000,132.1380,132.1600,800
1431456009,132.2203,132.2500,132.1600,132.1800,13700
1431456094,132.2300,132.2700,132.1900,132.1900,1000
1431456126,132.2400,132.2799,132.2000,132.2200,1600
1431456188,132.1100,132.2000,132.1100,132.1800,2400
1431456241,132.1299,132.1299,132.0800,132.0900,1300
1431456316,132.0600,132.0600,132.0400,132.0500,600
1431456369,132.1200,132.1600,132.0860,132.0900,6800
1431456461,132.0900,132.1300,132.0900,132.1300,500
1431456586,132.2200,132.2200,132.1050,132.1400,3500
1431456634,132.1200,132.2200,132.1200,132.2200,2700
1431456683,132.0200,132.0400,132.0100,132.0400,500
1431456771,132.0000,132.0200,131.9600,132.0200,4400
1431456780,131.9805,132.0400,131.9800,131.9846,6800
1431456847,131.9208,131.9700,131.9208,131.9700,1500
1431456959,131.9300,131.9400,131.7900,131.9400,7500
1431456963,131.9500,131.9900,131.9100,131.9500,3100
1431457072,131.9301,131.9800,131.9300,131.9300,1100
1431457129,131.9100,132.0000,131.9100,131.9800,5000
1431457155,132.0500,132.0500,131.7801,131.8400,5600
1431457203,132.0000,132.0600,132.0000,132.0600,3200
1431457283,132.0200,132.0200,132.0000,132.0100,3000
1431457320,131.9700,132.0200,131.9700,132.0200,3300
1431457393,131.9800,132.0000,131.9670,132.0000,3800
1431457493,131.9100,131.9700,131.9100,131.9700,3000
1431457513,131.8400,131.9280,131.7900,131.9280,3300
1431457562,131.8300,131.8600,131.8300,131.8600,5900
1431457640,132.0000,132.0000,131.8260,131.8260,5500
1431457681,131.9800,131.9800,131.9700,131.9700,500
1431457753,131.9600,131.9800,131.9600,131.9800,7300
1431457812,131.9800,132.0000,131.9100,131.9900,5000
1431457916,131.9400,132.0000,131.9300,132.0000,3000
1431457923,131.9800,131.9800,131.9300,131.9300,3200
1431457994,131.9800,131.9800,131.9400,131.9500,2400
1431458062,131.9100,131.9500,131.8900,131.9500,2800
1431458158,132.0280,132.0300,131.8900,131.9000,3000
1431458163,131.9500,132.0300,131.9500,132.0300,1300
1431458273,131.8900,131.9400,131.8900,131.9400,3200
1431458332,131.8200,131.9400,131.8200,131.9300,2100
1431458341,131.7900,131.8300,131.7900,131.8200,1600
1431458408,131.9500,131.9900,131.8200,131.8200,5100
1431458460,131.8600,131.9600,131.8600,131.9600,1800
1431458575,131.8500,131.8800,131.8300,131.8500,2000
1431458628,131.8200,131.8400,131.8100,131.8400,1700
1431458647,131.7700,131.7900,131.7200,131.7900,2700
1431458700,131.7800,131.7900,131.7500,131.7500,1100
1431458770,131.8900,131.9219,131.8300,131.8300,2500
1431458864,131.7800,131.8900,131.7800,131.8800,4200
1431458939,131.8500,131.8900,131.7900,131.7900,4400
1431458986,131.8500,131.8500,131.7900,131.8300,5500
1431459000,131.8300,131.8400,131.7900,131.8400,1000
1431459115,131.8900,131.8900,131.8300,131.8300,13000
1431459141,131.9200,131.9400,131.8401,131.8401,6600
1431459184,131.9400,131.9600,131.9300,131.9300,4100
1431459296,131.8600,131.9500,131.8600,131.9200,4600
1431459353,131.9300,131.9300,131.8500,131.8600,3500
1431459363,132.0000,132.0000,131.9200,131.9400,3000
1431459423,132.0300,132.0300,131.9600,131.9700,7300
1431459539,132.0900,132.1500,132.0100,132.0100,11400
1431459596,132.0400,132.1004,132.0100,132.0600,10100
1431459658,132.0350,132.0600,132.0100,132.0500,1700
1431459660,131.9000,132.0600,131.8700,132.0600,5900
1431459764,131.9500,131.9800,131.8900,131.9000,4300
1431459781,131.9600,131.9990,131.9300,131.9900,2300
1431459851,131.9999,132.0000,131.9500,131.9600,1400
1431459954,132.0000,132.0100,131.9500,131.9800,6600
1431460018,132.0000,132.0200,131.9700,132.0000,5500
1431460079,132.0200,132.0200,131.9500,132.0000,8800
1431460080,132.0000,132.0200,131.9800,132.0100,8500
1431460199,131.9800,132.0300,131.9600,131.9700,13000
1431460200,132.0200,132.0200,131.9700,131.9800,13800
1431460319,132.0000,132.0100,131.9800,132.0100,18000
1431460370,132.0000,132.0200,131.9800,132.0000,8900
1431460439,131.9900,132.0000,131.9400,131.9900,9300
1431460499,131.9800,132.0200,131.9500,131.9900,21500
1431460555,132.0000,132.0200,131.9600,132.0200,11600
1431460615,132.0160,132.0200,131.9900,132.0000,12400
1431460677,132.0100,132.0200,132.0000,132.0200,10600
1431460683,132.0500,132.0600,131.9400,132.0000,54800
1431460740,132.0500,132.0500,132.0500,132.0500,200
                                                                                                       