uri:/instrument/1.0/OVTI/chartdata;type=quote;range=1d/csv
ticker:ovti
Company-Name:OmniVision Technologies, Inc.
Exchange-Name:NMS
unit:MIN
timezone:EDT
currency:USD
gmtoffset:-14400
previous_close:27.2600
Timestamp:1431523800,1431547200
labels:1431525600,1431529200,1431532800,1431536400,1431540000,1431543600,1431547200
values:Timestamp,close,high,low,open,volume
close:27.2500,27.3300
high:27.2500,27.3300
low:27.2300,27.3300
open:27.2300,27.3300
volume:100,13000
1431523800,27.2800,27.2800,27.2800,27.2800,3000
1431524028,27.2900,27.2900,27.2300,27.2300,1500
1431524052,27.2830,27.2830,27.2830,27.2830,300
1431524158,27.3200,27.3200,27.2910,27.2910,3300
1431524210,27.3100,27.3100,27.3100,27.3100,2200
1431524262,27.3100,27.3100,27.3100,27.3100,700
1431524421,27.3000,27.3200,27.3000,27.3200,1000
1431524561,27.3300,27.3300,27.3100,27.3100,3100
1431524637,27.3300,27.3300,27.3300,27.3300,300
1431524645,27.3000,27.3300,27.3000,27.3300,1700
1431524759,27.3200,27.3300,27.3200,27.3200,3100
1431524771,27.3000,27.3100,27.3000,27.3100,3400
1431524942,27.3000,27.3000,27.3000,27.3000,300
1431525032,27.3300,27.3300,27.3200,27.3200,1400
1431525287,27.3000,27.3100,27.3000,27.3100,200
1431525387,27.3100,27.3100,27.3100,27.3100,100
1431525422,27.3200,27.3200,27.3200,27.3200,100
1431525485,27.3001,27.3001,27.3001,27.3001,100
1431525542,27.3100,27.3100,27.3100,27.3100,200
1431525632,27.3000,27.3000,27.3000,27.3000,100
1431525663,27.3100,27.3100,27.3100,27.3100,100
1431525723,27.3100,27.3100,27.3100,27.3100,500
1431525797,27.3000,27.3000,27.3000,27.3000,300
1431525888,27.3000,27.3000,27.3000,27.3000,200
1431525942,27.3000,27.3000,27.3000,27.3000,100
1431525978,27.3000,27.3000,27.3000,27.3000,200
1431526068,27.3100,27.3100,27.3100,27.3100,200
1431526158,27.3000,27.3000,27.3000,27.3000,300
1431526248,27.3000,27.3000,27.3000,27.3000,200
1431526293,27.3000,27.3000,27.3000,27.3000,100
1431526379,27.3100,27.3100,27.3000,27.3000,4700
1431526428,27.3000,27.3000,27.3000,27.3000,100
1431526446,27.3085,27.3085,27.3000,27.3000,700
1431526558,27.3000,27.3000,27.3000,27.3000,3900
1431526608,27.3000,27.3000,27.3000,27.3000,200
1431526658,27.3100,27.3100,27.3000,27.3100,400
1431526698,27.3000,27.3000,27.3000,27.3000,2100
1431526796,27.3000,27.3000,27.2900,27.3000,2000
1431526858,27.3100,27.3100,27.3000,27.3000,1000
1431526879,27.3000,27.3000,27.3000,27.3000,100
1431526969,27.3000,27.3001,27.3000,27.3000,900
1431527059,27.3000,27.3086,27.3000,27.3086,1300
1431527155,27.3000,27.3000,27.3000,27.3000,200
1431527194,27.3000,27.3000,27.3000,27.3000,300
1431527269,27.3000,27.3000,27.3000,27.3000,200
1431527329,27.3000,27.3000,27.3000,27.3000,200
1431527370,27.3000,27.3000,27.3000,27.3000,100
1431527419,27.3000,27.3000,27.3000,27.3000,300
1431527524,27.3000,27.3000,27.3000,27.3000,700
1431527634,27.2965,27.3000,27.2965,27.3000,2700
1431527664,27.3000,27.3000,27.2985,27.3000,1800
1431527734,27.3000,27.3000,27.2900,27.2900,1800
1431527922,27.3100,27.3100,27.2900,27.2900,1700
1431527966,27.3000,27.3131,27.3000,27.3100,3700
1431528032,27.2700,27.2950,27.2700,27.2950,1300
1431528456,27.2800,27.2900,27.2800,27.2900,200
1431528592,27.2869,27.2869,27.2600,27.2600,200
1431528650,27.2600,27.2600,27.2600,27.2600,200
1431528755,27.2500,27.2500,27.2500,27.2500,100
1431528863,27.2600,27.2600,27.2500,27.2500,200
1431528935,27.2500,27.2500,27.2500,27.2500,200
1431528980,27.2500,27.2500,27.2500,27.2500,100
1431529025,27.2500,27.2500,27.2500,27.2500,100
1431529131,27.2500,27.2580,27.2500,27.2500,700
1431529170,27.2500,27.2500,27.2500,27.2500,100
1431529235,27.2500,27.2500,27.2500,27.2500,800
1431529308,27.2500,27.2600,27.2500,27.2500,5100
1431529430,27.2500,27.2500,27.2500,27.2500,200
1431529445,27.2500,27.2500,27.2500,27.2500,500
1431529569,27.2700,27.2700,27.2600,27.2600,1500
1431529621,27.2800,27.2800,27.2800,27.2800,300
1431529727,27.2900,27.2900,27.2900,27.2900,100
1431529886,27.3000,27.3000,27.3000,27.3000,800
1431530000,27.3000,27.3000,27.3000,27.3000,1500
1431530252,27.3000,27.3000,27.3000,27.3000,5600
1431530481,27.3000,27.3000,27.3000,27.3000,1100
1431530575,27.3000,27.3000,27.3000,27.3000,300
1431530629,27.3000,27.3000,27.3000,27.3000,100
1431530690,27.3000,27.3000,27.3000,27.3000,100
1431530770,27.3000,27.3100,27.3000,27.3100,400
1431530849,27.2850,27.2850,27.2800,27.2800,500
1431530906,27.2750,27.2750,27.2700,27.2700,400
1431530950,27.2800,27.2800,27.2800,27.2800,100
1431531026,27.2600,27.2700,27.2600,27.2700,200
1431531073,27.2600,27.2600,27.2600,27.2600,200
1431531136,27.2700,27.2700,27.2700,27.2700,1300
1431531233,27.3100,27.3100,27.3000,27.3000,300
1431531276,27.3100,27.3110,27.3100,27.3100,1600
1431531326,27.3100,27.3100,27.3100,27.3100,400
1431531409,27.3175,27.3175,27.3175,27.3175,200
1431531444,27.3200,27.3200,27.3200,27.3200,200
1431531584,27.3000,27.3000,27.3000,27.3000,100
1431531671,27.3150,27.3200,27.3100,27.3100,300
1431531807,27.3100,27.3100,27.3100,27.3100,100
1431531873,27.3200,27.3200,27.3100,27.3200,700
1431531900,27.3000,27.3100,27.3000,27.3100,500
1431532008,27.3200,27.3200,27.3200,27.3200,300
1431532039,27.3000,27.3030,27.3000,27.3000,5100
1431532332,27.2600,27.2600,27.2600,27.2600,2600
1431532482,27.2600,27.2600,27.2600,27.2600,200
1431532536,27.2600,27.2600,27.2600,27.2600,100
1431532618,27.2600,27.2600,27.2600,27.2600,200
1431532708,27.2600,27.2600,27.2600,27.2600,100
1431532741,27.2900,27.2900,27.2800,27.2800,1300
1431532986,27.2980,27.3000,27.2980,27.3000,600
1431533134,27.3000,27.3000,27.3000,27.3000,200
1431533172,27.2900,27.2900,27.2900,27.2900,500
1431533295,27.2800,27.2800,27.2800,27.2800,2200
1431533398,27.2800,27.2800,27.2800,27.2800,2800
1431533458,27.2800,27.2800,27.2800,27.2800,200
1431533464,27.2900,27.2900,27.2900,27.2900,100
1431533548,27.2800,27.2800,27.2800,27.2800,300
1431533623,27.2800,27.2800,27.2800,27.2800,200
1431533663,27.2800,27.2800,27.2800,27.2800,600
1431533753,27.2900,27.2900,27.2900,27.2900,1200
1431533774,27.2950,27.3000,27.2900,27.2900,4200
1431533975,27.3000,27.3000,27.2800,27.2800,13000
1431534056,27.3200,27.3200,27.3100,27.3100,300
1431534148,27.3000,27.3010,27.3000,27.3010,500
1431534271,27.2900,27.2900,27.2900,27.2900,100
1431534428,27.2800,27.2850,27.2800,27.2800,1700
1431534529,27.2800,27.2900,27.2800,27.2880,2600
1431534633,27.2800,27.2800,27.2800,27.2800,100
1431534674,27.2800,27.2800,27.2800,27.2800,100
1431534763,27.2800,27.2800,27.2800,27.2800,400
1431534796,27.2900,27.2900,27.2800,27.2800,1400
1431534851,27.3000,27.3000,27.3000,27.3000,100
1431535002,27.3100,27.3100,27.3100,27.3100,400
1431535177,27.3100,27.3100,27.3100,27.3100,100
1431535225,27.3100,27.3100,27.3100,27.3100,200
1431535265,27.3100,27.3100,27.3100,27.3100,100
1431535389,27.3000,27.3100,27.3000,27.3100,1100
1431535531,27.3000,27.3000,27.3000,27.3000,100
1431535607,27.3100,27.3100,27.3100,27.3100,100
1431535620,27.3200,27.3200,27.3000,27.3000,1200
1431535774,27.3100,27.3200,27.3100,27.3200,400
1431535852,27.3100,27.3200,27.3100,27.3200,600
1431535943,27.3200,27.3200,27.3200,27.3200,400
1431536026,27.3000,27.3000,27.3000,27.3000,100
1431536060,27.3200,27.3200,27.3200,27.3200,200
1431536251,27.3000,27.3000,27.3000,27.3000,100
1431536282,27.3000,27.3195,27.3000,27.3195,600
1431536385,27.3000,27.3000,27.3000,27.3000,100
1431536503,27.3200,27.3200,27.3000,27.3000,500
1431536565,27.3100,27.3100,27.3100,27.3100,200
1431536656,27.3100,27.3100,27.3100,27.3100,100
1431536759,27.3100,27.3200,27.3100,27.3200,4900
1431536803,27.3100,27.3200,27.3100,27.3200,1300
1431536934,27.2900,27.3000,27.2700,27.3000,7600
1431536940,27.2900,27.2900,27.2900,27.2900,100
1431537156,27.2900,27.3100,27.2900,27.3100,2700
1431537339,27.3000,27.3000,27.2900,27.2900,1100
1431537477,27.2700,27.2700,27.2700,27.2700,100
1431537586,27.2700,27.2700,27.2700,27.2700,100
1431537646,27.2700,27.2870,27.2700,27.2700,1600
1431537676,27.2700,27.2700,27.2700,27.2700,200
1431537767,27.2700,27.2700,27.2700,27.2700,300
1431537825,27.2570,27.2700,27.2570,27.2700,800
1431537897,27.2500,27.2500,27.2500,27.2500,200
1431537947,27.2600,27.2670,27.2500,27.2500,1200
1431538007,27.2600,27.2650,27.2600,27.2630,1900
1431538032,27.2600,27.2600,27.2600,27.2600,100
1431538091,27.2800,27.2800,27.2625,27.2700,1700
1431538463,27.2900,27.2900,27.2900,27.2900,300
1431538514,27.2900,27.2900,27.2900,27.2900,500
1431538907,27.2950,27.2950,27.2900,27.2900,1300
1431539155,27.2700,27.2770,27.2600,27.2700,900
1431539233,27.2700,27.2700,27.2700,27.2700,200
1431539335,27.2799,27.2800,27.2600,27.2800,2400
1431539368,27.2600,27.2600,27.2600,27.2600,100
1431539503,27.2600,27.2800,27.2600,27.2800,1400
1431539623,27.2600,27.2600,27.2600,27.2600,300
1431539647,27.2650,27.2650,27.2600,27.2600,2400
1431539759,27.2600,27.2600,27.2600,27.2600,100
1431539815,27.2700,27.2700,27.2650,27.2700,1700
1431539925,27.2800,27.2800,27.2800,27.2800,100
1431540000,27.2800,27.2800,27.2800,27.2800,200
1431540330,27.2800,27.2850,27.2800,27.2800,400
1431540468,27.2800,27.2850,27.2800,27.2800,1600
1431540514,27.2750,27.2800,27.2700,27.2800,1900
1431540656,27.2800,27.2800,27.2700,27.2750,1700
1431540828,27.2800,27.2800,27.2800,27.2800,500
1431540922,27.2900,27.2900,27.2850,27.2850,200
1431541017,27.2700,27.2899,27.2700,27.2899,2200
1431541028,27.2700,27.2700,27.2700,27.2700,300
1431541122,27.2600,27.2600,27.2600,27.2600,100
1431541242,27.2600,27.2600,27.2600,27.2600,100
1431541300,27.2600,27.2600,27.2600,27.2600,100
1431541387,27.2600,27.2600,27.2500,27.2600,600
1431541506,27.2600,27.2600,27.2600,27.2600,100
1431541613,27.2700,27.2700,27.2700,27.2700,300
1431541676,27.2900,27.2900,27.2800,27.2800,400
1431541804,27.2800,27.2800,27.2800,27.2800,500
1431542060,27.2900,27.2900,27.2900,27.2900,500
1431542136,27.2900,27.2900,27.2900,27.2900,200
1431542178,27.3000,27.3000,27.3000,27.3000,100
1431542445,27.2800,27.2800,27.2800,27.2800,200
1431542473,27.2700,27.2700,27.2700,27.2700,1200
1431542618,27.2800,27.2800,27.2800,27.2800,100
1431542654,27.2700,27.2800,27.2500,27.2800,2100
1431542812,27.2600,27.2712,27.2600,27.2712,1100
1431542863,27.2700,27.2700,27.2600,27.2600,400
1431542907,27.2800,27.2800,27.2800,27.2800,300
1431542942,27.2900,27.2900,27.2800,27.2800,300
1431543030,27.2600,27.2800,27.2600,27.2800,1300
1431543067,27.2700,27.2700,27.2600,27.2600,200
1431543140,27.2700,27.2700,27.2600,27.2600,300
1431543237,27.2600,27.2600,27.2600,27.2600,100
1431543262,27.2600,27.2600,27.2600,27.2600,100
1431543471,27.2700,27.2700,27.2600,27.2600,2400
1431543674,27.2800,27.2850,27.2800,27.2800,400
1431543837,27.2700,27.2850,27.2700,27.2800,2300
1431543919,27.2800,27.2800,27.2800,27.2800,700
1431544005,27.2800,27.2800,27.2800,27.2800,600
1431544040,27.2700,27.2800,27.2700,27.2800,500
1431544205,27.2700,27.2700,27.2700,27.2700,300
1431544358,27.2700,27.2700,27.2700,27.2700,100
1431544400,27.2700,27.2700,27.2700,27.2700,1700
1431544558,27.2700,27.2700,27.2700,27.2700,200
1431544652,27.2700,27.2700,27.2700,27.2700,100
1431544739,27.2700,27.2700,27.2700,27.2700,5700
1431544797,27.2730,27.2730,27.2700,27.2700,700
1431544805,27.2700,27.2700,27.2700,27.2700,1800
1431544864,27.2600,27.2700,27.2600,27.2700,1500
1431544958,27.2700,27.2700,27.2600,27.2600,1300
1431545219,27.2600,27.2700,27.2600,27.2700,1700
1431545257,27.2700,27.2700,27.2700,27.2700,200
1431545311,27.2600,27.2796,27.2600,27.2796,1000
1431545397,27.2700,27.2700,27.2700,27.2700,200
1431545502,27.2601,27.2700,27.2600,27.2600,3500
1431545682,27.2600,27.2600,27.2600,27.2600,100
1431545745,27.2800,27.2800,27.2600,27.2600,500
1431545771,27.2600,27.2800,27.2600,27.2760,1000
1431545928,27.2600,27.2702,27.2600,27.2702,500
1431545940,27.2600,27.2600,27.2600,27.2600,300
1431546170,27.2600,27.2700,27.2500,27.2700,2700
1431546299,27.2796,27.2796,27.2600,27.2700,2000
1431546319,27.2600,27.2600,27.2600,27.2600,800
1431546373,27.2700,27.2800,27.2700,27.2800,2500
1431546476,27.2800,27.2900,27.2800,27.2900,2000
1431546520,27.2800,27.2800,27.2800,27.2800,300
1431546552,27.2800,27.2800,27.2800,27.2800,100
1431546640,27.2900,27.2900,27.2800,27.2800,700
1431546715,27.2800,27.2801,27.2800,27.2800,1800
1431546776,27.2700,27.2700,27.2700,27.2700,300
1431546788,27.2700,27.2700,27.2700,27.2700,700
1431546893,27.2700,27.2800,27.2700,27.2700,1400
1431546953,27.2700,27.2800,27.2700,27.2800,2000
1431547014,27.2700,27.2800,27.2700,27.2700,1300
1431547061,27.2750,27.2800,27.2700,27.2800,8800
1431547139,27.2800,27.2850,27.2700,27.2750,1600
1431547144,27.2800,27.2850,27.2700,27.2800,7700
1431547200,27.3000,27.3000,27.3000,27.3000,8300
                                                