uri:/instrument/1.0/PRKR/chartdata;type=quote;range=1d/csv
ticker:prkr
Company-Name:ParkerVision, Inc.
Exchange-Name:NCM
unit:MIN
timezone:EDT
currency:USD
gmtoffset:-14400
previous_close:0.3760
Timestamp:1431523800,1431547200
labels:1431525600,1431529200,1431532800,1431536400,1431540000,1431543600,1431547200
values:Timestamp,close,high,low,open,volume
close:0.3705,0.3800
high:0.3716,0.3800
low:0.3702,0.3800
open:0.3703,0.3800
volume:100,51900
1431523800,0.3716,0.3716,0.3716,0.3716,10900
1431524030,0.3745,0.3800,0.3702,0.3730,50100
1431524098,0.3705,0.3798,0.3705,0.3705,600
1431524164,0.3798,0.3798,0.3776,0.3776,2100
1431524688,0.3752,0.3800,0.3751,0.3800,11700
1431524750,0.3800,0.3800,0.3800,0.3800,100
1431524800,0.3800,0.3800,0.3798,0.3798,5000
1431524930,0.3752,0.3752,0.3752,0.3752,2500
1431524973,0.3800,0.3800,0.3800,0.3800,20000
1431525089,0.3752,0.3752,0.3752,0.3752,200
1431525134,0.3797,0.3797,0.3797,0.3797,200
1431525331,0.3800,0.3800,0.3799,0.3800,11500
1431525491,0.3800,0.3800,0.3800,0.3800,26300
1431525600,0.3800,0.3800,0.3761,0.3800,50700
1431525718,0.3800,0.3800,0.3800,0.3800,13500
1431525764,0.3770,0.3800,0.3770,0.3800,19300
1431525837,0.3800,0.3800,0.3800,0.3800,100
1431525887,0.3800,0.3800,0.3800,0.3800,900
1431526072,0.3800,0.3800,0.3800,0.3800,7800
1431526159,0.3799,0.3799,0.3799,0.3799,1000
1431526232,0.3800,0.3800,0.3800,0.3800,200
1431526271,0.3771,0.3771,0.3771,0.3771,100
1431526498,0.3781,0.3781,0.3781,0.3781,2300
1431526572,0.3782,0.3782,0.3782,0.3782,1000
1431526675,0.3800,0.3800,0.3782,0.3782,1700
1431526789,0.3791,0.3791,0.3791,0.3791,500
1431526853,0.3800,0.3800,0.3800,0.3800,500
1431526910,0.3797,0.3797,0.3797,0.3797,100
1431526969,0.3798,0.3798,0.3798,0.3798,400
1431527028,0.3798,0.3798,0.3798,0.3798,100
1431527156,0.3800,0.3800,0.3783,0.3783,300
1431527213,0.3796,0.3796,0.3796,0.3796,100
1431527279,0.3800,0.3800,0.3783,0.3796,32200
1431527337,0.3800,0.3800,0.3783,0.3783,51900
1431527389,0.3800,0.3800,0.3800,0.3800,2100
1431527453,0.3800,0.3800,0.3790,0.3800,17700
1431527618,0.3783,0.3783,0.3783,0.3783,100
1431527651,0.3800,0.3800,0.3800,0.3800,200
1431527759,0.3783,0.3800,0.3782,0.3782,2400
1431527761,0.3800,0.3800,0.3800,0.3800,1900
1431527878,0.3795,0.3795,0.3795,0.3795,900
1431527934,0.3795,0.3795,0.3795,0.3795,500
1431527998,0.3795,0.3795,0.3795,0.3795,400
1431528095,0.3798,0.3798,0.3798,0.3798,100
1431528121,0.3800,0.3800,0.3800,0.3800,800
1431528226,0.3798,0.3798,0.3798,0.3798,100
1431528352,0.3800,0.3800,0.3800,0.3800,200
1431528390,0.3798,0.3798,0.3798,0.3798,100
1431528594,0.3792,0.3792,0.3792,0.3792,100
1431528632,0.3800,0.3800,0.3800,0.3800,100
1431528660,0.3800,0.3800,0.3800,0.3800,800
1431528751,0.3800,0.3800,0.3800,0.3800,3000
1431528810,0.3800,0.3800,0.3800,0.3800,2500
1431528845,0.3800,0.3800,0.3800,0.3800,1600
1431528900,0.3800,0.3800,0.3800,0.3800,700
1431529228,0.3800,0.3800,0.3800,0.3800,6200
1431529262,0.3792,0.3792,0.3792,0.3792,100
1431529343,0.3799,0.3799,0.3799,0.3799,2800
1431529623,0.3800,0.3800,0.3800,0.3800,100
1431529691,0.3786,0.3786,0.3785,0.3785,500
1431529794,0.3792,0.3792,0.3792,0.3792,100
1431529819,0.3799,0.3799,0.3799,0.3799,100
1431529892,0.3800,0.3800,0.3800,0.3800,100
1431530093,0.3799,0.3800,0.3799,0.3800,500
1431530207,0.3799,0.3800,0.3799,0.3800,2200
1431530228,0.3800,0.3800,0.3800,0.3800,300
1431530291,0.3800,0.3800,0.3800,0.3800,900
1431530385,0.3800,0.3800,0.3800,0.3800,2700
1431530410,0.3800,0.3800,0.3800,0.3800,1000
1431530465,0.3799,0.3799,0.3799,0.3799,600
1431530526,0.3800,0.3800,0.3800,0.3800,100
1431530625,0.3799,0.3800,0.3799,0.3800,500
1431530694,0.3799,0.3799,0.3799,0.3799,100
1431530948,0.3800,0.3800,0.3800,0.3800,6200
1431531008,0.3800,0.3800,0.3800,0.3800,100
1431531104,0.3799,0.3799,0.3799,0.3799,100
1431531128,0.3800,0.3800,0.3800,0.3800,300
1431531186,0.3800,0.3800,0.3800,0.3800,1300
1431531267,0.3799,0.3800,0.3799,0.3800,200
1431531417,0.3800,0.3800,0.3800,0.3800,200
1431531426,0.3800,0.3800,0.3799,0.3800,2600
1431531481,0.3800,0.3800,0.3800,0.3800,500
1431531541,0.3800,0.3800,0.3800,0.3800,200
1431531693,0.3799,0.3799,0.3799,0.3799,100
1431531792,0.3799,0.3799,0.3799,0.3799,100
1431531894,0.3799,0.3799,0.3799,0.3799,200
1431531951,0.3800,0.3800,0.3800,0.3800,200
1431532049,0.3799,0.3799,0.3799,0.3799,100
1431532128,0.3800,0.3800,0.3799,0.3799,200
1431532194,0.3799,0.3800,0.3799,0.3800,200
1431532306,0.3799,0.3799,0.3799,0.3799,4600
1431532368,0.3799,0.3800,0.3799,0.3800,300
1431532494,0.3799,0.3799,0.3799,0.3799,300
1431532551,0.3799,0.3800,0.3799,0.3800,200
1431532597,0.3799,0.3799,0.3799,0.3799,100
1431532794,0.3799,0.3800,0.3799,0.3800,400
1431533041,0.3799,0.3799,0.3799,0.3799,200
1431533218,0.3799,0.3799,0.3799,0.3799,100
1431533254,0.3799,0.3799,0.3799,0.3799,100
1431533394,0.3799,0.3799,0.3799,0.3799,400
1431533518,0.3799,0.3800,0.3799,0.3800,700
1431533571,0.3799,0.3799,0.3799,0.3799,100
1431533695,0.3799,0.3800,0.3799,0.3799,1800
1431533715,0.3799,0.3799,0.3799,0.3799,100
1431533825,0.3800,0.3800,0.3800,0.3800,100
1431533927,0.3799,0.3800,0.3799,0.3800,2100
1431533993,0.3800,0.3800,0.3799,0.3800,700
1431534053,0.3800,0.3800,0.3800,0.3800,1100
1431534130,0.3799,0.3799,0.3799,0.3799,600
1431534224,0.3799,0.3799,0.3799,0.3799,100
1431534289,0.3799,0.3800,0.3799,0.3800,300
1431534321,0.3800,0.3800,0.3800,0.3800,100
1431534405,0.3799,0.3799,0.3799,0.3799,100
1431534450,0.3799,0.3799,0.3799,0.3799,100
1431534487,0.3799,0.3799,0.3799,0.3799,200
1431534594,0.3799,0.3799,0.3799,0.3799,200
1431534600,0.3799,0.3799,0.3799,0.3799,100
1431534691,0.3800,0.3800,0.3800,0.3800,500
1431534894,0.3799,0.3799,0.3799,0.3799,200
1431535011,0.3799,0.3799,0.3799,0.3799,4000
1431535029,0.3799,0.3799,0.3799,0.3799,200
1431535086,0.3799,0.3799,0.3799,0.3799,10800
1431535199,0.3800,0.3800,0.3800,0.3800,300
1431535259,0.3799,0.3800,0.3799,0.3799,2300
1431535284,0.3799,0.3799,0.3799,0.3799,100
1431535374,0.3799,0.3799,0.3799,0.3799,100
1431535494,0.3799,0.3799,0.3799,0.3799,100
1431535522,0.3799,0.3799,0.3799,0.3799,100
1431535616,0.3799,0.3799,0.3799,0.3799,2600
1431535794,0.3799,0.3799,0.3799,0.3799,100
1431535832,0.3799,0.3799,0.3799,0.3799,100
1431535909,0.3800,0.3800,0.3799,0.3799,500
1431535966,0.3800,0.3800,0.3800,0.3800,1600
1431536030,0.3800,0.3800,0.3800,0.3800,2300
1431536094,0.3799,0.3799,0.3799,0.3799,100
1431536214,0.3800,0.3800,0.3800,0.3800,100
1431536279,0.3800,0.3800,0.3800,0.3800,200
1431536291,0.3800,0.3800,0.3800,0.3800,200
1431536393,0.3800,0.3800,0.3800,0.3800,8100
1431536516,0.3800,0.3800,0.3800,0.3800,1300
1431536565,0.3800,0.3800,0.3800,0.3800,700
1431536581,0.3800,0.3800,0.3800,0.3800,3200
1431536658,0.3800,0.3800,0.3800,0.3800,2300
1431536813,0.3800,0.3800,0.3800,0.3800,3400
1431536877,0.3800,0.3800,0.3800,0.3800,1100
1431536994,0.3799,0.3799,0.3799,0.3799,100
1431537105,0.3800,0.3800,0.3800,0.3800,400
1431537216,0.3800,0.3800,0.3800,0.3800,100
1431537294,0.3799,0.3799,0.3799,0.3799,100
1431537773,0.3800,0.3800,0.3800,0.3800,100
1431537815,0.3800,0.3800,0.3799,0.3799,2700
1431537885,0.3800,0.3800,0.3799,0.3799,11900
1431537942,0.3800,0.3800,0.3800,0.3800,25200
1431537983,0.3799,0.3799,0.3782,0.3799,18800
1431538043,0.3800,0.3800,0.3800,0.3800,100
1431538113,0.3799,0.3800,0.3799,0.3800,900
1431538326,0.3800,0.3800,0.3800,0.3800,100
1431538380,0.3800,0.3800,0.3800,0.3800,100
1431538531,0.3800,0.3800,0.3800,0.3800,7400
1431538760,0.3800,0.3800,0.3800,0.3800,200
1431538853,0.3800,0.3800,0.3800,0.3800,3000
1431538953,0.3799,0.3800,0.3799,0.3800,8800
1431539078,0.3800,0.3800,0.3800,0.3800,200
1431539191,0.3800,0.3800,0.3800,0.3800,200
1431539329,0.3800,0.3800,0.3800,0.3800,200
1431539429,0.3800,0.3800,0.3800,0.3800,200
1431539507,0.3800,0.3800,0.3800,0.3800,900
1431539565,0.3800,0.3800,0.3800,0.3800,200
1431539649,0.3799,0.3799,0.3799,0.3799,600
1431539764,0.3800,0.3800,0.3800,0.3800,100
1431540008,0.3791,0.3791,0.3791,0.3791,100
1431540110,0.3797,0.3798,0.3797,0.3798,4100
1431540206,0.3790,0.3790,0.3790,0.3790,100
1431540309,0.3797,0.3797,0.3797,0.3797,200
1431540470,0.3783,0.3783,0.3783,0.3783,600
1431540524,0.3788,0.3788,0.3788,0.3788,300
1431540571,0.3791,0.3791,0.3788,0.3788,200
1431540659,0.3791,0.3793,0.3791,0.3793,300
1431540701,0.3793,0.3793,0.3791,0.3791,300
1431540816,0.3793,0.3793,0.3791,0.3793,1400
1431540884,0.3795,0.3795,0.3795,0.3795,100
1431540935,0.3797,0.3797,0.3795,0.3795,500
1431541009,0.3797,0.3800,0.3794,0.3795,800
1431541061,0.3797,0.3797,0.3797,0.3797,100
1431541118,0.3794,0.3794,0.3794,0.3794,600
1431541175,0.3800,0.3800,0.3800,0.3800,400
1431541211,0.3797,0.3797,0.3797,0.3797,100
1431541369,0.3800,0.3800,0.3797,0.3797,200
1431541407,0.3795,0.3800,0.3794,0.3797,10000
1431541499,0.3794,0.3798,0.3794,0.3794,6000
1431541519,0.3796,0.3796,0.3795,0.3796,5200
1431541736,0.3795,0.3798,0.3794,0.3798,6600
1431541833,0.3793,0.3795,0.3793,0.3795,400
1431541951,0.3794,0.3794,0.3794,0.3794,200
1431542064,0.3794,0.3794,0.3794,0.3794,1600
1431542199,0.3800,0.3800,0.3797,0.3797,1400
1431542235,0.3800,0.3800,0.3800,0.3800,200
1431542310,0.3799,0.3799,0.3797,0.3797,200
1431542445,0.3800,0.3800,0.3800,0.3800,500
1431542699,0.3797,0.3797,0.3797,0.3797,200
1431542767,0.3797,0.3797,0.3797,0.3797,100
1431542965,0.3796,0.3799,0.3794,0.3797,10900
1431543052,0.3800,0.3800,0.3799,0.3799,2300
1431543208,0.3800,0.3800,0.3800,0.3800,300
1431543289,0.3800,0.3800,0.3800,0.3800,200
1431543308,0.3800,0.3800,0.3800,0.3800,100
1431543400,0.3799,0.3799,0.3799,0.3799,6400
1431543463,0.3794,0.3799,0.3794,0.3799,6200
1431543593,0.3795,0.3795,0.3795,0.3795,200
1431543637,0.3794,0.3794,0.3794,0.3794,100
1431543747,0.3795,0.3795,0.3795,0.3795,100
1431543894,0.3794,0.3794,0.3794,0.3794,200
1431543967,0.3751,0.3794,0.3751,0.3794,17900
1431544194,0.3753,0.3753,0.3753,0.3753,100
1431544377,0.3796,0.3796,0.3766,0.3766,4800
1431544418,0.3753,0.3753,0.3753,0.3753,100
1431544691,0.3796,0.3796,0.3796,0.3796,200
1431544751,0.3754,0.3754,0.3754,0.3754,100
1431544971,0.3775,0.3796,0.3775,0.3796,200
1431545127,0.3787,0.3787,0.3787,0.3787,1900
1431545169,0.3786,0.3786,0.3786,0.3786,100
1431545222,0.3755,0.3755,0.3755,0.3755,100
1431545417,0.3756,0.3756,0.3756,0.3756,5000
1431545533,0.3773,0.3773,0.3773,0.3773,400
1431545609,0.3775,0.3775,0.3775,0.3775,100
1431545685,0.3773,0.3773,0.3773,0.3773,400
1431545860,0.3759,0.3759,0.3758,0.3758,800
1431545916,0.3757,0.3757,0.3757,0.3757,400
1431545999,0.3756,0.3757,0.3756,0.3757,5300
1431546002,0.3759,0.3759,0.3756,0.3756,4900
1431546081,0.3757,0.3757,0.3757,0.3757,100
1431546137,0.3759,0.3759,0.3759,0.3759,300
1431546199,0.3775,0.3775,0.3758,0.3758,3700
1431546294,0.3757,0.3757,0.3757,0.3757,100
1431546312,0.3757,0.3757,0.3757,0.3757,400
1431546401,0.3759,0.3759,0.3759,0.3759,200
1431546444,0.3759,0.3759,0.3759,0.3759,100
1431546495,0.3759,0.3759,0.3757,0.3757,5600
1431546588,0.3757,0.3757,0.3757,0.3757,100
1431546636,0.3757,0.3757,0.3757,0.3757,100
1431546691,0.3771,0.3771,0.3770,0.3770,1300
1431546767,0.3768,0.3768,0.3768,0.3768,600
1431546782,0.3769,0.3769,0.3769,0.3769,300
1431546894,0.3757,0.3763,0.3757,0.3760,10300
1431546949,0.3756,0.3769,0.3756,0.3769,8000
1431547015,0.3752,0.3760,0.3752,0.3756,16400
1431547066,0.3755,0.3755,0.3752,0.3755,800
1431547081,0.3710,0.3755,0.3710,0.3751,21600
1431547140,0.3762,0.3762,0.3703,0.3703,5100
1431547200,0.3800,0.3800,0.3800,0.3800,9200
                                                                                                                                                                           