uri:/instrument/1.0/RCKY/chartdata;type=quote;range=1d/csv
ticker:rcky
Company-Name:Rocky Brands, Inc.
Exchange-Name:NMS
unit:MIN
timezone:EDT
currency:USD
gmtoffset:-14400
previous_close:20.9400
Timestamp:1431437400,1431460800
labels:1431439200,1431442800,1431446400,1431450000,1431453600,1431457200,1431460800
values:Timestamp,close,high,low,open,volume
close:20.6700,22.2700
high:20.6700,22.2800
low:20.6700,22.2700
open:20.6700,22.2800
volume:100,2500
1431437400,20.6700,20.6700,20.6700,20.6700,1300
1431437505,21.4700,21.4700,21.4700,21.4700,2500
1431437699,21.3000,21.4300,21.3000,21.4300,1800
1431437700,21.2900,21.2900,21.2900,21.2900,200
1431437791,21.0700,21.2495,21.0700,21.2360,300
1431437878,21.0900,21.1995,20.8100,21.1900,800
1431437924,21.1100,21.1100,21.0200,21.0200,2200
1431437947,20.8900,20.8900,20.8900,20.8900,100
1431438051,21.1100,21.1100,20.9000,21.1100,1500
1431438109,20.9200,21.0900,20.9000,20.9000,500
1431438170,21.0505,21.0900,20.9200,20.9200,800
1431438298,21.3140,21.3140,21.2000,21.2000,200
1431438348,21.1200,21.2900,21.1200,21.2900,700
1431438475,21.0950,21.1100,20.9000,20.9000,600
1431438522,21.1400,21.1500,20.9300,20.9300,1200
1431438556,21.0093,21.0093,21.0093,21.0093,200
1431438652,21.1800,21.1800,21.1700,21.1700,400
1431438719,21.3000,21.3000,21.1263,21.1263,1200
1431438776,21.3300,21.3300,21.3060,21.3060,700
1431438838,21.1300,21.2300,21.0500,21.2300,300
1431438892,21.2400,21.2495,21.1300,21.1300,500
1431438942,21.3500,21.3500,21.2900,21.2900,700
1431439125,21.3400,21.3553,21.3400,21.3553,1200
1431439193,21.3600,21.3751,21.3600,21.3751,1200
1431439219,21.3700,21.3700,21.3700,21.3700,200
1431439503,21.6100,21.6100,21.6100,21.6100,100
1431439608,21.6500,21.6500,21.6500,21.6500,100
1431439713,21.6500,21.6500,21.6500,21.6500,100
1431439827,21.6500,21.6500,21.6000,21.6500,300
1431439969,21.6500,21.6500,21.6500,21.6500,400
1431439993,21.6800,21.6800,21.6500,21.6500,600
1431440099,21.8000,21.9700,21.6800,21.6800,2100
1431440100,21.7600,21.9700,21.7500,21.8000,1600
1431440345,21.6200,21.6200,21.6200,21.6200,200
1431440637,21.6200,21.6200,21.6200,21.6200,100
1431440824,21.7900,21.7900,21.7900,21.7900,100
1431440944,21.8458,21.9300,21.8458,21.9300,700
1431441022,21.6200,21.7900,21.6200,21.7900,1300
1431441132,21.6500,21.6500,21.6500,21.6500,100
1431441381,21.6700,21.6700,21.6700,21.6700,300
1431441436,21.6700,21.6700,21.6700,21.6700,100
1431441598,21.7300,21.7300,21.7300,21.7300,100
1431441665,21.7300,21.7300,21.7300,21.7300,100
1431441785,21.7300,21.7300,21.7300,21.7300,200
1431441858,21.7500,21.7500,21.7500,21.7500,200
1431441905,21.7000,21.7500,21.7000,21.7500,200
1431442040,21.8400,21.8400,21.8400,21.8400,200
1431442090,21.8500,21.8500,21.8500,21.8500,100
1431442161,21.8700,21.8700,21.8700,21.8700,100
1431442281,21.9700,21.9700,21.9700,21.9700,100
1431442349,21.9700,21.9700,21.9600,21.9600,200
1431442417,21.9700,21.9700,21.9700,21.9700,200
1431442451,21.9600,21.9600,21.9600,21.9600,100
1431442507,21.8000,21.8200,21.7900,21.8000,1700
1431442806,21.8000,21.8000,21.8000,21.8000,200
1431442942,21.8000,21.8000,21.8000,21.8000,100
1431443077,21.9000,21.9000,21.9000,21.9000,100
1431443108,21.8300,21.8300,21.8000,21.8000,800
1431443163,21.8500,22.0000,21.8500,21.9100,700
1431443347,22.0000,22.0000,21.9990,22.0000,1000
1431443480,22.0300,22.0400,22.0300,22.0400,400
1431443632,22.0200,22.0200,22.0200,22.0200,100
1431443640,22.0900,22.0900,22.0900,22.0900,500
1431443768,22.1400,22.1400,22.1400,22.1400,100
1431443918,22.1100,22.1100,22.1100,22.1100,100
1431444053,22.0600,22.0600,22.0600,22.0600,100
1431444073,22.0600,22.0600,22.0600,22.0600,100
1431444203,22.0400,22.0400,22.0400,22.0400,100
1431444339,22.1400,22.1400,22.1400,22.1400,100
1431444489,22.1200,22.1200,22.1200,22.1200,100
1431444639,22.1400,22.1400,22.1200,22.1200,400
1431444939,22.1400,22.1400,22.1400,22.1400,100
1431444990,22.1500,22.1500,22.1400,22.1400,300
1431445104,22.1500,22.1500,22.1500,22.1500,100
1431445254,22.1500,22.1500,22.1500,22.1500,100
1431445422,22.1600,22.2100,22.1600,22.2100,200
1431445585,22.2700,22.2700,22.2700,22.2700,100
1431445735,22.2500,22.2500,22.2500,22.2500,100
1431445900,22.2400,22.2400,22.2400,22.2400,100
1431445954,22.1505,22.1600,22.1505,22.1600,200
1431446031,22.1100,22.1800,22.1100,22.1800,900
1431446756,22.0800,22.0800,22.0800,22.0800,100
1431446799,21.9000,22.0600,21.9000,22.0600,300
1431446849,21.9005,21.9100,21.9005,21.9100,200
1431446936,22.0300,22.0300,22.0300,22.0300,100
1431447116,22.0000,22.0000,22.0000,22.0000,100
1431447297,22.0100,22.0100,22.0100,22.0100,200
1431447341,22.0695,22.0695,22.0580,22.0600,400
1431447492,22.0600,22.0600,22.0600,22.0600,200
1431447734,21.9600,21.9600,21.9600,21.9600,100
1431447793,21.9600,21.9600,21.9600,21.9600,100
1431447868,22.0600,22.0600,22.0600,22.0600,100
1431448048,22.0600,22.0600,22.0600,22.0600,100
1431448243,22.0900,22.0900,22.0900,22.0900,100
1431448438,22.0800,22.0800,22.0800,22.0800,100
1431448557,22.0600,22.0600,22.0600,22.0600,400
1431448644,22.0000,22.0800,22.0000,22.0800,200
1431448843,22.0800,22.0800,22.0800,22.0800,100
1431448866,22.0800,22.0800,22.0800,22.0800,100
1431449039,22.0800,22.0800,22.0800,22.0800,100
1431449138,21.9900,21.9900,21.9900,21.9900,100
1431449249,22.0900,22.0900,22.0900,22.0900,100
1431449444,22.0900,22.0900,22.0900,22.0900,100
1431449654,22.0600,22.0600,22.0600,22.0600,100
1431449749,22.0700,22.0700,22.0650,22.0700,300
1431449864,22.0700,22.0700,22.0700,22.0700,100
1431450059,22.0700,22.0700,22.0700,22.0700,100
1431450270,22.0700,22.0700,22.0260,22.0260,200
1431450341,22.0348,22.0348,22.0348,22.0348,1000
1431450478,22.0700,22.0700,21.9900,21.9900,200
1431450480,22.0500,22.0500,22.0500,22.0500,100
1431450690,22.0700,22.0700,22.0700,22.0700,100
1431450900,22.0700,22.0700,22.0700,22.0700,100
1431451110,22.0700,22.0700,22.0700,22.0700,100
1431451321,22.0700,22.0700,22.0700,22.0700,100
1431451478,22.0000,22.0000,22.0000,22.0000,200
1431451531,22.0800,22.0800,22.0800,22.0800,100
1431451659,21.9900,21.9900,21.9900,21.9900,100
1431451741,22.0900,22.0900,22.0900,22.0900,100
1431451809,22.0100,22.0100,22.0100,22.0100,300
1431451936,22.0700,22.0700,22.0700,22.0700,100
1431452147,22.0700,22.0700,22.0700,22.0700,100
1431452357,22.0800,22.0800,22.0800,22.0800,100
1431452567,22.0800,22.0800,22.0800,22.0800,100
1431452777,22.0900,22.0900,22.0800,22.0800,400
1431452972,22.0800,22.0800,22.0800,22.0800,100
1431453167,22.0800,22.0800,22.0100,22.0100,200
1431453355,22.0500,22.0500,22.0500,22.0500,100
1431453378,22.0900,22.0900,22.0900,22.0900,100
1431453564,22.0080,22.0170,22.0000,22.0130,700
1431453768,22.0900,22.0900,22.0900,22.0900,100
1431453863,22.0000,22.0000,22.0000,22.0000,600
1431454046,22.0100,22.0100,22.0100,22.0100,100
1431454489,22.0900,22.0900,22.0900,22.0900,100
1431454684,22.0900,22.0900,22.0900,22.0900,100
1431454789,21.9800,21.9800,21.9800,21.9800,100
1431455074,22.0600,22.0600,22.0600,22.0600,100
1431455129,22.0600,22.0600,22.0600,22.0600,100
1431455269,22.0600,22.0600,22.0600,22.0600,200
1431455660,22.0900,22.0900,22.0900,22.0900,200
1431455840,22.0800,22.0800,22.0800,22.0800,100
1431456035,22.0800,22.0800,22.0800,22.0800,100
1431456230,22.0800,22.0800,22.0800,22.0800,100
1431456410,22.0900,22.0900,22.0900,22.0900,100
1431456455,22.0100,22.0100,22.0100,22.0100,100
1431456590,22.0800,22.0800,22.0800,22.0800,100
1431456786,22.0900,22.0900,22.0900,22.0900,100
1431456966,22.0000,22.0900,22.0000,22.0900,500
1431457232,22.0900,22.0900,22.0600,22.0900,600
1431457309,22.1100,22.1500,22.1100,22.1500,700
1431457349,22.1101,22.1101,22.1101,22.1101,500
1431457553,21.9800,21.9800,21.9800,21.9800,100
1431457705,22.1100,22.1100,22.1100,22.1100,100
1431457876,22.1100,22.1100,22.1100,22.1100,100
1431458002,22.1900,22.1900,22.1900,22.1900,100
1431458086,22.0600,22.0600,22.0600,22.0600,100
1431458142,22.0800,22.1060,22.0800,22.1060,500
1431458302,22.1700,22.1700,22.1700,22.1700,100
1431458392,22.0700,22.1000,22.0600,22.0900,900
1431458753,22.1300,22.1300,22.0000,22.0000,200
1431458923,22.0400,22.1200,22.0400,22.1200,200
1431459027,22.1300,22.1300,22.1300,22.1300,100
1431459068,22.1700,22.1700,22.1700,22.1700,100
1431459146,22.1000,22.2100,22.1000,22.2100,400
1431459204,22.1600,22.1600,22.1600,22.1600,100
1431459354,22.1700,22.1700,22.0750,22.0750,200
1431459504,22.0800,22.1300,22.0800,22.1300,300
1431459639,22.0600,22.0600,22.0600,22.0600,100
1431459767,21.9900,22.0600,21.9900,22.0600,300
1431459895,22.0700,22.0700,22.0700,22.0700,100
1431459968,22.0428,22.0428,22.0428,22.0428,200
1431460023,22.0700,22.0700,22.0700,22.0700,200
1431460096,22.0800,22.0800,22.0800,22.0800,100
1431460166,22.2100,22.2100,22.2100,22.2100,200
1431460234,22.2200,22.2200,22.1200,22.1200,200
1431460287,22.1800,22.2800,22.1800,22.2800,300
1431460367,22.1700,22.1700,22.1700,22.1700,200
1431460497,22.0900,22.1600,22.0900,22.1600,500
1431460511,22.1400,22.1400,22.1400,22.1400,100
1431460616,22.1500,22.1600,22.1500,22.1600,300
1431460646,22.1100,22.1100,22.1100,22.1100,100
1431460736,22.1500,22.1500,22.1300,22.1300,300
1431460766,22.0900,22.0900,22.0900,22.0900,100
                                                                                                            