uri:/instrument/1.0/SASR/chartdata;type=quote;range=500d/csv
ticker:sasr
Company-Name:Sandy Spring Bancorp, Inc.
Exchange-Name:NMS
unit:MIN
timezone:EDT
currency:USD
gmtoffset:-14400
previous_close:26.0000
range:20150424,1429882200,1429905600
range:20150427,1430141400,1430164800
range:20150428,1430227800,1430251200
range:20150429,1430314200,1430337600
range:20150430,1430400600,1430424000
range:20150501,1430487000,1430510400
range:20150504,1430746200,1430769600
range:20150505,1430832600,1430856000
range:20150506,1430919000,1430942400
range:20150507,1431005400,1431028800
range:20150508,1431091800,1431115200
range:20150511,1431351000,1431374400
range:20150512,1431437400,1431460800
range:20150513,1431523800,1431547200
range:20150514,1431610200,1431633600
Timestamp:1429882200,1431633600
labels:1429882200,1430141400,1430227800,1430314200,1430400600,1430487000,1430746200,1430832600,1430919000,1431005400,1431091800,1431351000,1431437400,1431523800,1431610200
values:Timestamp,close,high,low,open,volume
close:25.8000,27.0100
high:25.8000,27.0100
low:25.8000,27.0100
open:25.8000,27.0100
volume:0,11800
1429882432,26.3400,26.3400,26.3400,26.3400,200
1429882713,26.5900,26.5900,26.5700,26.5700,200
1429883923,26.4400,26.4400,26.4400,26.4400,400
1429885353,26.4000,26.4000,26.4000,26.4000,200
1429886567,26.4800,26.4800,26.4800,26.4800,100
1429887567,26.4800,26.4800,26.4800,26.4800,100
1429887808,26.4300,26.4300,26.4200,26.4200,400
1429888720,26.3900,26.4799,26.3900,26.4799,700
1429888813,26.4600,26.4600,26.4600,26.4600,100
1429889750,26.4600,26.4600,26.4000,26.4000,1100
1429890092,26.4700,26.4700,26.4700,26.4700,200
1429890719,26.5000,26.5000,26.4900,26.5000,1000
1429891375,26.5000,26.5000,26.5000,26.5000,100
1429891767,26.3900,26.3900,26.3900,26.3900,100
1429892293,26.4900,26.4900,26.3900,26.4600,1400
1429894069,26.4900,26.4900,26.4800,26.4800,200
1429894767,26.3800,26.3800,26.3800,26.3800,100
1429894819,26.4700,26.4700,26.3800,26.3800,400
1429895209,26.4800,26.4800,26.4800,26.4800,100
1429895500,26.5000,26.5000,26.4900,26.4900,300
1429896496,26.5200,26.5200,26.5200,26.5200,100
1429897496,26.4800,26.4800,26.4800,26.4800,100
1429897783,26.5500,26.5500,26.5500,26.5500,100
1429898934,26.5000,26.5100,26.4600,26.4600,600
1429899056,26.5100,26.5100,26.4900,26.4900,500
1429899443,26.5000,26.5000,26.5000,26.5000,400
1429899864,26.5000,26.5000,26.5000,26.5000,400
1429900140,26.5100,26.5100,26.4301,26.4301,300
1429900463,26.5400,26.5500,26.5400,26.5500,200
1429900789,26.4958,26.4958,26.4958,26.4958,300
1429901038,26.5000,26.5300,26.4200,26.5300,1000
1429901349,26.5100,26.5100,26.5000,26.5000,600
1429901635,26.4900,26.5000,26.4900,26.4900,400
1429901756,26.3800,26.3800,26.3800,26.3800,100
1429902806,26.3300,26.4499,26.3300,26.4200,500
1429902923,26.3800,26.4400,26.2900,26.4400,300
1429903218,26.3600,26.4600,26.3600,26.4300,800
1429904091,26.3600,26.4100,26.3600,26.4100,200
1429904184,26.3700,26.4200,26.3700,26.4200,200
1429904635,26.3100,26.4100,26.2800,26.4100,400
1429904785,26.2900,26.3000,26.2900,26.3000,300
1429905214,26.4050,26.4050,26.3500,26.3500,2000
1429905541,26.3600,26.4100,26.3100,26.3500,6900
1429905600,26.3800,26.3800,26.3800,26.3800,8800
1430142582,26.4200,26.4300,26.4200,26.4300,0
1430142950,26.5500,26.5500,26.5500,26.5500,200
1430143659,26.6300,26.6400,26.6300,26.6400,400
1430144392,26.7500,26.7500,26.6500,26.6500,1700
1430144615,26.7200,26.7500,26.7200,26.7500,1600
1430146001,26.7200,26.7200,26.7200,26.7200,400
1430146428,26.6300,26.6600,26.6300,26.6300,700
1430147065,26.6300,26.6300,26.6300,26.6300,300
1430148276,26.6000,26.6700,26.5400,26.6100,1700
1430148597,26.5300,26.5300,26.4200,26.4700,400
1430148865,26.5300,26.5300,26.5300,26.5300,600
1430150161,26.6000,26.6000,26.5400,26.5400,1400
1430150612,26.5800,26.5800,26.5800,26.5800,200
1430150924,26.4400,26.4700,26.4400,26.4700,200
1430151153,26.4500,26.4500,26.4400,26.4400,600
1430151594,26.2500,26.3100,26.2500,26.3000,1600
1430151877,26.3300,26.3300,26.2500,26.3000,900
1430152773,26.2500,26.2900,26.2500,26.2500,500
1430153007,26.2500,26.2900,26.2500,26.2900,700
1430153242,26.2500,26.2500,26.2500,26.2500,100
1430153681,26.2500,26.2900,26.2500,26.2850,3500
1430154049,26.3100,26.3100,26.2500,26.2500,200
1430154373,26.2710,26.2710,26.2710,26.2710,300
1430154880,26.2600,26.2600,26.2600,26.2600,100
1430155191,26.1600,26.3000,26.1600,26.2500,4200
1430156022,26.2300,26.2300,26.2300,26.2300,600
1430156329,26.2900,26.2900,26.2900,26.2900,100
1430156955,26.2600,26.3200,26.2500,26.2900,400
1430157405,26.2500,26.2650,26.2500,26.2500,1200
1430157783,26.2500,26.2600,26.2500,26.2600,700
1430158140,26.1650,26.2250,26.1400,26.2250,2000
1430158491,26.3000,26.3400,26.1890,26.1900,4900
1430158601,26.3100,26.3100,26.3000,26.3000,400
1430159348,26.2900,26.2900,26.2900,26.2900,100
1430159948,26.3300,26.3300,26.2300,26.2300,200
1430160176,26.2300,26.2300,26.2300,26.2300,300
1430160545,26.4700,26.4700,26.2700,26.2700,600
1430160713,26.3400,26.3400,26.3400,26.3400,100
1430161120,26.3300,26.3300,26.3300,26.3300,100
1430161608,26.3500,26.3500,26.3500,26.3500,400
1430162050,26.3200,26.3200,26.2900,26.3100,500
1430162135,26.3000,26.3000,26.2500,26.2500,300
1430162970,26.3200,26.3200,26.3000,26.3000,400
1430163206,26.4200,26.4200,26.3300,26.3300,800
1430163405,26.4200,26.4200,26.4200,26.4200,100
1430163788,26.4200,26.4200,26.4200,26.4200,300
1430164193,26.4100,26.4100,26.4100,26.4100,200
1430164449,26.3500,26.4100,26.3500,26.4100,1200
1430164740,26.4600,26.5000,26.3900,26.3900,3600
1430164800,26.4500,26.4500,26.4500,26.4500,4900
1430228552,26.6300,26.6300,26.4300,26.4300,0
1430229311,26.6880,26.6880,26.6880,26.6880,300
1430230477,26.5700,26.5700,26.5700,26.5700,500
1430231366,26.5500,26.5500,26.5200,26.5200,600
1430231944,26.6600,26.6600,26.6400,26.6400,300
1430232492,26.7200,26.7500,26.6800,26.7100,1800
1430235327,26.7700,26.8600,26.7700,26.8600,500
1430235703,26.8515,26.8814,26.8515,26.8814,300
1430236726,26.8400,26.8400,26.8400,26.8400,100
1430237383,26.8700,26.8700,26.8500,26.8500,500
1430238738,26.9600,26.9600,26.9600,26.9600,100
1430239962,26.9200,26.9200,26.9200,26.9200,200
1430240136,26.8600,26.8600,26.8600,26.8600,100
1430240829,26.8650,26.8650,26.8550,26.8550,300
1430241219,26.9625,26.9625,26.8500,26.8500,500
1430241675,27.0100,27.0100,26.8800,26.9250,1500
1430243275,27.0100,27.0100,27.0100,27.0100,400
1430243483,26.9500,26.9600,26.9500,26.9600,700
1430243827,26.8900,26.8900,26.8900,26.8900,300
1430244228,26.8000,26.8900,26.8000,26.8900,600
1430244898,26.7800,26.8400,26.7800,26.8400,600
1430245165,26.8100,26.8100,26.7100,26.7500,1600
1430245476,26.7900,26.7900,26.7900,26.7900,300
1430245589,26.8000,26.8000,26.8000,26.8000,100
1430246223,26.7844,26.7844,26.7600,26.7600,400
1430247313,26.6800,26.7300,26.6800,26.7300,200
1430247844,26.6900,26.6900,26.6900,26.6900,100
1430248121,26.8800,26.8800,26.7200,26.7200,1900
1430248681,26.9100,26.9599,26.8700,26.9000,1000
1430249506,26.8500,26.9100,26.8500,26.9000,400
1430250262,26.7600,26.9500,26.7500,26.9400,700
1430250545,26.8100,26.8200,26.7400,26.7400,2100
1430250785,26.8500,26.8500,26.8400,26.8400,500
1430251198,26.9400,26.9900,26.8900,26.9100,5700
1430251200,26.9200,26.9200,26.9200,26.9200,6400
1430314200,26.7500,26.7500,26.7500,26.7500,0
1430315062,26.7700,26.8000,26.7700,26.7801,700
1430315618,26.7200,26.7200,26.7200,26.7200,100
1430315844,26.5500,26.5500,26.5500,26.5500,100
1430316022,26.5600,26.5600,26.5400,26.5400,300
1430317999,26.6600,26.6600,26.6600,26.6600,100
1430319277,26.7300,26.7300,26.7300,26.7300,100
1430319532,26.7500,26.7500,26.7500,26.7500,300
1430319891,26.6800,26.6800,26.6800,26.6800,200
1430319942,26.7000,26.7000,26.7000,26.7000,800
1430320790,26.8500,26.8500,26.8000,26.8000,600
1430321252,26.8153,26.8500,26.8153,26.8500,500
1430321784,26.9100,26.9100,26.9100,26.9100,100
1430324057,26.9200,26.9200,26.8800,26.8800,400
1430324336,26.8800,26.9200,26.8400,26.9200,1000
1430324694,26.8950,26.8950,26.8950,26.8950,100
1430324990,26.8750,26.8750,26.8400,26.8400,300
1430325074,26.8750,26.8750,26.8750,26.8750,100
1430325641,26.8800,26.8800,26.8800,26.8800,1200
1430326035,26.8950,26.8950,26.8950,26.8950,300
1430326441,26.8800,26.9000,26.8400,26.8850,1800
1430326734,26.8800,26.8800,26.8800,26.8800,900
1430327077,26.8650,26.8800,26.8400,26.8650,7000
1430327147,26.8700,26.8700,26.8700,26.8700,100
1430327730,26.8700,26.8700,26.8700,26.8700,100
1430328551,26.6800,26.8650,26.6800,26.8650,1700
1430329204,26.5700,26.5800,26.5700,26.5800,200
1430330589,26.6300,26.6300,26.6200,26.6200,800
1430331885,26.8000,26.8000,26.8000,26.8000,100
1430332458,26.8400,26.8400,26.8400,26.8400,100
1430332519,26.8400,26.8400,26.8400,26.8400,100
1430332800,26.8100,26.8100,26.8100,26.8100,200
1430333949,26.6450,26.6841,26.6450,26.6841,600
1430334278,26.6500,26.6500,26.6400,26.6500,700
1430334507,26.6500,26.6600,26.6450,26.6450,300
1430335472,26.6450,26.6900,26.6450,26.6900,200
1430335673,26.6800,26.7200,26.6800,26.7200,400
1430336077,26.6600,26.6700,26.6600,26.6700,600
1430336164,26.6400,26.6700,26.6400,26.6400,500
1430336663,26.6000,26.6550,26.6000,26.6500,900
1430336942,26.5200,26.6100,26.5200,26.5650,1200
1430337210,26.5400,26.5500,26.5100,26.5100,1500
1430337542,26.4700,26.5250,26.4400,26.5000,4300
1430337600,26.4700,26.4700,26.4700,26.4700,3600
1430401044,26.3700,26.3700,26.3700,26.3700,0
1430401404,26.2500,26.2700,26.2200,26.2700,2100
1430401587,26.3400,26.3400,26.3400,26.3400,700
1430402079,26.2500,26.2600,26.2500,26.2600,400
1430402350,26.2500,26.3200,26.2500,26.3200,1700
1430402654,26.2500,26.3400,26.2500,26.2500,1200
1430403253,26.3000,26.3000,26.3000,26.3000,200
1430403595,26.2500,26.2600,26.2500,26.2600,400
1430403881,26.2500,26.2700,26.2500,26.2500,900
1430404130,26.2500,26.2500,26.2500,26.2500,900
1430404447,26.2672,26.2672,26.2500,26.2500,700
1430404786,26.2700,26.3500,26.2700,26.2800,1000
1430405370,26.2700,26.3000,26.2700,26.3000,200
1430405484,26.2500,26.2500,26.2500,26.2500,300
1430405760,26.2500,26.2800,26.2500,26.2500,800
1430406528,26.2600,26.2600,26.2600,26.2600,100
1430406606,26.2600,26.2600,26.2600,26.2600,400
1430408286,26.3150,26.3250,26.2500,26.3250,7900
1430408623,26.3100,26.3200,26.3100,26.3200,200
1430409161,26.3200,26.3200,26.2500,26.2700,900
1430409597,26.1700,26.2500,26.1700,26.2500,400
1430410129,26.2000,26.2700,26.1800,26.2500,1400
1430410426,26.1100,26.1500,26.1100,26.1500,700
1430411355,26.1500,26.1800,26.1000,26.1800,5500
1430411582,26.1900,26.1900,26.1900,26.1900,400
1430412610,26.1900,26.1900,26.1900,26.1900,100
1430413124,26.2048,26.2048,26.1450,26.1500,700
1430413689,26.1340,26.1340,26.1340,26.1340,200
1430414355,26.2450,26.2900,26.2450,26.2900,200
1430414429,26.2200,26.2250,26.2200,26.2250,800
1430414983,26.2100,26.2700,26.2100,26.2700,400
1430415293,26.3000,26.3000,26.2800,26.2800,700
1430415514,26.3200,26.3200,26.3100,26.3100,600
1430415813,26.3200,26.3200,26.3200,26.3200,200
1430416145,26.2700,26.2800,26.2700,26.2700,300
1430416537,26.1600,26.2300,26.1600,26.2300,400
1430417057,26.1000,26.1800,26.1000,26.1800,800
1430417122,26.1100,26.1200,26.1100,26.1200,800
1430417770,26.1900,26.1900,26.1900,26.1900,100
1430418156,26.1200,26.1200,26.1200,26.1200,700
1430418464,26.1000,26.1000,26.1000,26.1000,400
1430418877,26.1000,26.1000,26.1000,26.1000,1700
1430419171,26.1200,26.1200,26.1000,26.1000,2200
1430419366,26.1000,26.1000,26.1000,26.1000,100
1430419955,26.1350,26.1350,26.1000,26.1000,300
1430420342,26.1000,26.1300,26.1000,26.1300,1500
1430420466,26.0850,26.1000,26.0850,26.1000,1100
1430420990,26.0500,26.0800,26.0500,26.0800,2000
1430421263,26.0350,26.0550,26.0350,26.0500,1600
1430421320,26.0100,26.0100,26.0100,26.0100,800
1430422101,26.0900,26.0900,26.0900,26.0900,100
1430422385,26.1500,26.1600,26.1350,26.1500,800
1430422586,26.2000,26.2000,26.1700,26.1700,200
1430423069,26.1200,26.2000,26.1000,26.2000,2000
1430423351,26.1000,26.1100,26.1000,26.1000,1000
1430423667,26.1500,26.1500,26.1000,26.1000,2400
1430423948,26.0600,26.1200,26.0400,26.1000,5100
1430424000,26.0600,26.0600,26.0600,26.0600,7000
1430487000,26.1500,26.1500,26.1500,26.1500,0
1430487590,26.2600,26.2600,26.2600,26.2600,500
1430487824,26.2400,26.2600,26.2400,26.2600,400
1430488129,26.1400,26.1500,26.1400,26.1500,400
1430488499,26.1000,26.1000,26.1000,26.1000,2800
1430488672,26.1600,26.1600,26.1000,26.1000,1600
1430488802,26.1000,26.1000,26.1000,26.1000,400
1430490577,26.2900,26.2900,26.2800,26.2800,600
1430490951,26.1700,26.1900,26.1700,26.1900,400
1430491374,26.1000,26.1000,26.1000,26.1000,1000
1430491652,26.1900,26.1900,26.1900,26.1900,500
1430491989,26.2000,26.2000,26.2000,26.2000,100
1430492922,26.1000,26.1000,26.1000,26.1000,1700
1430493954,26.1800,26.1900,26.1300,26.1300,1600
1430494392,26.1900,26.2000,26.1900,26.2000,600
1430495093,26.0600,26.1200,26.0600,26.1200,800
1430495312,26.0800,26.0800,26.0000,26.0000,2300
1430496108,26.0400,26.0500,26.0400,26.0500,400
1430496446,26.0000,26.0100,25.9000,26.0100,4200
1430496820,26.1000,26.1000,26.1000,26.1000,600
1430498174,26.2000,26.2194,26.2000,26.2194,200
1430499082,26.1400,26.1400,26.1400,26.1400,400
1430500740,26.1600,26.1800,26.0900,26.0900,1400
1430501568,26.1400,26.1800,26.1400,26.1800,300
1430502231,26.0611,26.1800,26.0611,26.1800,300
1430502305,26.1100,26.1100,26.1100,26.1100,300
1430503721,26.0675,26.0800,26.0600,26.0800,1800
1430504038,26.0500,26.0500,26.0500,26.0500,1600
1430504370,26.0400,26.0500,26.0400,26.0500,1200
1430504839,26.0700,26.0700,26.0000,26.0000,200
1430505226,26.0000,26.0000,26.0000,26.0000,600
1430505497,26.0420,26.0420,26.0420,26.0420,900
1430506453,26.0000,26.0600,26.0000,26.0600,1400
1430506788,26.0300,26.0600,26.0300,26.0600,1600
1430507074,26.0600,26.0600,26.0600,26.0600,100
1430507384,26.0400,26.0400,26.0300,26.0300,700
1430507695,26.0450,26.0600,26.0300,26.0400,700
1430507969,26.0300,26.0400,26.0300,26.0300,2200
1430508559,26.0200,26.0400,26.0000,26.0000,1900
1430508688,26.0000,26.0200,25.9850,26.0100,1900
1430509076,26.0200,26.0200,26.0100,26.0100,1600
1430509315,26.1000,26.1100,26.0300,26.0300,900
1430509710,26.0000,26.0650,26.0000,26.0400,2400
1430510070,26.0000,26.0200,26.0000,26.0000,600
1430510356,26.0000,26.0300,26.0000,26.0300,6200
1430510400,26.0000,26.0000,26.0000,26.0000,6100
1430746798,26.1000,26.1600,26.1000,26.1400,0
1430747043,26.1000,26.1000,26.1000,26.1000,300
1430747374,26.2500,26.2500,26.2200,26.2200,600
1430747420,26.2200,26.2200,26.2200,26.2200,100
1430748121,26.3100,26.3100,26.3000,26.3000,400
1430748400,26.4100,26.4100,26.4100,26.4100,300
1430749128,26.3500,26.3500,26.3500,26.3500,300
1430749830,26.4300,26.4300,26.4300,26.4300,600
1430750660,26.4300,26.4300,26.4300,26.4300,500
1430750779,26.3000,26.3500,26.3000,26.3100,900
1430751988,26.3200,26.3200,26.3200,26.3200,200
1430752568,26.3300,26.3300,26.3300,26.3300,400
1430752898,26.3375,26.3500,26.3375,26.3500,1600
1430753350,26.3200,26.3600,26.3200,26.3600,300
1430753443,26.2900,26.2900,26.2900,26.2900,100
1430754556,26.4300,26.4300,26.3400,26.3400,1700
1430755118,26.3901,26.3901,26.3901,26.3901,200
1430755508,26.3800,26.3900,26.3800,26.3900,300
1430755979,26.2800,26.2800,26.2800,26.2800,100
1430756365,26.3200,26.3400,26.3100,26.3400,1100
1430756592,26.2700,26.2700,26.2600,26.2600,300
1430757814,26.3300,26.3300,26.2700,26.2700,900
1430758102,26.3900,26.4100,26.3900,26.4100,300
1430758430,26.3800,26.3800,26.3800,26.3800,300
1430758955,26.3900,26.3900,26.3900,26.3900,400
1430759315,26.2900,26.3300,26.1900,26.3100,1000
1430760081,26.3300,26.3300,26.3300,26.3300,200
1430761163,26.3200,26.3200,26.3200,26.3200,100
1430761702,26.2200,26.2500,26.2200,26.2500,2800
1430761842,26.2400,26.2400,26.2400,26.2400,2100
1430762176,26.2400,26.2400,26.2400,26.2400,100
1430762896,26.2900,26.2900,26.2900,26.2900,200
1430763290,26.2200,26.2500,26.2200,26.2500,1200
1430764301,26.3100,26.3100,26.3000,26.3100,600
1430764614,26.3000,26.3100,26.3000,26.3100,400
1430765186,26.3100,26.3100,26.2900,26.2900,500
1430765697,26.2800,26.2800,26.2800,26.2800,400
1430766327,26.2400,26.2400,26.2400,26.2400,200
1430766720,26.2600,26.2600,26.2600,26.2600,100
1430766936,26.2200,26.2300,26.2200,26.2300,500
1430767211,26.2600,26.2600,26.2600,26.2600,300
1430768088,26.2400,26.2400,26.2400,26.2400,400
1430768355,26.2500,26.2500,26.2500,26.2500,1100
1430768884,26.2800,26.3000,26.2700,26.3000,1100
1430769256,26.2500,26.2800,26.2500,26.2800,900
1430769541,26.2100,26.2700,26.2000,26.2500,5500
1430769600,26.2500,26.2500,26.2500,26.2500,3400
1430832600,26.2500,26.2500,26.2500,26.2500,0
1430833030,26.5400,26.5400,26.5400,26.5400,100
1430833465,26.3200,26.4400,26.2700,26.4400,2800
1430833792,26.1200,26.3200,26.1200,26.3200,3300
1430834365,26.1000,26.1300,26.1000,26.1200,6900
1430834403,26.1100,26.1100,26.1100,26.1100,300
1430835247,26.1000,26.1100,26.0800,26.1100,1900
1430835549,26.1000,26.1100,26.1000,26.1100,600
1430835671,26.1000,26.1000,26.1000,26.1000,100
1430836696,26.2300,26.2300,26.1100,26.1300,1900
1430837397,26.2400,26.2400,26.2400,26.2400,100
1430837401,26.2500,26.2500,26.2500,26.2500,700
1430837845,26.3100,26.3100,26.3000,26.3000,400
1430838094,26.3000,26.3000,26.3000,26.3000,100
1430838331,26.1800,26.3000,26.1800,26.3000,1500
1430839188,26.2400,26.2400,26.1300,26.1300,200
1430839477,26.1200,26.2399,26.1200,26.2399,1200
1430839771,26.2000,26.2000,26.2000,26.2000,600
1430840040,26.1700,26.1700,26.1000,26.1000,900
1430840102,26.1300,26.1300,26.1300,26.1300,100
1430840543,26.1100,26.1100,26.1100,26.1100,1500
1430841888,26.1500,26.1500,26.0800,26.1500,800
1430841945,26.0700,26.0700,26.0700,26.0700,300
1430842931,26.0800,26.0900,26.0800,26.0900,200
1430843291,26.0800,26.1500,26.0800,26.1500,500
1430843675,26.0900,26.1500,26.0800,26.0800,2600
1430843888,26.0200,26.1100,26.0200,26.0800,1000
1430844233,26.0800,26.0800,26.0800,26.0800,1100
1430844441,26.0800,26.0950,26.0800,26.0800,1200
1430845497,26.1000,26.1000,26.0800,26.0800,1500
1430845674,26.0500,26.1200,26.0500,26.1000,1800
1430846090,26.0000,26.0500,26.0000,26.0500,1900
1430846105,26.0000,26.0000,26.0000,26.0000,300
1430846445,26.0000,26.0000,26.0000,26.0000,500
1430846827,26.0800,26.0800,26.0400,26.0400,1100
1430847762,26.0600,26.0600,26.0600,26.0600,100
1430848165,26.0600,26.0600,26.0600,26.0600,100
1430848364,26.0500,26.0600,26.0500,26.0600,400
1430848822,26.0500,26.0500,26.0500,26.0500,800
1430849354,26.0500,26.0800,26.0500,26.0800,1600
1430851188,26.0000,26.0100,26.0000,26.0100,1100
1430851217,26.0000,26.0000,26.0000,26.0000,500
1430851694,26.0000,26.0000,26.0000,26.0000,1100
1430851974,26.0000,26.0000,26.0000,26.0000,100
1430852374,26.0100,26.0100,26.0100,26.0100,800
1430852964,25.9900,25.9900,25.9500,25.9500,800
1430853494,26.0100,26.0100,25.9500,25.9500,700
1430853959,26.0300,26.0300,26.0300,26.0300,400
1430854458,26.0600,26.0700,26.0600,26.0700,400
1430854714,26.1000,26.1000,26.0600,26.0600,1600
1430855022,26.0900,26.1300,26.0500,26.1300,1300
1430855228,26.0900,26.0900,26.0500,26.0900,2500
1430855481,26.0900,26.0900,26.0500,26.0575,2100
1430855946,26.2300,26.2400,26.0700,26.1100,8900
1430856000,26.1700,26.1700,26.1700,26.1700,7200
1430919000,26.2200,26.2200,26.2200,26.2200,0
1430919991,26.3800,26.3800,26.2100,26.2100,700
1430920552,26.2500,26.2600,26.2500,26.2600,700
1430922373,26.2100,26.2100,26.2100,26.2100,500
1430925192,26.1600,26.1600,26.1600,26.1600,300
1430926639,26.1100,26.1100,26.1100,26.1100,300
1430927267,26.0825,26.1500,26.0825,26.1500,200
1430927680,26.1200,26.1200,26.1200,26.1200,100
1430930667,26.1200,26.1200,26.1200,26.1200,500
1430931254,26.0100,26.0200,26.0100,26.0200,400
1430931654,25.9300,25.9900,25.9300,25.9900,300
1430933338,25.9300,25.9300,25.9200,25.9300,400
1430933440,25.9200,25.9200,25.9100,25.9100,200
1430934066,25.8700,25.8700,25.8700,25.8700,100
1430934551,25.9300,25.9300,25.8800,25.8800,800
1430934751,25.9300,25.9300,25.9300,25.9300,100
1430934916,25.9300,25.9300,25.9300,25.9300,100
1430935586,26.0000,26.0600,26.0000,26.0600,1000
1430936098,26.0400,26.0400,26.0400,26.0400,100
1430936141,25.9350,25.9350,25.9350,25.9350,100
1430936946,25.8900,25.8900,25.8900,25.8900,300
1430937199,25.8800,25.9000,25.8800,25.9000,400
1430937613,25.9200,25.9200,25.8800,25.9000,1100
1430938106,26.0000,26.0000,25.9600,25.9600,500
1430938371,25.9700,25.9700,25.9700,25.9700,400
1430938757,26.0500,26.0500,26.0000,26.0100,2300
1430939977,26.0700,26.0700,25.9900,25.9900,300
1430940290,26.0500,26.0500,26.0500,26.0500,300
1430940995,26.0700,26.0700,26.0700,26.0700,300
1430941251,26.1000,26.1000,26.1000,26.1000,100
1430941754,26.1800,26.1800,26.1600,26.1600,500
1430942043,26.2000,26.2000,26.1300,26.1300,1000
1430942340,26.2900,26.2900,26.1700,26.1700,3400
1430942400,26.3000,26.3000,26.3000,26.3000,100
1431006593,26.0700,26.1000,26.0700,26.1000,0
1431006842,26.0700,26.0800,26.0050,26.0800,2200
1431007496,26.0800,26.0800,26.0800,26.0800,100
1431007558,26.0600,26.0600,26.0600,26.0600,100
1431009195,25.9900,25.9900,25.9200,25.9800,1400
1431009381,25.9500,25.9500,25.9500,25.9500,100
1431010294,26.0600,26.0600,26.0600,26.0600,100
1431011381,25.9800,25.9800,25.9800,25.9800,100
1431012194,26.0300,26.0300,26.0300,26.0300,100
1431012443,26.0800,26.0800,26.0800,26.0800,300
1431013380,26.0400,26.0700,26.0400,26.0700,200
1431013698,26.0800,26.0800,26.0600,26.0600,2300
1431014055,26.1300,26.1400,26.1200,26.1200,400
1431014102,26.1300,26.1300,26.1300,26.1300,200
1431014618,26.1600,26.1700,26.1200,26.1200,800
1431014902,26.1800,26.1800,26.1800,26.1800,300
1431015004,26.1800,26.1800,26.1800,26.1800,200
1431015575,26.2300,26.2300,26.2100,26.2100,200
1431016156,26.2600,26.2600,26.2600,26.2600,100
1431017056,26.2500,26.2500,26.2500,26.2500,100
1431017356,26.2500,26.2500,26.2500,26.2500,100
1431017666,26.3600,26.3600,26.3600,26.3600,100
1431018597,26.2500,26.2500,26.2500,26.2500,300
1431018873,26.2500,26.2500,26.2500,26.2500,200
1431019012,26.3200,26.3200,26.3200,26.3200,100
1431019437,26.2600,26.2700,26.2600,26.2700,400
1431019506,26.2850,26.2850,26.2850,26.2850,100
1431020598,26.2700,26.3000,26.2500,26.3000,700
1431021897,26.2000,26.2000,26.2000,26.2000,100
1431022561,26.1500,26.1600,26.1500,26.1500,300
1431024796,26.1000,26.1000,26.1000,26.1000,500
1431025698,26.1000,26.1000,26.1000,26.1000,100
1431025953,26.1000,26.1000,26.1000,26.1000,100
1431026262,26.0800,26.1100,26.0800,26.1000,900
1431026418,26.0400,26.0691,26.0400,26.0691,700
1431026966,26.0600,26.0600,25.9910,25.9910,700
1431027181,26.0500,26.0500,26.0500,26.0500,100
1431027361,26.0750,26.0950,26.0750,26.0950,300
1431027865,26.0500,26.0900,26.0500,26.0900,700
1431028161,26.0650,26.0700,26.0300,26.0300,1600
1431028445,26.0300,26.0400,25.9500,26.0400,3100
1431028748,26.0100,26.0600,26.0000,26.0200,4200
1431028800,26.0100,26.0100,26.0100,26.0100,11800
1431092058,26.0700,26.4400,26.0700,26.4400,0
1431092285,26.2440,26.3599,26.1700,26.1700,1400
1431092652,26.3100,26.3200,26.3000,26.3000,500
1431092942,26.3700,26.4699,26.3700,26.3900,2300
1431093245,26.4000,26.4000,26.3700,26.3700,600
1431093895,26.2900,26.4100,26.2900,26.3700,3300
1431094055,26.2700,26.2900,26.2100,26.2900,700
1431094461,26.2660,26.2700,26.2660,26.2700,1200
1431094703,26.3100,26.3100,26.2560,26.2560,1000
1431095005,26.2900,26.2900,26.2900,26.2900,200
1431095970,26.3500,26.3590,26.2900,26.3200,4800
1431096003,26.3500,26.3500,26.3500,26.3500,600
1431096827,26.3100,26.3500,26.3100,26.3500,2200
1431096963,26.2500,26.2700,26.2500,26.2700,1500
1431097408,26.2650,26.2692,26.2650,26.2692,800
1431097531,26.2650,26.2800,26.2650,26.2800,500
1431097892,26.2400,26.2400,26.2400,26.2400,100
1431098309,26.2650,26.2650,26.2399,26.2399,900
1431098687,26.2700,26.3000,26.2700,26.3000,1000
1431099016,26.2400,26.2400,26.2400,26.2400,400
1431099578,26.1510,26.3000,26.1510,26.3000,1300
1431100151,26.2800,26.2800,26.2500,26.2500,700
1431100287,26.2800,26.2800,26.2700,26.2700,500
1431100592,26.3000,26.4700,26.3000,26.3000,2100
1431101035,26.4400,26.4400,26.3600,26.3650,900
1431101394,26.3600,26.4000,26.3600,26.4000,900
1431101895,26.3600,26.3600,26.3400,26.3400,300
1431102505,26.3500,26.3500,26.3500,26.3500,500
1431102832,26.3400,26.3400,26.3100,26.3300,1300
1431103362,26.3100,26.3100,26.2900,26.2900,400
1431104152,26.3700,26.3700,26.3200,26.3200,200
1431104526,26.3400,26.3700,26.3200,26.3400,1200
1431104908,26.3400,26.3550,26.3300,26.3400,1000
1431105292,26.3350,26.3350,26.3200,26.3200,300
1431105425,26.3100,26.3100,26.3100,26.3100,100
1431106029,26.3000,26.3000,26.3000,26.3000,600
1431106680,26.3000,26.3000,26.3000,26.3000,1300
1431107344,26.2895,26.3000,26.2650,26.2800,900
1431107996,26.3000,26.3000,26.2700,26.2700,600
1431108180,26.2650,26.2700,26.2650,26.2700,300
1431108545,26.3000,26.3000,26.2650,26.3000,800
1431109627,26.2400,26.2400,26.2400,26.2400,900
1431109838,26.2600,26.2600,26.2600,26.2600,100
1431110283,26.2600,26.2600,26.2600,26.2600,100
1431110775,26.2850,26.2850,26.2850,26.2850,100
1431111289,26.2700,26.3140,26.2700,26.3140,200
1431111579,26.3000,26.3200,26.2950,26.2950,300
1431111600,26.3000,26.3000,26.3000,26.3000,100
1431112468,26.3450,26.3599,26.3450,26.3599,600
1431112793,26.3100,26.3100,26.3100,26.3100,100
1431113049,26.3200,26.3200,26.3200,26.3200,300
1431113588,26.3450,26.3450,26.3450,26.3450,200
1431113767,26.3200,26.3450,26.3200,26.3450,200
1431114295,26.3900,26.3900,26.3400,26.3536,2800
1431114366,26.5200,26.5200,26.5200,26.5200,100
1431114808,26.4100,26.4250,26.4100,26.4250,500
1431115153,26.3500,26.4000,26.3200,26.4000,3000
1431115200,26.3400,26.3400,26.3400,26.3400,4300
1431351544,26.3327,26.3327,26.3327,26.3327,0
1431352092,26.2600,26.2600,26.2600,26.2600,1300
1431352314,26.1200,26.1200,26.1200,26.1200,100
1431352510,26.1300,26.1300,26.1300,26.1300,100
1431353062,26.2650,26.3200,26.1700,26.1800,700
1431353374,26.2600,26.2600,26.2600,26.2600,100
1431353472,26.2500,26.2500,26.2500,26.2500,200
1431353934,26.2400,26.2400,26.2400,26.2400,100
1431354254,26.2500,26.3199,26.2500,26.3199,400
1431355133,26.2000,26.2000,26.2000,26.2000,100
1431355472,26.2647,26.2647,26.1500,26.2600,600
1431356090,26.2700,26.3499,26.2400,26.2950,2300
1431356171,26.1700,26.2300,26.1700,26.2100,800
1431356884,26.2100,26.2100,26.2100,26.2100,200
1431357178,26.2200,26.2200,26.2147,26.2147,600
1431357506,26.1700,26.1750,26.1700,26.1750,500
1431357889,26.2300,26.2300,26.2000,26.2100,700
1431357978,26.2300,26.2300,26.2200,26.2200,400
1431358485,26.2600,26.2600,26.2500,26.2500,300
1431358508,26.2500,26.2500,26.2500,26.2500,200
1431358967,26.2800,26.2800,26.2800,26.2800,100
1431359380,26.2700,26.2850,26.2700,26.2700,1100
1431359844,26.3000,26.3000,26.3000,26.3000,900
1431360415,26.3000,26.3000,26.3000,26.3000,100
1431361099,26.2900,26.3900,26.2900,26.3900,400
1431361233,26.2900,26.2900,26.2900,26.2900,300
1431361710,26.2950,26.3300,26.2950,26.3300,500
1431362336,26.3300,26.3300,26.3000,26.3000,300
1431362978,26.3300,26.3350,26.3300,26.3350,300
1431363159,26.4600,26.4600,26.3600,26.3600,400
1431363425,26.4600,26.5100,26.4600,26.5100,300
1431364809,26.4800,26.4800,26.4700,26.4800,500
1431365977,26.4850,26.5199,26.4850,26.5199,200
1431366190,26.4600,26.5000,26.4600,26.4969,2100
1431366401,26.3600,26.3600,26.3600,26.3600,100
1431366848,26.4000,26.4100,26.4000,26.4100,400
1431367141,26.3600,26.3800,26.3600,26.3800,800
1431367455,26.2500,26.3300,26.2500,26.3300,400
1431367798,26.2500,26.3500,26.2500,26.2500,1300
1431368097,26.2100,26.2400,26.2100,26.2400,200
1431369681,26.2000,26.2000,26.2000,26.2000,200
1431370148,26.2500,26.2500,26.2000,26.2000,400
1431370755,26.2300,26.2550,26.2260,26.2260,500
1431371079,26.1519,26.2300,26.1519,26.2100,1700
1431371347,26.2500,26.2500,26.2500,26.2500,200
1431371579,26.2600,26.2600,26.2600,26.2600,400
1431372786,26.3200,26.3200,26.3200,26.3200,200
1431373170,26.2700,26.2700,26.2700,26.2700,300
1431373218,26.2700,26.3000,26.2700,26.3000,400
1431373683,26.1900,26.2800,26.1700,26.2800,1000
1431374007,26.2500,26.2550,26.2100,26.2400,1400
1431374361,26.1400,26.3000,26.1400,26.2600,5000
1431374400,26.1800,26.1800,26.1800,26.1800,2800
1431437678,26.1800,26.1800,26.1800,26.1800,0
1431438282,26.0000,26.1500,26.0000,26.1500,1200
1431438318,25.8801,25.9300,25.8801,25.9300,1100
1431438782,25.8800,25.9100,25.8800,25.9100,400
1431439172,25.8800,25.8900,25.8800,25.8900,700
1431439278,25.9000,25.9100,25.9000,25.9100,600
1431440104,25.8800,25.9000,25.8800,25.9000,500
1431440602,25.8000,25.8800,25.8000,25.8800,500
1431441010,25.8000,25.8000,25.8000,25.8000,100
1431441596,25.8200,25.9400,25.8200,25.8300,1000
1431441630,25.8600,25.8600,25.8600,25.8600,200
1431442112,26.0200,26.0300,26.0200,26.0300,400
1431442610,26.0200,26.0200,25.9100,26.0200,1700
1431443277,26.1501,26.1501,26.1500,26.1500,1300
1431443671,26.1846,26.2000,26.1500,26.1500,400
1431443702,26.1900,26.1900,26.1900,26.1900,100
1431444126,26.1100,26.2000,26.1100,26.2000,2100
1431444915,26.1100,26.1100,26.1100,26.1100,100
1431446139,26.1500,26.2000,26.1500,26.1900,500
1431446969,26.1300,26.1350,26.0800,26.0800,600
1431447510,26.1300,26.1400,26.1300,26.1400,200
1431448444,26.0700,26.0700,26.0700,26.0700,100
1431448888,26.1100,26.1100,26.1100,26.1100,100
1431449524,26.1700,26.1700,26.1700,26.1700,100
1431450323,26.1500,26.1700,26.1500,26.1700,300
1431450876,26.2500,26.2500,26.1700,26.1700,2000
1431451314,26.2000,26.2000,26.2000,26.2000,300
1431451584,26.2000,26.2000,26.1660,26.1660,1600
1431452094,26.1100,26.1100,26.1100,26.1100,100
1431453242,26.1200,26.1800,26.1200,26.1200,400
1431453774,26.1500,26.1500,26.1500,26.1500,200
1431454687,26.1000,26.1100,26.1000,26.1100,300
1431454937,26.1500,26.1500,26.1500,26.1500,400
1431455311,26.2000,26.2000,26.1700,26.1700,600
1431455695,26.1800,26.2000,26.1700,26.2000,1300
1431455908,26.2000,26.2000,26.1800,26.1800,1000
1431456207,26.2000,26.2000,26.2000,26.2000,700
1431456529,26.2000,26.2000,26.2000,26.2000,200
1431456808,26.1800,26.2000,26.1800,26.2000,1200
1431456943,26.1700,26.1700,26.1700,26.1700,400
1431457322,26.1300,26.1300,26.1300,26.1300,100
1431458038,26.2000,26.2000,26.2000,26.2000,200
1431458376,26.1700,26.2000,26.1700,26.2000,600
1431458674,26.2000,26.2000,26.2000,26.2000,200
1431458981,26.2000,26.2000,26.1700,26.1700,1200
1431459066,26.2000,26.2000,26.2000,26.2000,400
1431459541,26.2000,26.2000,26.2000,26.2000,100
1431459765,26.1800,26.1900,26.1800,26.1900,700
1431460141,26.2100,26.2100,26.2000,26.2000,400
1431460494,26.2500,26.2900,26.2300,26.2300,1200
1431460742,26.2400,26.2700,26.2300,26.2700,3100
1431460800,26.2600,26.2600,26.2600,26.2600,2600
1431524223,26.0900,26.0900,26.0900,26.0900,0
1431524580,26.2500,26.2500,26.2500,26.2500,500
1431525128,26.2550,26.2700,26.2550,26.2700,1100
1431525420,26.2850,26.3700,26.2850,26.3700,500
1431525740,26.1985,26.2650,26.1985,26.2650,900
1431526788,26.1200,26.2200,26.1200,26.2200,600
1431527342,26.0900,26.0900,26.0900,26.0900,200
1431527599,26.1600,26.1900,26.1600,26.1900,700
1431528731,26.1048,26.1048,26.1048,26.1048,200
1431528962,26.0200,26.0600,26.0200,26.0600,500
1431529276,25.9300,25.9700,25.9300,25.9700,300
1431529756,25.8700,25.8700,25.8700,25.8700,400
1431530078,25.9600,25.9600,25.9500,25.9500,300
1431530849,25.9100,25.9100,25.9100,25.9100,300
1431531785,25.9900,25.9900,25.9900,25.9900,1300
1431533667,26.0400,26.0400,26.0400,26.0400,600
1431534217,26.0400,26.0400,26.0300,26.0400,300
1431534417,26.0400,26.0400,26.0400,26.0400,100
1431534726,26.0000,26.0000,26.0000,26.0000,200
1431536133,25.9300,25.9300,25.9300,25.9300,200
1431537662,25.9750,25.9750,25.9600,25.9700,400
1431538683,25.9700,25.9700,25.9700,25.9700,100
1431539132,26.0300,26.0300,26.0300,26.0300,400
1431539649,25.9900,25.9900,25.9900,25.9900,100
1431540268,26.0400,26.0400,26.0400,26.0400,100
1431540486,26.0700,26.0700,26.0400,26.0400,1500
1431540744,26.1200,26.1200,26.1200,26.1200,400
1431541759,26.0700,26.0700,26.0700,26.0700,200
1431542060,26.0900,26.1000,26.0703,26.1000,700
1431542223,26.0800,26.0800,26.0800,26.0800,100
1431542962,26.0800,26.0800,26.0800,26.0800,200
1431543797,26.1100,26.1100,26.1100,26.1100,300
1431544053,26.1200,26.1200,26.1200,26.1200,100
1431544364,26.1600,26.1600,26.0500,26.1000,1500
1431544859,26.0700,26.0700,26.0700,26.0700,500
1431545312,26.0300,26.1000,26.0300,26.1000,200
1431545466,26.0500,26.0500,26.0500,26.0500,200
1431545846,26.0600,26.0600,26.0100,26.0100,300
1431546231,26.1200,26.1400,26.0800,26.0800,1200
1431546584,26.1200,26.1200,26.0600,26.1000,800
1431546881,26.0600,26.0700,26.0100,26.0700,600
1431547182,25.9800,26.0500,25.9800,26.0200,2400
1431547200,26.0000,26.0000,26.0000,26.0000,1400
1431610882,25.9550,26.1000,25.9550,26.0100,0
1431611225,26.0100,26.0100,26.0000,26.0000,600
1431611646,26.0100,26.0100,25.9720,26.0100,3400
1431611716,26.0100,26.0100,26.0100,26.0100,400
1431612245,26.0800,26.0800,26.0800,26.0800,100
1431612493,26.1500,26.1500,26.1400,26.1400,400
1431613427,26.1700,26.1700,26.1700,26.1700,100
1431613563,26.2000,26.2000,26.1900,26.1900,400
1431615099,26.1600,26.1600,26.1600,26.1600,100
1431615569,26.1900,26.1900,26.1900,26.1900,1200
1431616330,26.2000,26.2000,26.0700,26.0700,300
1431616742,26.1000,26.1200,26.1000,26.1152,1700
1431619759,26.1400,26.1400,26.0900,26.0900,400
1431620572,26.2000,26.2000,26.1700,26.1700,500
1431621199,26.2700,26.2700,26.2500,26.2500,400
1431621877,26.2550,26.3100,26.2500,26.2500,700
1431622095,26.2550,26.2550,26.2500,26.2500,200
                                                                                                                                                                                                                                           