uri:/instrument/1.0/SGEN/chartdata;type=quote;range=500d/csv
ticker:sgen
Company-Name:Seattle Genetics, Inc.
Exchange-Name:NMS
unit:MIN
timezone:EDT
currency:USD
gmtoffset:-14400
previous_close:39.7900
range:20150424,1429882200,1429905600
range:20150427,1430141400,1430164800
range:20150428,1430227800,1430251200
range:20150429,1430314200,1430337600
range:20150430,1430400600,1430424000
range:20150501,1430487000,1430510400
range:20150504,1430746200,1430769600
range:20150505,1430832600,1430856000
range:20150506,1430919000,1430942400
range:20150507,1431005400,1431028800
range:20150508,1431091800,1431115200
range:20150511,1431351000,1431374400
range:20150512,1431437400,1431460800
range:20150513,1431523800,1431547200
range:20150514,1431610200,1431633600
Timestamp:1429882200,1431633600
labels:1429882200,1430141400,1430227800,1430314200,1430400600,1430487000,1430746200,1430832600,1430919000,1431005400,1431091800,1431351000,1431437400,1431523800,1431610200
values:Timestamp,close,high,low,open,volume
close:32.9200,41.9400
high:33.0000,42.0500
low:32.7103,41.7800
open:32.9300,41.9001
volume:0,176700
1429882487,37.4300,37.6200,37.4200,37.6200,11600
1429882741,37.6900,37.7000,37.4200,37.4200,11100
1429883052,37.6550,37.7400,37.4100,37.6800,15500
1429883399,37.8801,37.9900,37.6550,37.6550,26000
1429883642,38.1600,38.2500,37.9000,37.9700,16000
1429883982,38.2500,38.2700,38.0600,38.0600,13200
1429884295,38.0300,38.2900,38.0300,38.2800,12700
1429884553,37.9400,38.0260,37.8500,38.0260,8700
1429884854,37.7580,37.9500,37.7580,37.9500,7200
1429885197,37.7700,37.7800,37.6900,37.7300,13400
1429885493,37.8600,37.8600,37.7200,37.7700,7700
1429885783,38.0200,38.0200,37.8500,37.8500,4500
1429886097,38.0400,38.0700,38.0000,38.0300,8600
1429886358,38.0900,38.1600,38.0400,38.0400,10900
1429886694,38.0099,38.1500,37.9900,38.0300,10200
1429886963,38.0100,38.0300,37.9400,38.0100,6000
1429887281,37.9300,38.0300,37.9200,38.0000,8300
1429887598,38.0422,38.0500,37.9200,37.9300,4500
1429887848,38.1500,38.1500,38.0400,38.0590,4400
1429888096,37.9566,38.1700,37.9566,38.1500,11900
1429888419,38.0500,38.0700,37.9900,38.0000,4300
1429888757,37.9700,38.0600,37.8380,38.0500,8700
1429889094,38.0200,38.0200,37.8800,37.9400,7100
1429889345,38.0600,38.0800,38.0000,38.0300,6200
1429889665,37.8701,38.0200,37.8701,38.0200,1300
1429889838,37.9100,37.9100,37.8418,37.8900,21700
1429890195,37.8150,37.8900,37.8100,37.8900,1600
1429890598,37.8000,37.8001,37.7434,37.8001,4300
1429890854,37.7600,37.8600,37.7600,37.8100,2200
1429891152,37.7560,37.7800,37.7250,37.7683,3600
1429891355,37.7900,37.7900,37.7800,37.7800,700
1429891783,37.8078,37.8100,37.7400,37.7600,1500
1429892054,37.7499,37.8700,37.7400,37.8200,3000
1429892354,37.6900,37.7200,37.6700,37.7200,1900
1429892698,37.6555,37.7204,37.6555,37.7204,1700
1429892963,37.7000,37.7300,37.6700,37.6700,2900
1429893294,37.6400,37.6500,37.6300,37.6500,1000
1429893595,37.6100,37.6650,37.6000,37.6400,800
1429893838,37.6900,37.6900,37.6000,37.6100,3700
1429894187,37.4700,37.6700,37.4400,37.6550,10700
1429894478,37.5100,37.5300,37.4800,37.4800,3400
1429894742,37.4000,37.5000,37.3900,37.5000,7700
1429895090,37.3920,37.4500,37.3900,37.4100,5400
1429895347,37.4400,37.4400,37.4100,37.4200,4200
1429895696,37.3900,37.4600,37.3800,37.4350,6900
1429895983,37.3200,37.3900,37.3200,37.3817,4700
1429896249,37.3847,37.4000,37.3000,37.3100,6800
1429896544,37.4100,37.4100,37.3400,37.3900,4700
1429896797,37.4200,37.4200,37.4100,37.4100,1400
1429897176,37.3700,37.4400,37.3300,37.4100,2900
1429897444,37.3000,37.3300,37.2900,37.3300,4800
1429897770,37.2700,37.3199,37.2400,37.3100,6300
1429898097,37.2000,37.2760,37.1500,37.2760,6700
1429898364,37.2800,37.2900,37.1850,37.1900,2900
1429898694,37.2500,37.2500,37.2100,37.2500,5100
1429898993,37.2500,37.2800,37.2400,37.2500,3900
1429899286,37.2500,37.2500,37.2300,37.2500,2200
1429899543,37.3000,37.3000,37.1600,37.2300,57900
1429899861,37.3500,37.3500,37.2900,37.3000,12600
1429900151,37.3500,37.3500,37.3100,37.3435,8100
1429900461,37.3300,37.3400,37.2800,37.3400,3700
1429900796,37.3300,37.3500,37.3200,37.3500,4000
1429900984,37.3400,37.3500,37.3200,37.3200,4900
1429901295,37.3200,37.3500,37.3100,37.3400,3000
1429901686,37.3500,37.3500,37.3100,37.3400,5400
1429901944,37.3000,37.3200,37.2900,37.3100,8400
1429902297,37.2800,37.3000,37.2600,37.3000,4200
1429902560,37.2400,37.2800,37.1700,37.2800,31000
1429902859,37.2400,37.2800,37.2300,37.2300,4300
1429903085,37.2300,37.2800,37.2243,37.2243,4600
1429903485,37.2100,37.2600,37.1900,37.2100,7600
1429903759,37.1700,37.2200,37.1700,37.2200,5100
1429904092,37.1500,37.2100,37.1500,37.1700,16200
1429904354,37.1700,37.1700,37.1200,37.1500,6200
1429904692,37.1600,37.1900,37.1500,37.1700,22600
1429904994,37.1800,37.1900,37.1400,37.1500,14300
1429905240,37.1900,37.2100,37.1700,37.1800,56500
1429905541,37.1400,37.2000,37.1300,37.2000,128600
1429905600,37.1400,37.1400,37.1400,37.1400,0
1430141691,37.1500,37.7100,37.1500,37.7100,0
1430141999,37.3350,37.3950,37.2000,37.3950,4500
1430142287,37.5000,37.5250,37.3100,37.3700,4200
1430142547,37.1300,37.4550,37.1200,37.4200,21700
1430142795,37.2700,37.3300,37.1300,37.1300,3300
1430143170,37.3750,37.3750,37.1200,37.2000,6000
1430143498,37.3600,37.3900,37.3200,37.3300,7100
1430143781,37.3400,37.3550,37.2950,37.3550,5100
1430144002,37.3400,37.4200,37.3100,37.3500,3000
1430144368,37.2600,37.3000,37.2300,37.2811,4400
1430144696,37.2400,37.3450,37.2400,37.2800,2200
1430144969,37.2500,37.2600,37.2150,37.2400,3400
1430145273,37.2429,37.2850,37.2200,37.2300,8000
1430145572,37.1000,37.2400,37.1000,37.2400,8300
1430145840,37.0900,37.1900,37.0800,37.1200,5500
1430146177,36.9400,37.0500,36.9400,37.0500,9500
1430146491,36.8100,36.9300,36.8100,36.9300,5100
1430146756,36.6900,36.9200,36.6900,36.8400,10300
1430147060,36.5420,36.7200,36.5190,36.7200,9300
1430147399,36.5700,36.7000,36.5318,36.6000,11100
1430147697,36.7000,36.7599,36.5300,36.5700,10100
1430147903,36.8100,36.8500,36.7100,36.7600,3700
1430148293,36.8250,36.8500,36.7000,36.8500,5800
1430148586,36.7400,36.8500,36.6800,36.8500,8200
1430148882,36.6100,36.7500,36.5500,36.7300,10300
1430149181,36.4400,36.6300,36.4400,36.6200,6400
1430149485,36.4300,36.4700,36.3100,36.4200,7900
1430149794,36.3700,36.4600,36.3011,36.4560,9500
1430150099,36.0500,36.3900,36.0500,36.3900,21200
1430150342,35.8500,36.0850,35.8000,36.0500,43300
1430150691,35.8200,35.8600,35.7500,35.8200,8000
1430150941,35.5600,35.8774,35.5500,35.8774,29700
1430151256,35.3900,35.5900,35.3800,35.5770,44500
1430151573,35.2605,35.4100,35.2500,35.3900,47200
1430151852,35.4600,35.4600,35.1800,35.2500,36200
1430152141,35.7010,35.7800,35.5300,35.5600,26600
1430152499,35.5600,35.6800,35.5200,35.6700,15800
1430152745,35.4400,35.5100,35.4060,35.5100,5400
1430153094,35.4050,35.4900,35.3100,35.4600,7400
1430153337,35.4000,35.4100,35.2200,35.3500,17200
1430153689,35.4601,35.5100,35.3300,35.4000,11600
1430153955,35.4600,35.4900,35.3600,35.4800,6000
1430154258,35.5100,35.5599,35.4500,35.4900,5400
1430154545,35.6700,35.6900,35.5300,35.5600,4700
1430154899,35.5350,35.7800,35.5000,35.7200,4800
1430155162,35.6000,35.6600,35.5600,35.5800,5800
1430155497,35.6080,35.6403,35.5600,35.5800,2300
1430155760,35.6100,35.7000,35.5700,35.6000,4400
1430156043,35.5496,35.6200,35.4900,35.6200,9000
1430156354,35.6000,35.6599,35.5000,35.5320,3600
1430156692,35.5600,35.5700,35.5000,35.5700,7700
1430156970,35.6150,35.6400,35.4900,35.5300,7600
1430157299,35.6000,35.7100,35.5800,35.6400,8200
1430157591,35.6400,35.7100,35.6100,35.6100,3200
1430157898,35.4800,35.6700,35.4800,35.6400,6600
1430158151,35.5500,35.6000,35.5000,35.5200,5700
1430158476,35.4800,35.5500,35.4600,35.5240,9200
1430158751,35.5200,35.5400,35.4600,35.4700,9900
1430159093,35.5500,35.6000,35.4600,35.4900,10100
1430159389,35.6500,35.6500,35.5300,35.5500,17100
1430159680,35.5800,35.6500,35.5400,35.6400,10000
1430159951,35.4800,35.5400,35.4500,35.5400,10800
1430160243,35.4300,35.5100,35.3700,35.4700,11600
1430160572,35.5000,35.5000,35.4040,35.4300,6000
1430160843,35.3500,35.5100,35.3100,35.5100,17500
1430161192,35.3600,35.3600,35.3000,35.3200,21300
1430161493,35.3300,35.4500,35.2800,35.3200,19700
1430161749,35.3200,35.4100,35.3100,35.3700,12100
1430162084,35.3500,35.4100,35.2700,35.3100,11800
1430162396,35.3000,35.3900,35.2700,35.3600,17700
1430162672,35.3700,35.4000,35.2600,35.3000,14000
1430162994,35.4300,35.4300,35.3150,35.3799,15000
1430163250,35.4200,35.4200,35.3200,35.3700,18000
1430163596,35.4200,35.4500,35.3700,35.3850,15900
1430163897,35.4200,35.4800,35.3800,35.4000,18300
1430164144,35.5500,35.5500,35.4200,35.4400,40400
1430164497,35.4500,35.5000,35.4100,35.4800,50700
1430164745,35.4700,35.4900,35.4300,35.4550,97400
1430164800,35.4700,35.4700,35.4700,35.4700,0
1430228046,35.5100,35.7300,35.3600,35.6088,0
1430228349,35.5900,35.6700,35.3500,35.3800,27900
1430228695,35.3300,35.6400,35.3300,35.6200,8700
1430228990,34.9500,35.3100,34.9500,35.3000,23500
1430229290,34.9900,35.2200,34.9000,34.9000,36800
1430229540,34.2900,34.9800,34.2200,34.9800,67300
1430229842,34.1550,34.4343,34.0600,34.2400,31000
1430230192,34.4900,34.4900,34.0500,34.1100,25300
1430230440,34.3050,34.4800,34.2000,34.4800,29500
1430230746,34.5500,34.6200,34.1500,34.3200,27200
1430231099,34.7300,34.7400,34.4700,34.5500,30200
1430231377,34.8900,34.9400,34.7100,34.7100,22700
1430231685,34.8730,34.8800,34.6200,34.8500,16800
1430231980,34.8500,34.9100,34.7800,34.8900,28900
1430232251,34.7600,34.9500,34.6800,34.8900,18400
1430232598,34.8900,34.9500,34.7300,34.7500,36100
1430232893,34.8100,34.9700,34.7100,34.9000,58900
1430233148,34.9200,34.9450,34.8000,34.8300,57100
1430233498,34.9800,34.9900,34.8900,34.8900,53600
1430233747,35.0800,35.1500,34.8800,34.9600,18900
1430234029,34.9800,35.0700,34.9000,35.0700,79500
1430234345,34.8000,34.9400,34.7300,34.9400,32500
1430234698,34.9200,35.0500,34.7300,34.8300,9600
1430234947,35.0200,35.0700,34.9600,34.9600,7700
1430235247,34.9700,35.0025,34.9500,34.9900,15700
1430235586,34.8700,35.0100,34.8610,35.0000,10100
1430235892,34.8000,34.9700,34.7700,34.9200,7500
1430236153,34.8700,34.8799,34.7700,34.8200,3400
1430236474,34.9600,34.9600,34.8400,34.8900,7400
1430236752,34.9500,35.0000,34.9200,34.9500,5700
1430237097,35.0050,35.0399,34.9000,34.9900,9200
1430237397,35.1800,35.2700,35.0000,35.0000,16000
1430237529,35.0200,35.1400,34.9800,35.1300,7600
1430237981,34.9500,35.0300,34.9200,35.0000,7900
1430238206,34.9700,35.0300,34.9700,34.9800,2600
1430238555,35.0400,35.1400,34.9600,34.9700,11300
1430238895,35.0100,35.0351,34.9600,35.0300,7500
1430239166,34.9500,35.0500,34.8500,35.0400,7800
1430239483,34.8900,35.0500,34.8700,35.0000,8400
1430239799,34.8800,35.0600,34.8600,34.9600,9300
1430240098,34.9500,35.0100,34.8900,34.9000,8500
1430240395,34.8700,34.9700,34.8200,34.9400,11000
1430240697,34.9100,34.9300,34.8300,34.8500,14000
1430240996,34.8800,34.9500,34.8300,34.9000,15200
1430241241,34.9700,34.9900,34.8400,34.8700,7300
1430241565,34.9700,34.9800,34.9000,34.9700,6400
1430241840,34.9300,35.0000,34.8900,34.9800,10300
1430242181,34.8400,34.9400,34.8164,34.9000,8000
1430242492,34.8400,34.8900,34.8400,34.8550,5500
1430242749,34.8600,34.8700,34.7500,34.8700,20500
1430243096,34.9600,35.0000,34.8500,34.8500,16200
1430243398,34.8600,34.9400,34.8479,34.9200,32900
1430243695,34.8300,34.8900,34.7750,34.8800,8900
1430243941,34.8400,34.9000,34.8300,34.8700,11400
1430244255,34.8850,34.8900,34.7600,34.8200,13300
1430244543,34.8300,34.9200,34.8200,34.8900,14400
1430244857,34.7400,34.8500,34.6800,34.8100,11400
1430245164,34.7500,34.8000,34.6895,34.7450,10300
1430245478,34.7700,34.8400,34.7500,34.7600,13400
1430245791,34.7000,34.7700,34.6900,34.7600,9200
1430246087,34.7900,34.7900,34.6300,34.7000,8600
1430246399,34.7500,34.8800,34.7500,34.8200,50200
1430246651,34.7550,34.7900,34.7400,34.7550,7700
1430246954,34.7600,34.8600,34.7600,34.8000,8900
1430247277,34.7500,34.8500,34.7130,34.7700,9100
1430247542,34.7000,34.8000,34.6801,34.7240,8100
1430247884,34.7780,34.8000,34.7200,34.7200,6700
1430248189,34.7350,34.7900,34.7100,34.7600,8300
1430248455,34.7400,34.7900,34.6900,34.7200,9000
1430248756,34.7500,34.7700,34.7130,34.7130,14000
1430249096,34.7300,34.8000,34.6900,34.7600,18700
1430249359,34.6999,34.7300,34.6400,34.7200,11800
1430249652,34.7700,34.7900,34.6500,34.6500,17400
1430249960,34.7600,34.7800,34.7000,34.7650,17100
1430250258,34.7800,34.8000,34.7600,34.7600,20200
1430250593,34.7500,34.8000,34.7200,34.7700,32400
1430250896,34.7900,34.8000,34.7000,34.7400,42700
1430251140,34.7900,34.8000,34.7800,34.7900,65900
1430251200,34.7800,34.7800,34.7800,34.7800,0
1430314492,34.6800,34.9700,34.6300,34.7800,0
1430314757,34.9000,34.9500,34.5900,34.6500,12700
1430315092,35.0000,35.0300,34.8550,34.9000,10900
1430315380,35.3600,35.3600,35.0500,35.0700,10600
1430315699,35.1300,35.3345,35.0900,35.3000,19400
1430315996,35.1400,35.2900,35.1300,35.1350,12600
1430316295,35.1400,35.3000,35.0900,35.1800,13500
1430316553,35.2350,35.2800,35.0300,35.1150,15500
1430316891,35.4300,35.4400,35.1600,35.2700,11100
1430317089,35.3050,35.3600,35.2100,35.3600,4800
1430317470,35.3550,35.4300,35.2600,35.2600,4500
1430317780,35.3200,35.4500,35.3200,35.3700,11100
1430318099,35.2100,35.2800,35.1100,35.2800,11600
1430318356,35.2500,35.2500,35.0400,35.2300,7200
1430318679,35.3350,35.4700,35.2550,35.2550,11000
1430318987,35.1600,35.4000,35.1300,35.3600,8200
1430319262,35.1200,35.2200,35.0900,35.1900,20300
1430319597,35.0300,35.1650,35.0300,35.0900,9100
1430319852,35.2500,35.3000,35.0250,35.0250,23600
1430320184,35.4850,35.4900,35.2500,35.2900,10900
1430320483,35.4100,35.4800,35.3600,35.4600,9300
1430320743,35.4100,35.5100,35.3850,35.3850,7400
1430321077,35.3400,35.4200,35.3200,35.3600,13300
1430321382,35.2300,35.3500,35.1700,35.3300,4400
1430321665,35.2000,35.2500,35.1400,35.2200,7700
1430321988,35.1600,35.2000,35.1100,35.1600,4100
1430322261,35.2400,35.2400,35.1200,35.1250,4200
1430322540,35.2350,35.2500,35.1900,35.2250,8500
1430322895,35.2400,35.3200,35.2200,35.2200,18300
1430323193,35.0600,35.2600,35.0450,35.2600,22600
1430323441,35.0200,35.0700,34.9900,35.0400,6100
1430323772,35.0400,35.0400,34.9900,34.9900,4600
1430324059,34.8700,35.0600,34.8400,35.0450,4200
1430324383,34.8100,34.8800,34.7820,34.8800,4900
1430324698,34.8050,34.8300,34.7260,34.7800,5500
1430324990,34.7100,34.7400,34.6900,34.7300,5900
1430325295,34.5700,34.7100,34.5200,34.6900,12400
1430325572,34.7400,34.7400,34.6000,34.6000,1600
1430325859,34.6850,34.7200,34.5400,34.7200,6900
1430326180,34.9150,34.9150,34.6800,34.6900,6100
1430326433,34.8000,34.9150,34.7800,34.9150,2000
1430326792,34.9500,35.0100,34.8000,34.8000,10000
1430327073,35.0400,35.1595,34.9950,34.9950,10300
1430327348,34.9800,34.9900,34.8600,34.9900,3400
1430327644,35.1500,35.1700,34.8800,35.0400,8200
1430327987,34.9520,35.1600,34.9100,35.1400,5000
1430328295,34.9000,34.9400,34.8700,34.9400,2800
1430328572,34.8900,34.9300,34.8400,34.9000,4600
1430328861,34.9200,34.9900,34.8600,34.8800,4700
1430329185,34.9650,35.0100,34.9050,34.9050,5200
1430329482,34.9900,35.0650,34.9100,34.9650,7500
1430329764,34.9280,35.0050,34.9100,35.0050,3700
1430330041,35.0400,35.0600,34.9100,34.9100,6100
1430330346,34.8600,35.0700,34.8300,35.0475,3000
1430330684,34.9200,35.0000,34.8501,34.9300,9300
1430330975,34.9500,35.1100,34.9500,34.9700,6000
1430331237,34.9300,35.0000,34.8400,34.9500,6500
1430331543,34.9800,35.0200,34.9200,34.9300,11300
1430331899,34.9100,35.0000,34.9000,34.9850,13000
1430332152,34.9800,34.9900,34.8600,34.9000,15100
1430332459,35.0200,35.0200,34.9200,34.9900,7400
1430332770,35.0500,35.0950,34.9500,35.0150,13300
1430333070,35.1500,35.1750,35.0550,35.0550,8800
1430333373,35.2600,35.2700,35.1450,35.1600,6500
1430333678,35.2601,35.3000,35.2400,35.2800,9100
1430333967,35.3100,35.3400,35.2600,35.3000,8000
1430334253,35.2400,35.3000,35.1801,35.3000,9100
1430334597,35.1900,35.2900,35.1900,35.2300,3500
1430334845,35.2350,35.2600,35.1600,35.1800,8100
1430335141,35.2200,35.2745,35.2100,35.2745,6800
1430335446,35.2999,35.2999,35.2250,35.2300,12300
1430335776,35.2300,35.2960,35.2300,35.2960,6600
1430336056,35.1600,35.2500,35.1500,35.2400,15400
1430336340,35.2500,35.3000,35.1600,35.1800,20100
1430336697,35.1200,35.3000,35.1200,35.2500,12700
1430336940,35.1200,35.2080,35.0950,35.0975,12500
1430337277,35.1400,35.1600,35.0900,35.1200,17900
1430337547,35.0700,35.1800,35.0600,35.1500,57200
1430337600,35.0700,35.0700,35.0700,35.0700,0
1430400897,35.0200,35.0200,34.7540,34.7540,0
1430401199,35.2000,35.3500,35.0400,35.0400,6600
1430401473,35.1900,35.3100,35.1300,35.2300,8500
1430401740,35.0300,35.1900,34.8500,35.1900,13300
1430402079,34.9600,35.0000,34.8200,34.9400,6500
1430402383,34.8000,35.0200,34.7800,34.9600,5100
1430402677,34.6400,34.8700,34.4500,34.8400,10300
1430402985,34.6000,34.8700,34.4900,34.6300,5300
1430403297,34.5600,34.8600,34.5500,34.5500,5100
1430403555,34.5800,34.7300,34.4400,34.5882,5900
1430403895,34.4980,34.5800,34.4100,34.5550,12300
1430404191,34.5900,34.5900,34.4800,34.5100,17500
1430404472,34.7500,34.7800,34.5900,34.6500,15600
1430404784,34.7200,34.7600,34.6400,34.7600,8000
1430405043,34.6800,34.7400,34.6100,34.7200,14300
1430405385,34.6500,34.7200,34.6100,34.6600,6600
1430405695,34.6000,34.7100,34.5500,34.6600,9700
1430405991,34.5300,34.6900,34.4500,34.5900,18600
1430406297,34.6730,34.7500,34.5700,34.5700,13300
1430406555,34.7950,34.8200,34.6900,34.7000,12800
1430406890,34.8000,34.8700,34.7100,34.7500,14300
1430407176,34.5870,34.7850,34.5870,34.7700,2700
1430407451,34.6100,34.6300,34.5770,34.5800,2300
1430407743,34.5950,34.6150,34.5100,34.6100,5800
1430408095,34.5700,34.6500,34.5100,34.6200,6800
1430408380,34.4100,34.5600,34.4100,34.5600,6600
1430408655,34.4900,34.5100,34.4100,34.4100,7200
1430408981,34.4900,34.5000,34.3600,34.4800,13700
1430409290,34.5250,34.5400,34.4700,34.4700,6200
1430409556,34.5200,34.5700,34.4700,34.5400,5800
1430409840,34.5700,34.5700,34.4800,34.5300,6700
1430410189,34.3900,34.5900,34.3900,34.5900,11500
1430410468,34.3900,34.4700,34.3696,34.3700,4600
1430410740,34.3800,34.4200,34.3200,34.3700,13700
1430411062,34.3200,34.4000,34.3200,34.4000,6100
1430411371,34.1100,34.3014,34.0500,34.2900,20500
1430411666,34.2300,34.2300,34.1300,34.1800,5100
1430411950,34.2500,34.2600,34.1100,34.2600,11200
1430412240,34.3200,34.3900,34.2400,34.2600,14300
1430412595,34.2050,34.3150,34.1100,34.3000,8300
1430412887,34.0800,34.2180,34.0600,34.2000,27500
1430413181,34.0850,34.1600,34.0700,34.0800,15400
1430413446,34.1400,34.1600,33.7800,34.1200,104100
1430413680,34.2500,34.2500,34.1300,34.1700,9000
1430414097,34.2000,34.2200,34.1300,34.2100,25500
1430414345,34.1500,34.2100,34.1400,34.2000,17700
1430414646,34.0500,34.1600,34.0300,34.1600,8500
1430414969,34.0800,34.1500,34.0450,34.0700,7300
1430415285,34.1560,34.2000,34.0600,34.0800,15900
1430415550,34.1300,34.1500,34.0200,34.1400,10800
1430415780,34.1100,34.1800,34.1100,34.1300,6100
1430416180,33.9700,34.1200,33.9700,34.1150,5500
1430416383,33.9900,34.0500,33.9500,33.9900,10300
1430416741,34.0000,34.0200,33.9200,33.9700,24100
1430417047,34.0000,34.0300,33.9510,34.0000,15600
1430417384,33.9700,33.9899,33.9100,33.9600,23700
1430417699,34.1500,34.2700,33.9400,33.9600,33500
1430417996,34.1600,34.2700,34.1080,34.1550,16800
1430418295,34.1100,34.2300,34.1100,34.1800,15700
1430418597,34.0700,34.1700,34.0600,34.0900,21200
1430418847,33.8900,34.0200,33.8400,34.0000,24800
1430419140,33.9400,33.9600,33.8650,33.8900,21000
1430419448,33.9100,33.9900,33.8800,33.9600,18700
1430419793,33.9200,33.9400,33.8600,33.9200,17200
1430420097,33.8700,33.9200,33.8400,33.9200,19300
1430420347,33.8150,33.8500,33.6800,33.8300,29500
1430420642,33.8600,33.8800,33.7600,33.7900,31000
1430420945,34.0400,34.0600,33.8200,33.8600,79100
1430421294,34.0800,34.1000,33.9300,34.0500,37700
1430421556,34.2450,34.2450,34.0650,34.0700,33500
1430421841,34.0800,34.2600,34.0700,34.2300,17300
1430422196,34.1400,34.1900,34.0400,34.0700,35200
1430422443,34.2500,34.2600,34.0500,34.1500,22000
1430422791,34.3500,34.3600,34.2500,34.2600,25200
1430423097,34.3420,34.4500,34.3000,34.3500,40000
1430423399,34.5700,34.5800,34.3300,34.3400,71300
1430423647,34.5200,34.6400,34.4800,34.5500,69400
1430423946,34.3400,34.5200,34.2800,34.5100,145400
1430424000,34.3400,34.3400,34.3400,34.3400,0
1430487240,34.4000,35.1800,34.3300,35.1800,0
1430487552,33.9800,34.4600,33.8100,34.1550,26700
1430487888,33.5400,34.0250,33.4500,34.0200,52400
1430488194,33.3800,33.8200,33.2614,33.5900,44700
1430488456,33.0500,33.3000,32.7103,33.2950,90700
1430488743,33.1100,33.4000,32.8800,32.9650,63100
1430489090,33.2000,33.2500,33.0518,33.0550,32000
1430489281,33.3900,33.4200,33.0600,33.1600,75800
1430489696,33.5200,33.5400,33.3200,33.4250,52000
1430489999,33.5800,33.6400,33.4800,33.5300,18600
1430490250,33.7300,33.8000,33.5700,33.6000,35100
1430490548,33.6700,33.7700,33.5950,33.7300,21400
1430490877,33.6315,33.7800,33.6060,33.6600,16100
1430491197,33.6300,33.7150,33.5200,33.6500,23900
1430491446,33.2200,33.6300,33.1900,33.6200,35100
1430491785,33.2100,33.4900,33.2000,33.2750,24900
1430492092,33.3225,33.4700,33.2000,33.2000,17700
1430492365,33.2050,33.3700,33.1900,33.3700,15400
1430492645,33.0300,33.2000,33.0000,33.1900,39900
1430492992,33.0000,33.0499,32.9300,33.0000,42300
1430493298,33.1399,33.1399,32.9800,33.0400,14900
1430493572,33.2700,33.2700,33.0600,33.1340,20000
1430493879,33.0250,33.2650,33.0100,33.2600,10700
1430494198,33.1700,33.3100,33.0200,33.0300,17200
1430494484,33.1050,33.1600,33.0800,33.1500,12800
1430494779,33.0700,33.1000,33.0300,33.0401,6900
1430495045,33.0800,33.1000,33.0500,33.0500,9800
1430495398,33.0750,33.1100,33.0500,33.0976,30400
1430495699,33.0200,33.1100,33.0200,33.0750,26300
1430495999,33.0200,33.0350,33.0000,33.0200,11600
1430496286,33.0000,33.0300,32.9200,33.0200,21400
1430496598,32.9200,33.0136,32.9200,33.0000,39500
1430496845,32.9750,33.0000,32.9100,32.9300,20200
1430497141,33.1000,33.1500,32.9600,32.9700,32900
1430497497,33.0745,33.1358,33.0700,33.1300,6800
1430497740,33.0445,33.0899,32.9700,33.0800,14300
1430498082,33.0500,33.0900,33.0040,33.0896,5200
1430498360,33.1100,33.1100,33.0000,33.0200,25000
1430498676,33.1100,33.1400,33.0836,33.1120,17100
1430498987,33.2000,33.2300,33.0900,33.0945,16300
1430499252,33.0900,33.2100,32.9800,33.2100,21100
1430499546,33.3400,33.4100,33.0800,33.1100,14300
1430499847,33.1642,33.4100,33.1642,33.3700,10700
1430500158,33.1300,33.1700,33.1100,33.1600,7400
1430500461,33.1500,33.1600,33.0700,33.1430,11700
1430500745,33.0400,33.1600,33.0400,33.1010,7800
1430501087,33.0550,33.1500,33.0200,33.0450,15400
1430501340,33.1000,33.1100,33.0100,33.0300,14200
1430501653,33.1400,33.1500,33.0850,33.0850,11100
1430501993,33.0900,33.1400,33.0700,33.1400,11300
1430502258,33.0844,33.1192,33.0400,33.0600,9800
1430502579,33.1500,33.1700,33.0900,33.0900,9400
1430502897,33.2900,33.3300,33.1300,33.1600,13200
1430503198,33.3300,33.3604,33.2635,33.2750,21900
1430503451,33.4000,33.4100,33.3000,33.3300,24400
1430503745,33.4000,33.4600,33.3200,33.4000,15600
1430504093,33.4100,33.4500,33.3700,33.4000,14500
1430504394,33.6900,33.7200,33.4200,33.4400,15400
1430504696,33.6300,33.7400,33.6100,33.7100,19400
1430504993,33.8800,33.8800,33.6100,33.6300,23800
1430505292,33.7100,33.8500,33.6700,33.8400,11500
1430505591,33.6300,33.7500,33.6200,33.6900,17100
1430505855,33.6100,33.7300,33.6100,33.7000,15300
1430506194,33.7700,33.7700,33.6324,33.6400,11700
1430506495,33.6100,33.7600,33.5336,33.7600,16700
1430506776,33.6400,33.6800,33.5800,33.6300,12900
1430507098,33.9535,33.9900,33.6342,33.6342,18600
1430507392,33.7636,33.9900,33.7600,33.9500,11800
1430507666,33.8550,33.8900,33.7600,33.7600,12200
1430507958,33.6600,33.7921,33.6600,33.7921,6700
1430508296,33.7700,33.8600,33.6100,33.6500,17400
1430508540,33.9500,33.9600,33.7542,33.7700,18800
1430508893,33.8400,34.0000,33.7700,33.9000,16700
1430509197,33.9600,34.0000,33.8800,33.8800,28000
1430509492,34.0100,34.0100,33.9100,33.9100,33600
1430509789,34.0757,34.1000,33.9700,34.0100,30800
1430510095,33.9900,34.1800,33.9900,34.1200,38500
1430510344,34.0500,34.0500,33.9400,34.0000,102900
1430510400,34.0300,34.0300,34.0300,34.0300,0
1430746496,34.5000,34.5500,34.3201,34.3201,0
1430746795,34.6100,34.6100,34.3000,34.5000,9600
1430747062,34.7200,34.7600,34.3300,34.7200,20700
1430747399,35.0000,35.0000,34.6000,34.7200,47500
1430747689,35.0300,35.2600,34.9500,35.0500,45700
1430747946,35.1000,35.1300,34.9300,35.0100,33600
1430748247,35.1100,35.2500,35.0200,35.1300,56600
1430748543,34.9000,35.1400,34.9000,35.1400,42400
1430748852,34.9600,35.0600,34.8450,34.8450,7000
1430749141,34.9900,35.0200,34.8000,34.9900,23600
1430749444,35.0000,35.0570,34.9200,34.9700,34700
1430749744,34.9500,35.0300,34.9400,34.9800,15700
1430750062,34.8300,35.0299,34.7800,34.9400,10200
1430750360,34.6250,34.8500,34.6200,34.8500,11300
1430750696,34.7235,34.7235,34.5700,34.6100,9400
1430750994,34.6200,34.7100,34.5400,34.7100,7600
1430751278,34.4500,34.6500,34.4400,34.6500,11200
1430751586,34.3700,34.4700,34.3300,34.4500,10300
1430751892,34.3600,34.4300,34.2500,34.3700,7600
1430752143,34.0500,34.4200,33.9900,34.3600,75500
1430752497,34.1295,34.1600,34.0200,34.1100,12700
1430752791,34.1400,34.2200,34.1300,34.1300,16000
1430753046,34.1000,34.1400,34.0400,34.1400,4800
1430753346,34.1900,34.2100,34.0900,34.1200,5100
1430753646,34.1300,34.2200,34.1100,34.2000,8800
1430753941,34.0200,34.1100,33.9900,34.1100,24400
1430754141,33.9900,34.0300,33.9500,34.0000,3900
1430754555,34.0800,34.1000,34.0000,34.0300,14100
1430754894,34.0650,34.2199,34.0500,34.0700,5400
1430755180,34.1000,34.1600,34.0700,34.0800,3100
1430755483,34.3200,34.3200,34.0300,34.0900,10800
1430755746,34.1750,34.4800,34.1750,34.3400,5200
1430756087,34.1200,34.2900,34.1200,34.1900,7600
1430756326,34.2000,34.2000,34.1350,34.1350,2100
1430756699,34.2400,34.2900,34.0900,34.1900,22600
1430756910,34.2000,34.2400,34.1500,34.2400,4000
1430757215,34.2100,34.2200,34.0300,34.1900,6700
1430757567,34.0800,34.1700,34.0800,34.1700,4300
1430757895,34.0600,34.1600,34.0400,34.0575,4700
1430758156,34.1550,34.1700,34.0700,34.1200,6200
1430758442,34.1000,34.2200,34.1000,34.1650,3600
1430758770,34.0800,34.1600,34.0300,34.0800,6300
1430759095,34.0500,34.1000,34.0400,34.0700,9100
1430759351,33.9200,34.0800,33.8800,34.0600,15200
1430759673,34.0800,34.0800,33.9400,33.9400,9000
1430759941,34.0600,34.0900,34.0000,34.0700,5300
1430760246,33.9500,34.0700,33.9100,34.0700,9700
1430760593,34.0000,34.0800,33.9750,34.0200,8500
1430760823,34.0900,34.1399,33.9900,33.9909,9200
1430761165,34.1200,34.1775,34.0600,34.0650,5700
1430761487,34.1000,34.1500,34.0000,34.1500,9600
1430761767,33.9800,34.0900,33.9800,34.0900,6100
1430762052,34.0400,34.1000,33.9650,33.9700,8100
1430762362,34.1100,34.1200,34.0400,34.0500,3600
1430762652,34.0400,34.1199,33.9900,34.0400,11100
1430762975,34.0400,34.0800,34.0100,34.0700,3700
1430763289,33.9600,34.0700,33.9600,34.0300,10400
1430763597,34.0400,34.1400,33.9700,33.9700,6800
1430763858,34.0300,34.0500,33.9850,34.0300,11500
1430764189,34.0700,34.1000,33.9900,33.9900,6400
1430764498,34.0500,34.1000,34.0000,34.0700,13100
1430764744,34.1300,34.1600,34.0700,34.0700,4900
1430765073,34.0500,34.1470,34.0500,34.1470,2700
1430765397,34.1500,34.1500,34.0250,34.0522,8900
1430765697,34.0300,34.1200,34.0200,34.1200,9600
1430765865,34.0500,34.0700,34.0250,34.0268,4800
1430766246,34.1000,34.1500,34.0200,34.0500,10300
1430766596,34.1050,34.1700,34.1000,34.1200,6000
1430766842,34.1500,34.1700,34.1000,34.1000,6500
1430767141,34.1300,34.1600,34.1100,34.1200,6800
1430767493,34.1300,34.1400,34.1000,34.1300,5300
1430767794,34.1300,34.1600,34.1000,34.1300,11900
1430768067,34.1500,34.1600,34.0900,34.1000,12500
1430768340,34.1700,34.1700,34.1150,34.1200,11700
1430768697,34.1700,34.2000,34.1600,34.1700,10600
1430768942,34.1300,34.2200,34.1250,34.1600,17800
1430769288,34.2000,34.2300,34.1700,34.2100,29400
1430769542,34.1900,34.2100,34.1700,34.1900,77500
1430769600,34.2000,34.2000,34.2000,34.2000,0
1430832891,34.2039,34.3000,34.0800,34.1800,0
1430833111,34.1000,34.2900,34.0600,34.1500,5300
1430833454,34.2100,34.3100,33.9400,34.1800,27300
1430833767,34.0550,34.3250,33.9800,34.2700,17900
1430834062,34.0200,34.1300,33.9100,34.0700,10900
1430834343,34.0700,34.1100,33.9800,34.0700,23700
1430834692,34.0000,34.2300,34.0000,34.1500,21300
1430834945,34.2600,34.2600,34.0100,34.0200,31200
1430835248,34.1800,34.2700,34.1000,34.2700,8200
1430835566,34.1100,34.2400,34.0700,34.1900,12500
1430835856,34.2100,34.3500,34.1600,34.1600,6400
1430836140,34.3600,34.4400,34.2100,34.2100,23100
1430836487,34.2700,34.3200,34.1900,34.3100,16300
1430836774,34.2500,34.4000,34.2150,34.2300,10800
1430837047,34.3700,34.4400,34.2300,34.2700,9200
1430837397,34.4500,34.5300,34.2500,34.3500,23500
1430837682,34.5300,34.5500,34.4100,34.4600,17400
1430837994,34.5400,34.6200,34.5100,34.5400,16100
1430838298,34.5550,34.7500,34.5000,34.5300,24700
1430838598,34.5200,34.5700,34.4300,34.5700,10500
1430838843,34.5400,34.5600,34.4500,34.5000,70200
1430839194,34.5900,34.6400,34.5200,34.5200,8500
1430839494,34.4700,34.5980,34.4700,34.5980,11300
1430839799,34.5200,34.5600,34.4600,34.4900,10200
1430840093,34.5700,34.5900,34.5000,34.5200,11700
1430840399,34.6300,34.7100,34.5700,34.5700,15300
1430840681,34.6000,34.6300,34.5600,34.6214,5900
1430840942,34.5400,34.6500,34.5400,34.5700,5800
1430841284,34.5800,34.6300,34.5300,34.5700,3900
1430841596,34.6100,34.6100,34.5500,34.5800,4700
1430841885,34.7500,34.8000,34.6100,34.6300,25500
1430842191,34.7800,34.8000,34.7400,34.7600,7600
1430842492,34.7800,34.8150,34.7100,34.7300,15000
1430842786,34.8200,34.8500,34.7900,34.8000,8600
1430843041,34.8700,34.8700,34.7500,34.8100,10100
1430843384,34.8300,34.9300,34.8000,34.8400,8900
1430843682,34.8500,34.8600,34.7100,34.8200,3100
1430843963,34.8000,34.8400,34.7800,34.8100,4400
1430844243,34.7899,34.8000,34.7300,34.8000,5100
1430844596,34.7300,34.7350,34.6700,34.7000,11300
1430844890,34.7500,34.7800,34.6500,34.7300,23300
1430845193,34.7200,34.7600,34.6800,34.7500,15300
1430845498,34.7200,34.7500,34.6500,34.7300,29700
1430845747,34.7600,34.7900,34.6900,34.7100,22800
1430846098,34.7300,34.7700,34.6900,34.7300,52700
1430846378,34.7500,34.7800,34.7400,34.7450,13200
1430846659,34.8200,34.8200,34.7000,34.7500,28400
1430846949,34.6900,34.8000,34.6800,34.8000,10900
1430847297,34.6400,34.7000,34.6400,34.7000,15400
1430847593,34.7000,34.7000,34.5714,34.6400,12800
1430847837,34.6600,34.6840,34.5700,34.6840,11100
1430848174,34.7200,34.7200,34.6500,34.6700,8600
1430848486,34.7700,34.7800,34.6900,34.7200,8400
1430848784,34.8000,34.8000,34.7300,34.7600,16700
1430849080,34.7900,34.8700,34.7400,34.7800,26300
1430849340,34.8450,34.8900,34.7650,34.7800,38300
1430849686,34.9500,35.0300,34.8600,34.8800,26700
1430849940,34.8325,34.9500,34.8000,34.9500,11900
1430850271,34.8000,34.9050,34.7800,34.8400,10100
1430850591,34.7100,34.7700,34.6700,34.7700,10400
1430850848,34.7350,34.7900,34.6700,34.7200,77000
1430851166,34.7800,34.7900,34.7100,34.7200,36800
1430851488,34.6900,34.7700,34.6525,34.7600,16400
1430851796,34.7700,34.7900,34.7000,34.7000,15400
1430852075,34.7600,34.7900,34.7400,34.7600,11000
1430852354,34.7800,34.8387,34.7400,34.7600,14900
1430852644,34.8200,34.9100,34.7500,34.7700,25300
1430852966,34.8200,34.8400,34.7900,34.8100,36600
1430853265,34.8500,34.8500,34.7800,34.8000,30800
1430853588,34.8300,34.8600,34.7950,34.8400,16600
1430853881,34.8300,34.8600,34.7800,34.8400,25200
1430854140,34.8000,34.8400,34.7900,34.8000,20200
1430854478,34.8500,34.8500,34.7900,34.8100,19400
1430854740,34.9000,34.9600,34.8100,34.8100,26000
1430855087,34.8900,34.9200,34.8500,34.8900,16900
1430855393,35.0000,35.0100,34.8600,34.8800,39700
1430855688,35.0399,35.1000,34.9200,34.9800,75400
1430855943,35.0000,35.0600,35.0000,35.0300,113600
1430856000,35.0000,35.0000,35.0000,35.0000,0
1430919272,35.8700,36.0500,35.6970,35.7900,0
1430919543,35.6200,35.9799,35.2400,35.6200,29800
1430919840,35.4100,35.8600,35.2100,35.5700,26000
1430920196,35.5148,35.6800,35.2500,35.3300,21300
1430920447,35.4800,35.6600,35.4600,35.5600,17700
1430920760,35.6055,35.7200,35.5300,35.5300,16400
1430921092,35.7897,35.7897,35.4200,35.7300,14000
1430921397,35.8901,35.9700,35.7300,35.7900,23100
1430921690,36.2800,36.2900,35.8900,35.9200,31300
1430921989,36.2000,36.3000,36.1200,36.2800,18400
1430922298,36.1100,36.3800,36.0300,36.1800,18700
1430922545,35.9500,36.2100,35.9350,36.1100,12500
1430922857,35.8650,35.9800,35.8600,35.9800,9000
1430923197,35.7100,35.8400,35.7000,35.8400,9400
1430923400,35.6900,35.8700,35.6900,35.7500,11300
1430923785,35.7800,35.8500,35.6800,35.6800,8800
1430924063,35.9375,36.0200,35.8000,35.8050,12800
1430924353,35.8600,35.9518,35.7900,35.9350,11900
1430924694,36.1000,36.1200,35.8200,35.8450,26300
1430924999,35.9900,36.1100,35.9000,36.1000,17400
1430925292,36.0200,36.0400,35.9200,35.9500,10600
1430925588,36.0300,36.0500,35.9000,36.0100,10500
1430925852,36.0300,36.0800,36.0000,36.0300,8600
1430926163,36.0790,36.1100,35.9700,36.0100,8500
1430926451,36.0600,36.1600,35.9700,36.0500,8500
1430926759,36.0000,36.0700,35.9700,36.0400,8400
1430927047,36.0100,36.0500,35.9700,36.0100,5300
1430927399,35.9200,36.0500,35.9200,36.0300,11900
1430927665,36.0400,36.0400,35.9200,35.9600,5600
1430927941,36.1300,36.1300,35.9700,36.0100,6100
1430928182,36.1300,36.1900,36.0500,36.1000,8200
1430928490,36.1800,36.2000,36.0200,36.1200,6100
1430928821,36.1300,36.1300,36.0500,36.1200,7600
1430929148,36.1500,36.1800,36.1100,36.1300,5200
1430929499,36.2400,36.2400,36.1300,36.1600,18700
1430929790,36.2100,36.2800,36.1600,36.2300,11000
1430930060,36.2500,36.2600,36.2200,36.2200,3500
1430930356,36.2100,36.2900,36.2100,36.2500,5000
1430930699,36.1900,36.2700,36.1900,36.2100,5900
1430930949,36.2400,36.2600,36.1800,36.2000,6800
1430931298,36.2400,36.2900,36.2000,36.2900,9900
1430931590,36.2000,36.2500,36.1700,36.2200,6600
1430931843,36.2200,36.2800,36.1600,36.2100,14200
1430932192,36.3300,36.3400,36.1900,36.2200,11100
1430932440,36.2700,36.3600,36.2300,36.3600,3500
1430932742,36.3300,36.3500,36.2200,36.2500,6900
1430933045,36.2600,36.3200,36.1800,36.3200,17500
1430933345,36.1900,36.2500,36.1500,36.2450,14100
1430933697,36.1800,36.2500,36.1650,36.1700,9700
1430933953,36.2000,36.2000,36.1400,36.1600,9200
1430934269,36.1800,36.1900,36.1200,36.1900,11200
1430934585,36.1901,36.2100,36.1205,36.1800,10300
1430934841,36.2700,36.3200,36.1800,36.1900,176700
1430935145,36.2200,36.3100,36.1600,36.2800,19600
1430935490,36.2300,36.3100,36.2000,36.2200,10300
1430935755,36.2400,36.2700,36.2200,36.2200,10100
1430936092,36.2200,36.2900,36.2200,36.2400,10900
1430936386,36.2900,36.2900,36.2100,36.2300,16800
1430936687,36.1600,36.2900,36.1400,36.2900,15300
1430936953,36.1300,36.2200,36.1000,36.1600,20700
1430937264,36.1200,36.1500,36.1000,36.1200,14100
1430937588,36.0800,36.1600,36.0550,36.1200,23300
1430937870,36.0000,36.1125,36.0000,36.0900,34400
1430938153,36.1000,36.1100,36.0000,36.0000,27300
1430938499,36.2550,36.2700,36.0200,36.0600,52100
1430938799,36.3200,36.3400,36.2300,36.2500,74900
1430939099,36.6000,36.6100,36.3100,36.3100,77300
1430939395,36.8900,36.8900,36.5650,36.5700,130600
1430939641,36.7700,37.1000,36.7700,36.9000,136500
1430939941,36.8000,36.8500,36.6800,36.7700,26900
1430940299,37.0000,37.1000,36.8000,36.8050,83700
1430940598,37.1200,37.1800,36.9600,36.9900,53600
1430940896,37.0700,37.3400,37.0300,37.1100,136000
1430941144,37.1900,37.2600,37.0200,37.0200,49600
1430941496,37.2100,37.2900,37.0800,37.1400,43800
1430941797,37.3300,37.3300,37.1900,37.1900,82400
1430942099,37.3450,37.3600,37.2800,37.2800,146600
1430942348,37.3000,37.4000,37.2300,37.3700,154700
1430942400,37.2700,37.2700,37.2700,37.2700,0
1431005668,37.6300,37.7700,37.1000,37.2050,0
1431005949,37.5800,37.7200,37.3600,37.6750,19100
1431006275,37.3700,37.7300,37.3700,37.5800,15600
1431006545,37.3401,37.6700,37.0400,37.3900,34900
1431006899,37.3000,37.4300,36.9280,37.4250,40100
1431007143,36.9200,37.3000,36.9200,37.2400,15600
1431007453,36.9900,37.0300,36.7500,36.8100,14900
1431007747,36.8500,36.9700,36.8400,36.9500,15500
1431008070,36.9800,37.0500,36.7900,36.8100,6800
1431008388,36.9900,37.0900,36.9150,36.9800,25800
1431008681,37.0200,37.1200,36.9300,36.9900,9700
1431008995,37.2400,37.2700,37.0200,37.0200,20100
1431009281,37.2000,37.3000,37.1500,37.2350,22600
1431009587,37.2900,37.3300,37.1500,37.2000,14700
1431009898,37.1800,37.3300,37.1100,37.3000,16200
1431010188,37.5000,37.5400,37.2000,37.2100,11000
1431010456,37.5600,37.6800,37.4600,37.4800,18400
1431010790,37.4600,37.5800,37.4000,37.5600,10900
1431011059,37.4300,37.5450,37.4000,37.4899,7500
1431011390,37.4400,37.5000,37.3500,37.4000,11700
1431011697,37.2150,37.4100,37.1900,37.4000,40700
1431011996,37.2900,37.3100,37.1600,37.2100,16600
1431012263,37.5300,37.5300,37.2700,37.2900,13400
1431012547,37.5600,37.6400,37.4700,37.5300,27500
1431012849,37.6500,37.6700,37.5468,37.5600,29800
1431013184,37.7008,37.8100,37.6200,37.6540,27700
1431013445,37.7700,37.7900,37.6200,37.7100,22800
1431013793,37.8500,37.8600,37.7400,37.7400,20400
1431014088,37.7900,37.8900,37.7585,37.8500,17500
1431014399,37.8700,37.8900,37.7600,37.7600,21400
1431014641,37.7800,37.9200,37.7800,37.8700,30800
1431014971,37.6900,37.8300,37.6900,37.7500,20600
1431015185,37.6900,37.7800,37.6300,37.6938,30900
1431015554,37.5550,37.6700,37.5500,37.6650,16100
1431015887,37.6450,37.6450,37.5200,37.5500,18100
1431016198,37.7100,37.7200,37.6200,37.6300,18000
1431016440,37.9200,37.9700,37.7100,37.7200,22700
1431016741,38.1850,38.2500,37.8950,37.9100,51800
1431017093,38.2850,38.4050,38.1750,38.1800,33300
1431017399,38.3600,38.4200,38.2600,38.2850,33000
1431017642,38.3600,38.3800,38.2601,38.3500,11000
1431017984,38.3300,38.3900,38.2500,38.3310,12900
1431018181,38.4100,38.4200,38.2600,38.2600,16900
1431018575,38.3400,38.4100,38.3400,38.3600,10200
1431018890,38.2800,38.3500,38.2500,38.3500,6700
1431019193,38.2500,38.3300,38.2500,38.3000,12300
1431019490,38.2900,38.3000,38.2300,38.2500,15800
1431019747,38.2400,38.2800,38.2400,38.2799,7100
1431020045,38.1100,38.2347,38.0800,38.2200,7300
1431020347,38.0300,38.0900,38.0300,38.0800,41400
1431020688,37.9100,38.0200,37.9100,38.0100,8200
1431020998,37.8800,37.9200,37.8700,37.9000,45100
1431021265,37.8000,37.9100,37.7830,37.9100,12100
1431021542,37.8500,37.8600,37.7700,37.8000,15800
1431021869,37.7700,37.8200,37.7600,37.8200,20700
1431022191,37.7900,37.7900,37.7500,37.7700,16900
1431022451,37.8300,37.8400,37.7350,37.8000,17400
1431022748,37.8500,37.8800,37.8200,37.8300,17800
1431023088,37.8900,37.8900,37.8100,37.8500,31900
1431023352,37.9700,37.9900,37.8400,37.8400,25600
1431023698,38.0600,38.1100,37.9400,37.9700,22200
1431023974,38.0200,38.0700,37.9800,38.0450,15300
1431024293,38.0500,38.0800,37.9700,38.0100,13400
1431024596,38.0400,38.0500,37.9050,38.0300,12900
1431024864,37.9400,38.0300,37.9000,38.0300,24800
1431025107,38.0190,38.0200,37.9300,37.9600,10800
1431025449,38.0100,38.0100,37.9300,38.0000,13100
1431025744,37.9900,38.0300,37.9800,38.0000,25300
1431026087,38.0150,38.0500,37.9800,37.9900,10700
1431026348,38.0200,38.0300,37.9700,38.0010,34300
1431026640,37.9700,38.0100,37.9328,37.9800,22000
1431026985,38.0000,38.0000,37.9300,37.9600,27500
1431027296,38.0000,38.0500,37.9850,38.0000,16200
1431027598,38.0033,38.0100,37.9700,38.0000,36600
1431027883,38.0700,38.0700,37.9700,37.9950,36100
1431028159,38.0000,38.0700,37.9900,38.0600,47500
1431028440,37.9600,38.0000,37.8900,38.0000,72600
1431028755,38.0900,38.1100,37.9500,37.9600,166100
1431028800,38.0400,38.0400,38.0400,38.0400,0
1431092041,39.5701,39.6700,39.3250,39.3500,0
1431092390,40.2200,40.2900,39.7000,39.8000,146400
1431092699,40.6700,40.7300,40.0500,40.0850,142800
1431092994,40.3500,40.6700,40.0100,40.6700,65800
1431093240,40.0400,40.5200,39.8400,40.4800,64700
1431093562,40.1476,40.2000,40.0400,40.1620,13200
1431093860,40.4000,40.4900,40.1100,40.1999,47100
1431094156,40.4450,40.5000,40.3000,40.4000,39000
1431094495,40.4600,40.5980,40.3700,40.4300,56400
1431094741,40.5000,40.6500,40.3600,40.4601,57100
1431095097,40.7600,40.7600,40.4800,40.4800,33100
1431095341,40.9000,41.0700,40.7206,40.7700,91100
1431095696,40.7400,40.9700,40.7400,40.9050,28700
1431095994,40.8800,40.9500,40.7500,40.7900,34400
1431096286,40.6800,40.9000,40.6200,40.9000,66000
1431096556,40.6000,40.8200,40.5500,40.6800,19000
1431096897,40.7900,40.8100,40.5500,40.6590,15100
1431097148,40.6700,40.7750,40.6250,40.7570,31300
1431097499,40.7750,40.8000,40.6700,40.6700,22600
1431097799,40.9100,40.9400,40.7750,40.7750,27300
1431098099,41.1100,41.1100,40.8700,40.8801,38900
1431098397,41.2700,41.2900,41.1000,41.1100,39200
1431098645,41.4400,41.4400,41.1500,41.2800,45400
1431098947,41.3700,41.4100,41.2900,41.4000,32500
1431099298,41.4250,41.5000,41.2300,41.3800,57000
1431099541,41.5250,41.6400,41.4190,41.4500,28600
1431099899,41.5750,41.5900,41.4600,41.5300,33100
1431100184,41.6000,41.6500,41.5750,41.5900,29700
1431100440,41.7500,41.7699,41.5700,41.5800,26900
1431100796,41.7900,41.8900,41.6700,41.7700,39100
1431101098,41.9400,42.0500,41.7800,41.7800,62600
1431101396,41.8400,41.9300,41.7300,41.9001,25500
1431101689,41.8300,41.8300,41.7200,41.8000,18300
1431101993,41.7800,41.8500,41.7400,41.8400,17800
1431102296,41.6010,41.8200,41.4700,41.7800,25800
1431102595,41.5000,41.6290,41.4100,41.6200,17900
1431102895,41.4500,41.5940,41.2800,41.5000,23600
1431103197,41.5800,41.6600,41.3900,41.4365,31600
1431103490,41.5900,41.6000,41.5000,41.5696,19900
1431103759,41.4700,41.5900,41.4700,41.5900,9300
1431104042,41.2257,41.4850,41.1900,41.4850,15600
1431104347,41.4800,41.4940,41.1800,41.2400,15200
1431104699,41.4200,41.4800,41.3400,41.4620,10500
1431104996,41.4400,41.4900,41.3810,41.4250,13400
1431105242,41.4800,41.4800,41.4100,41.4380,9200
1431105570,41.5000,41.5800,41.4500,41.4800,22900
1431105841,41.4900,41.5500,41.4401,41.5240,10000
1431106141,41.4400,41.5000,41.3900,41.4200,12400
1431106499,41.2500,41.4296,41.1550,41.4296,30400
1431106790,41.1100,41.2800,41.0000,41.2600,28700
1431107093,41.1300,41.1500,41.0699,41.1275,19400
1431107381,41.2400,41.2800,41.1300,41.1500,25900
1431107640,41.3500,41.4300,41.2300,41.2400,20900
1431107996,41.2799,41.3499,41.2500,41.2900,13400
1431108297,41.2800,41.3300,41.2500,41.2501,15400
1431108595,41.3000,41.3300,41.2500,41.2800,11800
1431108883,41.3600,41.4800,41.2700,41.2999,17000
1431109190,41.3200,41.4100,41.3200,41.3900,10000
1431109440,41.3700,41.3700,41.2900,41.3200,7600
1431109791,41.2700,41.3830,41.2500,41.3810,11700
1431110099,41.2550,41.3000,41.2500,41.2600,12100
1431110396,41.2500,41.3000,41.2500,41.2500,13900
1431110640,41.3100,41.3700,41.2500,41.2654,10500
1431110987,41.1696,41.3200,41.1400,41.3000,18800
1431111299,41.1200,41.1600,41.0600,41.1600,9800
1431111598,41.0946,41.1600,41.0100,41.1200,14700
1431111843,41.0800,41.1500,41.0500,41.1000,20700
1431112198,41.1650,41.1800,41.0900,41.0900,33700
1431112440,41.1920,41.2500,41.1100,41.1600,44900
1431112795,41.2000,41.2100,41.1300,41.1900,16200
1431113041,41.0900,41.2200,41.0500,41.2000,31200
1431113386,41.0100,41.0900,41.0100,41.0800,20600
1431113656,41.0450,41.0800,40.9900,41.0100,24800
1431113994,41.0950,41.1800,41.0500,41.0500,19600
1431114243,41.1400,41.1800,41.1050,41.1100,22100
1431114544,41.1100,41.1500,41.0902,41.1500,37600
1431114841,41.2650,41.2900,41.1100,41.1100,75800
1431115147,41.0800,41.3100,41.0800,41.2800,117000
1431115200,41.1300,41.1300,41.1300,41.1300,30900
1431351187,41.3145,41.3145,40.6900,41.1000,0
1431351540,40.8600,41.1200,40.7000,41.1200,22700
1431351854,40.6000,40.9500,40.5500,40.8500,19300
1431352155,40.6900,40.6900,40.5300,40.5800,10500
1431352458,40.7400,40.8600,40.6000,40.6450,19000
1431352796,40.7500,40.9500,40.5800,40.7500,39400
1431353099,40.9400,40.9600,40.7220,40.7220,12900
1431353345,40.8600,41.0300,40.8200,40.9500,29100
1431353697,41.0300,41.0600,40.8750,40.8750,27700
1431353998,40.9100,41.0100,40.8700,40.9800,36600
1431354297,40.7100,40.9100,40.6500,40.8800,34800
1431354564,40.5200,40.7400,40.5100,40.7300,25600
1431354899,40.3600,40.6000,40.2600,40.5400,49000
1431355199,40.2400,40.3750,40.2400,40.3750,30200
1431355499,40.2150,40.2560,40.1300,40.2560,49100
1431355798,40.0800,40.2200,40.0600,40.2150,25400
1431356050,40.1900,40.2500,40.0800,40.0800,24000
1431356394,40.2100,40.2500,40.1400,40.2300,30300
1431356647,40.1500,40.2200,40.1300,40.2200,17900
1431356997,40.0050,40.1400,40.0000,40.1400,51000
1431357277,40.0400,40.0600,40.0000,40.0050,33400
1431357545,40.0600,40.0700,39.9800,40.0200,52600
1431357897,40.0101,40.0400,39.9700,40.0400,17400
1431358144,39.9900,40.0500,39.9800,40.0200,31300
1431358499,39.7950,40.0100,39.7701,40.0100,27800
1431358751,39.7700,39.8595,39.7500,39.8000,23800
1431359097,39.7600,39.8100,39.7500,39.7600,22900
1431359363,39.7550,39.7700,39.6900,39.7600,29500
1431359670,39.8450,39.8600,39.7300,39.7650,18600
1431359993,39.9700,40.0000,39.8200,39.8300,21100
1431360240,40.0100,40.1000,39.9500,39.9700,14700
1431360588,39.9800,40.0600,39.9600,39.9800,6500
1431360864,39.9800,40.0400,39.9700,39.9800,7400
1431361189,39.8100,39.9800,39.7800,39.9800,12300
1431361465,39.7500,39.8100,39.7200,39.8100,6500
1431361776,39.7300,39.8000,39.6900,39.7100,7200
1431362084,39.8400,39.8800,39.7200,39.7300,16900
1431362398,39.9150,39.9150,39.8100,39.8400,12400
1431362644,39.7600,39.9000,39.7600,39.8900,8400
1431362984,39.7200,39.8000,39.6800,39.7600,10600
1431363194,39.7450,39.7600,39.7000,39.7200,3600
1431363585,39.7650,39.7900,39.6995,39.6995,7800
1431363871,39.8700,39.9200,39.7500,39.7500,13400
1431364141,39.9500,39.9800,39.8300,39.9000,11800
1431364491,39.8200,39.9600,39.8200,39.9400,10500
1431364765,39.8450,39.8600,39.8000,39.8400,19700
1431365083,39.9300,39.9400,39.8350,39.8400,18200
1431365398,39.9350,40.0800,39.9200,39.9300,34500
1431365641,39.8600,39.9400,39.8433,39.9400,25600
1431365963,39.8800,39.9436,39.8399,39.8750,14700
1431366293,39.7800,39.8900,39.7800,39.8900,11200
1431366585,39.7400,39.7800,39.7300,39.7700,48100
1431366897,39.7600,39.7800,39.7200,39.7300,8500
1431367199,39.6350,39.7800,39.6350,39.7800,11800
1431367499,39.8000,39.8300,39.6400,39.6400,12100
1431367742,39.7900,39.8500,39.7300,39.8000,15300
1431368077,39.6950,39.8000,39.6950,39.8000,9200
1431368340,39.5600,39.6980,39.5600,39.6800,30000
1431368694,39.5800,39.6600,39.5500,39.5500,23500
1431368950,39.6700,39.6700,39.5600,39.5700,13400
1431369296,39.6700,39.7200,39.6700,39.6700,22000
1431369541,39.8500,39.8500,39.6600,39.6600,32900
1431369840,39.7199,39.8500,39.6800,39.8000,26700
1431370140,39.6500,39.7116,39.6500,39.6950,8100
1431370470,39.6200,39.6500,39.6200,39.6400,8800
1431370778,39.5600,39.6400,39.5600,39.6200,12600
1431371096,39.3900,39.5310,39.3800,39.5310,25100
1431371353,39.3800,39.3900,39.3400,39.3800,36900
1431371644,39.4200,39.4200,39.3800,39.3900,16100
1431371950,39.4900,39.5070,39.3900,39.4100,9400
1431372244,39.5500,39.5800,39.5000,39.5000,9600
1431372596,39.6000,39.7100,39.5500,39.5500,27400
1431372841,39.5600,39.6500,39.5600,39.5900,30200
1431373198,39.7400,39.7500,39.5600,39.5600,20600
1431373489,39.7000,39.7700,39.6500,39.7400,25900
1431373798,39.7150,39.7500,39.6800,39.7200,25300
1431374045,39.7500,39.7700,39.7000,39.7600,47000
1431374343,39.7500,39.7700,39.7150,39.7500,124500
1431374400,39.7500,39.7500,39.7500,39.7500,0
1431437664,39.1000,39.5000,39.0280,39.5000,0
1431437997,39.2650,39.5199,39.2200,39.2500,18700
1431438297,39.2200,39.4100,39.2101,39.2720,13900
1431438598,39.2600,39.2700,39.0570,39.2300,16600
1431438896,39.3999,39.5300,39.1700,39.2700,21200
1431439197,39.4000,39.5100,39.2600,39.4000,24400
1431439443,39.3800,39.4400,39.2380,39.3600,12500
1431439748,39.6100,39.6100,39.3140,39.3800,10800
1431440095,39.6100,39.6100,39.4270,39.5900,11600
1431440389,39.4592,39.6800,39.4550,39.6400,13700
1431440695,39.5380,39.6500,39.3900,39.4300,21600
1431440990,39.4500,39.5800,39.4500,39.5300,6500
1431441288,39.6600,39.6600,39.4300,39.4550,11100
1431441544,39.7500,39.7500,39.6070,39.7000,9700
1431441861,39.8850,39.9200,39.7500,39.7950,9700
1431442196,39.9000,40.1085,39.8100,39.9500,11200
1431442438,39.9600,39.9800,39.8200,39.8700,5300
1431442735,39.8150,39.9350,39.8150,39.9100,5400
1431443040,39.8700,39.9300,39.8000,39.8600,8600
1431443394,39.8200,39.9500,39.7900,39.9200,9000
1431443699,39.8150,39.8700,39.8075,39.8200,8400
1431443971,39.8400,39.9000,39.8150,39.8150,22700
1431444285,39.8600,39.9500,39.8000,39.8300,5200
1431444595,39.7500,39.8300,39.7100,39.8300,10000
1431444792,39.8200,39.9025,39.7280,39.7500,5800
1431445165,39.8150,39.8700,39.8000,39.8200,4100
1431445490,39.8200,39.8600,39.7600,39.8150,6300
1431445744,39.8700,39.8700,39.8200,39.8200,5100
1431446058,39.7850,39.8700,39.7600,39.8600,10900
1431446393,39.7500,39.7950,39.6950,39.7800,9400
1431446698,39.7150,39.8100,39.7100,39.7600,7400
1431446995,39.6800,39.7700,39.6200,39.6950,11600
1431447285,39.6460,39.7599,39.6250,39.7000,18000
1431447539,39.6000,39.6636,39.5900,39.6460,3600
1431447873,39.6050,39.6300,39.5100,39.5820,3800
1431448141,39.5900,39.6800,39.5900,39.6050,3400
1431448462,39.6050,39.6050,39.5500,39.5500,2300
1431448743,39.8400,39.8499,39.6200,39.6200,5900
1431449003,39.8261,39.8261,39.7300,39.8100,4000
1431449313,39.8400,39.8500,39.7800,39.8200,2500
1431449676,39.9200,39.9600,39.8200,39.8200,4700
1431449982,39.7650,39.8840,39.7650,39.8600,3500
1431450277,39.7650,39.8500,39.7600,39.7650,5200
1431450540,39.8400,39.8400,39.7750,39.7800,2800
1431450840,39.9300,39.9400,39.8500,39.8500,5900
1431451177,39.7840,39.9100,39.7840,39.8800,3100
1431451470,39.7700,39.8300,39.7400,39.7900,5800
1431451761,39.7450,39.7900,39.7100,39.7700,6500
1431452070,39.8600,39.8700,39.7320,39.7500,7600
1431452352,39.8200,39.8500,39.7800,39.8500,5500
1431452641,39.7850,39.8600,39.7750,39.8400,7000
1431452984,39.8000,39.8500,39.7800,39.7950,3700
1431453293,39.8400,39.8600,39.7500,39.8000,6100
1431453546,39.8090,39.8800,39.7750,39.8401,6000
1431453873,39.7900,39.8700,39.7900,39.8525,2300
1431454176,39.8100,39.8700,39.7700,39.8303,4800
1431454401,39.8000,39.8900,39.7400,39.8500,3800
1431454768,39.7650,39.8200,39.7600,39.8100,5300
1431455080,39.7600,39.8500,39.7600,39.7900,7000
1431455352,39.8200,39.8700,39.7800,39.7800,6100
1431455644,39.8200,39.8430,39.7850,39.8430,6500
1431455980,39.9699,39.9699,39.8300,39.8500,6300
1431456297,39.8600,39.9500,39.8600,39.9400,5000
1431456554,39.9000,39.9400,39.8600,39.8600,4900
1431456891,39.8950,39.8950,39.8400,39.8884,5600
1431457181,39.9000,39.9100,39.8300,39.8950,8400
1431457443,39.9000,39.9300,39.8300,39.8950,11200
1431457769,39.9350,39.9600,39.8950,39.8975,6300
1431458042,39.9850,39.9900,39.9200,39.9350,9200
1431458341,39.9900,40.0200,39.9500,39.9700,8400
1431458640,39.9850,40.0100,39.9600,40.0100,9100
1431458987,39.9100,39.9999,39.9100,39.9850,12300
1431459295,39.9500,39.9850,39.9150,39.9200,18400
1431459542,39.8600,39.9500,39.8100,39.9250,19300
1431459840,39.9900,39.9900,39.8200,39.8400,33300
1431460199,40.1600,40.1600,39.9600,39.9700,24100
1431460442,40.1800,40.1800,40.0400,40.1400,30800
1431460742,40.1300,40.2300,40.0800,40.1800,120200
1431460800,40.1300,40.1300,40.1300,40.1300,0
1431523906,40.3000,40.3042,40.3000,40.3042,0
1431524359,40.0500,40.4428,40.0500,40.4250,3900
1431524603,39.9500,40.2400,39.9300,40.0200,9800
1431524945,40.2166,40.3400,39.9505,40.0300,7100
1431525297,40.2057,40.4000,40.2057,40.2608,3900
1431525558,40.2900,40.3549,40.2100,40.2300,4900
1431525853,40.3050,40.3350,40.1800,40.2700,11900
1431526117,40.3500,40.3500,40.2127,40.2800,6000
1431526497,40.1700,40.3450,40.0700,40.3101,18800
1431526793,40.1100,40.2100,40.1100,40.1900,3000
1431527062,40.2076,40.2076,40.1400,40.1400,2000
1431527281,40.2500,40.2500,40.1800,40.2000,9300
1431527653,40.2165,40.3244,40.2100,40.2600,5500
1431527966,39.9550,40.1800,39.9300,40.1800,7100
1431528241,39.9200,39.9874,39.9200,39.9200,3200
1431528564,39.8600,39.9000,39.8400,39.9000,4000
1431528898,39.9100,39.9200,39.8100,39.8500,34800
1431529165,39.8100,39.8801,39.8100,39.8801,11100
1431529449,39.7000,39.8100,39.6638,39.8100,9600
1431529797,39.7700,39.7850,39.7100,39.7100,5500
1431530018,39.7300,39.7755,39.7200,39.7200,3300
1431530397,39.6700,39.7400,39.6700,39.7400,8800
1431530643,39.6000,39.6800,39.5500,39.6800,5700
1431530949,39.5000,39.6200,39.5000,39.6100,8200
1431531247,39.6400,39.6500,39.4800,39.4800,6100
1431531564,39.5706,39.6799,39.5400,39.6500,5400
1431531745,39.5550,39.5700,39.5300,39.5700,800
1431532155,39.5140,39.5250,39.4700,39.5250,8000
1431532455,39.5350,39.5400,39.4700,39.4950,7600
1431532737,39.4600,39.5296,39.4301,39.5296,4200
1431533081,39.4500,39.4550,39.4300,39.4465,2600
1431533394,39.4700,39.4900,39.4200,39.4200,9000
1431533695,39.4600,39.5000,39.4400,39.4600,1900
1431533993,39.4435,39.4550,39.3800,39.4500,3600
1431534259,39.4600,39.4600,39.4100,39.4350,3200
1431534542,39.4650,39.4650,39.4000,39.4350,5900
1431534891,39.4100,39.4500,39.3600,39.4500,2600
1431535147,39.4360,39.4360,39.3800,39.4200,3000
1431535483,39.4600,39.4900,39.4100,39.4350,9000
1431535723,39.6300,39.6400,39.4900,39.4900,3800
1431536070,39.6400,39.6700,39.5950,39.6600,4300
1431536346,39.6100,39.6600,39.5600,39.6550,3700
1431536654,39.8300,39.8300,39.5950,39.5950,5700
1431536985,39.7400,39.8200,39.7200,39.8200,2300
1431537187,39.7700,39.7700,39.6800,39.7000,1300
1431537560,39.7300,39.7300,39.6000,39.7300,3100
1431537795,39.6200,39.7135,39.6200,39.7050,1900
1431538151,39.7000,39.7000,39.6000,39.6507,3300
1431538417,39.6300,39.7100,39.6300,39.7100,1800
1431538749,39.6800,39.6800,39.6500,39.6655,2100
1431539069,39.7100,39.7600,39.6700,39.6700,3300
1431539350,39.6400,39.7300,39.6400,39.7300,2000
1431539647,39.6700,39.6700,39.5900,39.6100,1300
1431539996,39.7600,39.7600,39.6200,39.6300,6800
1431540258,39.6950,39.8000,39.6700,39.7700,16400
1431540572,39.8000,39.8090,39.6900,39.6900,7100
1431540863,39.8300,39.8300,39.7800,39.8000,12700
1431541144,39.8400,39.8400,39.7300,39.8100,20100
1431541486,39.7800,39.8500,39.7800,39.8300,9400
1431541784,39.8000,39.8300,39.7400,39.7600,2600
1431542040,39.8200,39.8320,39.7600,39.7700,8200
1431542241,39.8365,39.8700,39.8100,39.8500,3600
1431542648,39.8300,39.8395,39.8000,39.8000,3400
1431542983,39.8530,39.8800,39.8200,39.8250,6400
1431543258,39.8500,39.9000,39.8300,39.8530,4500
1431543568,39.8050,39.8800,39.8000,39.8800,4900
1431543884,39.8200,39.8200,39.7910,39.8200,3300
1431544170,39.8400,39.8400,39.7800,39.8000,7600
1431544456,39.8600,39.8600,39.8100,39.8400,4100
1431544719,39.8500,39.8800,39.8400,39.8430,5100
1431545070,39.9300,39.9300,39.8900,39.8900,6900
1431545348,39.8400,39.9500,39.8400,39.9400,5000
1431545691,39.7700,39.8530,39.7700,39.8530,1200
1431545940,39.7758,39.8500,39.7500,39.7600,8200
1431546298,39.8300,39.8600,39.7900,39.7900,11100
1431546594,39.7600,39.8500,39.7600,39.8400,12200
1431546842,39.8300,39.9173,39.7600,39.7650,27200
1431547140,39.7900,39.8300,39.7600,39.8200,105100
1431547200,39.7900,39.7900,39.7900,39.7900,0
1431610472,39.7100,39.9000,39.6200,39.9000,0
1431610789,39.6700,39.8900,39.6000,39.6900,11500
1431611084,39.6300,39.8200,39.5600,39.6500,6400
1431611398,39.3800,39.5800,39.1700,39.5700,22300
1431611662,39.4800,39.6600,39.3400,39.3400,33000
1431611992,39.4700,39.8000,39.4450,39.4800,27500
1431612291,39.6800,39.6800,39.4600,39.4700,5900
1431612594,39.6400,39.6600,39.5600,39.5600,2700
1431612897,39.7600,39.7900,39.6400,39.6700,11500
1431613163,39.5800,39.8000,39.5800,39.7800,3900
1431613441,39.4400,39.6000,39.4400,39.5500,9900
1431613743,39.5100,39.5200,39.4400,39.4400,3900
1431614090,39.4500,39.6035,39.4100,39.5300,4300
1431614290,39.4066,39.4400,39.3700,39.4400,2000
1431614642,39.4100,39.4500,39.3500,39.3900,6500
1431614987,39.6000,39.6000,39.4000,39.4000,8800
1431615299,39.6100,39.6400,39.5500,39.6000,15600
1431615588,39.7400,39.7600,39.6200,39.6200,8000
1431615818,39.8850,39.9300,39.7100,39.7100,4900
1431616151,40.0500,40.1100,39.8700,39.9004,9500
1431616470,40.1100,40.1300,40.0500,40.0700,3500
1431616774,40.0600,40.1084,40.0400,40.0604,6400
1431617014,40.0500,40.0640,40.0400,40.0400,400
1431617380,40.0100,40.0300,39.9500,40.0300,7600
1431617691,39.9500,40.0000,39.9500,40.0000,1100
1431617967,39.9300,39.9800,39.9300,39.9500,1700
1431618199,39.9000,39.9600,39.9000,39.9600,400
1431618563,39.9000,39.9000,39.8420,39.8900,3300
1431618720,39.8400,39.8700,39.8400,39.8699,700
1431619148,39.8000,39.8700,39.7700,39.8506,3300
1431619461,39.8300,39.8300,39.7700,39.8100,3500
1431619793,39.8032,39.9000,39.8000,39.8500,1400
1431620040,39.8800,39.8800,39.7600,39.8020,5600
1431620353,39.9200,39.9200,39.8400,39.8800,3200
1431620667,39.9100,39.9500,39.9005,39.9300,3900
1431620999,39.9500,39.9500,39.9000,39.9100,2800
1431621284,40.0800,40.1200,39.9500,39.9600,4700
1431621554,40.0650,40.1200,40.0089,40.0500,5500
1431621899,40.1000,40.1701,40.0200,40.1200,5300
1431622020,40.1300,40.1800,40.1200,40.1500,1200
                                                                                                                                                                               