uri:/instrument/1.0/SLRC/chartdata;type=quote;range=1d/csv
ticker:slrc
Company-Name:Solar Capital Ltd.
Exchange-Name:NMS
unit:MIN
timezone:EDT
currency:USD
gmtoffset:-14400
previous_close:18.7700
Timestamp:1431523800,1431547200
labels:1431525600,1431529200,1431532800,1431536400,1431540000,1431543600,1431547200
values:Timestamp,close,high,low,open,volume
close:18.6600,18.8200
high:18.6600,18.8200
low:18.6500,18.8200
open:18.6600,18.8200
volume:100,32100
1431523979,18.7800,18.7800,18.7700,18.7700,32100
1431524337,18.7600,18.7800,18.7600,18.7800,200
1431524357,18.7100,18.7650,18.7000,18.7600,2200
1431524629,18.7100,18.7500,18.7100,18.7300,400
1431524698,18.7210,18.7210,18.7210,18.7210,100
1431524781,18.7300,18.7400,18.7300,18.7400,400
1431524838,18.7300,18.7300,18.7200,18.7200,800
1431524942,18.7700,18.7700,18.7600,18.7700,400
1431525024,18.7800,18.7800,18.7800,18.7800,900
1431525187,18.7500,18.7500,18.7500,18.7500,400
1431525329,18.7700,18.7700,18.7600,18.7600,200
1431525384,18.7600,18.7600,18.7600,18.7600,400
1431525514,18.7700,18.7700,18.7700,18.7700,300
1431525567,18.7700,18.7700,18.7700,18.7700,400
1431525651,18.8100,18.8100,18.8000,18.8000,200
1431525670,18.8200,18.8200,18.8200,18.8200,100
1431525720,18.8000,18.8000,18.8000,18.8000,500
1431525838,18.7640,18.7900,18.7640,18.7900,300
1431526059,18.7900,18.7950,18.7900,18.7950,600
1431526130,18.7500,18.7500,18.7500,18.7500,100
1431526141,18.7900,18.8000,18.7500,18.7500,2100
1431526372,18.7700,18.7900,18.7700,18.7900,500
1431526459,18.7900,18.7900,18.7800,18.7800,600
1431526633,18.7900,18.7900,18.7900,18.7900,200
1431526762,18.7850,18.7900,18.7800,18.7900,900
1431526851,18.7900,18.7900,18.7900,18.7900,100
1431526960,18.7850,18.7900,18.7800,18.7800,800
1431527168,18.7900,18.7900,18.7900,18.7900,100
1431527272,18.7900,18.7900,18.7800,18.7800,300
1431527317,18.7850,18.7900,18.7850,18.7850,1100
1431527396,18.7850,18.7875,18.7850,18.7850,400
1431527421,18.7500,18.7800,18.7500,18.7800,3700
1431527512,18.7740,18.7740,18.7740,18.7740,100
1431527544,18.7600,18.7700,18.7600,18.7700,300
1431527633,18.7600,18.7600,18.7600,18.7600,300
1431527654,18.7520,18.7600,18.7500,18.7600,300
1431527741,18.7600,18.7600,18.7500,18.7500,200
1431527898,18.7600,18.7600,18.7600,18.7600,100
1431527948,18.7625,18.7625,18.7625,18.7625,100
1431528113,18.7700,18.7700,18.7650,18.7650,200
1431528126,18.7600,18.7600,18.7600,18.7600,100
1431528207,18.7650,18.7650,18.7650,18.7650,200
1431528545,18.7600,18.7600,18.7600,18.7600,100
1431528633,18.7700,18.7700,18.7700,18.7700,100
1431528692,18.7600,18.7650,18.7600,18.7600,400
1431528720,18.7600,18.7650,18.7600,18.7600,600
1431528852,18.7600,18.7700,18.7600,18.7600,800
1431529199,18.7500,18.7600,18.7500,18.7600,4600
1431529221,18.7500,18.7500,18.7500,18.7500,1400
1431529310,18.7550,18.7550,18.7550,18.7550,100
1431529374,18.7500,18.7500,18.7500,18.7500,300
1431529425,18.7045,18.7500,18.7000,18.7500,7000
1431529442,18.7000,18.7000,18.7000,18.7000,200
1431529747,18.7200,18.7200,18.7000,18.7100,500
1431529865,18.7000,18.7100,18.7000,18.7100,300
1431529974,18.7000,18.7200,18.7000,18.7200,600
1431530001,18.7100,18.7100,18.7000,18.7000,400
1431530157,18.7100,18.7100,18.7100,18.7100,1000
1431530229,18.7600,18.7600,18.7200,18.7200,1100
1431530556,18.7600,18.7600,18.7600,18.7600,400
1431530784,18.7700,18.7700,18.7700,18.7700,100
1431530873,18.7600,18.7600,18.7600,18.7600,100
1431530961,18.7500,18.7500,18.7500,18.7500,200
1431531429,18.7600,18.7600,18.7600,18.7600,200
1431531490,18.7600,18.7700,18.7600,18.7700,1000
1431531766,18.7600,18.7600,18.7600,18.7600,100
1431532067,18.7637,18.7637,18.7637,18.7637,500
1431533063,18.7600,18.7600,18.7600,18.7600,100
1431533376,18.7600,18.7600,18.7600,18.7600,200
1431533837,18.7600,18.7700,18.7600,18.7700,300
1431534174,18.7500,18.7600,18.7500,18.7600,1300
1431534235,18.7500,18.7500,18.7500,18.7500,300
1431534375,18.7500,18.7600,18.7500,18.7600,1200
1431534534,18.7500,18.7500,18.7500,18.7500,200
1431534647,18.7520,18.7520,18.7500,18.7500,200
1431534685,18.7500,18.7500,18.7500,18.7500,200
1431534778,18.7500,18.7500,18.7500,18.7500,100
1431534856,18.7500,18.7500,18.7500,18.7500,100
1431534987,18.7500,18.7500,18.7500,18.7500,100
1431535123,18.7500,18.7600,18.7500,18.7600,600
1431535618,18.7500,18.7500,18.7500,18.7500,100
1431535792,18.7500,18.7500,18.7500,18.7500,100
1431535859,18.7600,18.7600,18.7600,18.7600,100
1431535909,18.7600,18.7600,18.7600,18.7600,300
1431535941,18.7500,18.7500,18.7500,18.7500,200
1431536598,18.7600,18.7600,18.7600,18.7600,200
1431536796,18.7500,18.7600,18.7500,18.7600,600
1431536820,18.7600,18.7600,18.7500,18.7500,2100
1431537288,18.7500,18.7500,18.7500,18.7500,200
1431537337,18.7500,18.7500,18.7500,18.7500,100
1431537443,18.7500,18.7500,18.7500,18.7500,200
1431537517,18.7500,18.7500,18.7500,18.7500,200
1431537634,18.7500,18.7500,18.7500,18.7500,300
1431538033,18.7500,18.7500,18.7500,18.7500,100
1431538104,18.7500,18.7500,18.7500,18.7500,100
1431538156,18.7500,18.7600,18.7500,18.7600,200
1431538205,18.7600,18.7600,18.7600,18.7600,300
1431538390,18.7600,18.7600,18.7600,18.7600,300
1431538634,18.7500,18.7507,18.7500,18.7507,400
1431538773,18.7550,18.7550,18.7550,18.7550,100
1431538841,18.7500,18.7600,18.7500,18.7550,500
1431538921,18.7500,18.7500,18.7500,18.7500,200
1431539203,18.7600,18.7600,18.7600,18.7600,400
1431539737,18.7500,18.7500,18.7500,18.7500,100
1431540118,18.7550,18.7550,18.7550,18.7550,100
1431540200,18.7600,18.7600,18.7600,18.7600,200
1431540553,18.7500,18.7500,18.7500,18.7500,100
1431540958,18.7500,18.7500,18.7500,18.7500,300
1431541063,18.7500,18.7500,18.7500,18.7500,200
1431541085,18.7500,18.7555,18.7500,18.7500,900
1431541335,18.8200,18.8200,18.7550,18.7550,3100
1431541439,18.8000,18.8100,18.8000,18.8100,3200
1431541444,18.8000,18.8000,18.8000,18.8000,300
1431541548,18.8000,18.8000,18.8000,18.8000,300
1431541594,18.8000,18.8000,18.8000,18.8000,400
1431541642,18.8000,18.8001,18.8000,18.8000,8700
1431541701,18.8000,18.8000,18.8000,18.8000,100
1431541751,18.7900,18.7900,18.7900,18.7900,100
1431541808,18.7900,18.7900,18.7900,18.7900,500
1431541867,18.7800,18.7800,18.7800,18.7800,200
1431541944,18.7800,18.7850,18.7800,18.7850,300
1431541986,18.7880,18.7880,18.7700,18.7700,1100
1431542185,18.7700,18.7700,18.7700,18.7700,400
1431542317,18.7800,18.7800,18.7800,18.7800,100
1431542376,18.7700,18.7750,18.7700,18.7750,300
1431542477,18.7700,18.7700,18.7700,18.7700,500
1431542612,18.7700,18.7700,18.7700,18.7700,800
1431542783,18.7700,18.7700,18.7700,18.7700,200
1431542870,18.7600,18.7600,18.7600,18.7600,100
1431542909,18.7605,18.7700,18.7600,18.7600,1600
1431543168,18.7600,18.7700,18.7500,18.7500,400
1431543186,18.7600,18.7600,18.7600,18.7600,200
1431543273,18.7600,18.7600,18.7600,18.7600,200
1431543435,18.7500,18.7500,18.7500,18.7500,300
1431543495,18.7500,18.7500,18.7500,18.7500,500
1431543559,18.7500,18.7500,18.7500,18.7500,200
1431543618,18.7500,18.7500,18.7500,18.7500,200
1431543661,18.7610,18.7610,18.7500,18.7500,900
1431543819,18.7600,18.7600,18.7600,18.7600,100
1431543924,18.7600,18.7600,18.7600,18.7600,800
1431544062,18.7600,18.7600,18.7600,18.7600,100
1431544196,18.7600,18.7600,18.7500,18.7600,500
1431544244,18.7500,18.7500,18.7500,18.7500,300
1431544260,18.7500,18.7500,18.7500,18.7500,300
1431544509,18.7501,18.7501,18.7500,18.7500,300
1431544577,18.7500,18.7500,18.7500,18.7500,200
1431544656,18.7500,18.7550,18.7500,18.7500,800
1431544699,18.7500,18.7500,18.7500,18.7500,200
1431544793,18.7500,18.7500,18.7500,18.7500,500
1431544801,18.7500,18.7576,18.7500,18.7576,500
1431544958,18.7200,18.7500,18.7200,18.7500,2600
1431544980,18.7200,18.7300,18.7200,18.7300,1200
1431545090,18.7200,18.7300,18.7200,18.7300,3200
1431545138,18.7299,18.7299,18.7299,18.7299,100
1431545172,18.7200,18.7200,18.7200,18.7200,1200
1431545249,18.7200,18.7200,18.7100,18.7100,500
1431545320,18.7100,18.7100,18.7100,18.7100,300
1431545341,18.7100,18.7100,18.7100,18.7100,500
1431545462,18.7120,18.7165,18.7100,18.7165,700
1431545665,18.7100,18.7100,18.7100,18.7100,400
1431545749,18.7110,18.7110,18.7110,18.7110,100
1431545809,18.7200,18.7200,18.7150,18.7150,900
1431545822,18.7135,18.7135,18.7135,18.7135,100
1431545913,18.7150,18.7150,18.7150,18.7150,200
1431545956,18.7100,18.7110,18.7100,18.7110,600
1431546033,18.7100,18.7200,18.7100,18.7100,500
1431546066,18.7200,18.7200,18.7200,18.7200,200
1431546225,18.7200,18.7300,18.7200,18.7200,1700
1431546294,18.7235,18.7235,18.7200,18.7200,400
1431546313,18.7300,18.7300,18.7300,18.7300,200
1431546451,18.7200,18.7200,18.7200,18.7200,900
1431546511,18.7200,18.7200,18.7200,18.7200,300
1431546570,18.7100,18.7100,18.7100,18.7100,3400
1431546640,18.6900,18.6910,18.6800,18.6800,1600
1431546696,18.7000,18.7000,18.6900,18.6900,2200
1431546776,18.6900,18.7010,18.6820,18.7010,800
1431546839,18.6800,18.6800,18.6800,18.6800,300
1431546895,18.6810,18.6810,18.6810,18.6810,200
1431546957,18.6800,18.6900,18.6800,18.6900,3400
1431546966,18.6800,18.6800,18.6800,18.6800,900
1431547028,18.6700,18.6700,18.6700,18.6700,300
1431547144,18.6700,18.6700,18.6700,18.6700,100
1431547199,18.6600,18.7100,18.6500,18.6610,3500
1431547200,18.6600,18.6600,18.6600,18.6600,300
                                             