uri:/instrument/1.0/SODA/chartdata;type=quote;range=1d/csv
ticker:soda
Company-Name:SodaStream International Ltd.
Exchange-Name:NMS
unit:MIN
timezone:EDT
currency:USD
gmtoffset:-14400
previous_close:21.5000
Timestamp:1431437400,1431460800
labels:1431439200,1431442800,1431446400,1431450000,1431453600,1431457200,1431460800
values:Timestamp,close,high,low,open,volume
close:21.4400,22.0500
high:21.4401,22.0500
low:21.4400,22.0500
open:21.4401,22.0500
volume:0,20100
1431437400,22.0500,22.0500,22.0500,22.0500,7000
1431437509,22.0200,22.0200,21.9700,22.0200,1800
1431437553,22.0000,22.0100,22.0000,22.0100,1200
1431437639,22.0200,22.0200,22.0000,22.0000,1400
1431437695,22.0000,22.0001,22.0000,22.0001,600
1431437756,22.0000,22.0255,22.0000,22.0000,1500
1431437805,21.9600,22.0200,21.9600,22.0000,5800
1431437874,21.9600,21.9600,21.9300,21.9300,600
1431437934,21.8800,21.9600,21.8800,21.9600,500
1431437950,22.0000,22.0000,21.8800,21.8800,5900
1431438027,21.9900,21.9900,21.9900,21.9900,200
1431438063,22.0200,22.0200,22.0200,22.0200,700
1431438161,22.0000,22.0200,21.9800,22.0000,1600
1431438231,22.0000,22.0000,21.9500,22.0000,1800
1431438298,21.9600,22.0000,21.9500,21.9500,700
1431438355,21.9900,22.0000,21.9400,21.9501,1500
1431438398,21.9400,21.9400,21.9400,21.9400,900
1431438453,21.9000,21.9400,21.9000,21.9400,1200
1431438513,21.8400,21.9300,21.8000,21.9100,20100
1431438590,21.8800,21.9200,21.8400,21.8800,3000
1431438659,21.9500,21.9500,21.8800,21.9150,800
1431438779,21.9000,22.0000,21.9000,21.9600,3700
1431438780,21.9200,21.9700,21.9100,21.9100,1900
1431438942,21.8500,21.9200,21.7700,21.9200,9400
1431439014,21.8654,21.8654,21.8654,21.8654,100
1431439076,21.8300,21.8700,21.8300,21.8700,1700
1431439105,21.7906,21.8100,21.7500,21.8100,4800
1431439221,21.7000,21.7700,21.6900,21.7700,1200
1431439305,21.7110,21.7110,21.7110,21.7110,100
1431439374,21.7200,21.7200,21.7200,21.7200,300
1431439408,21.8000,21.8000,21.7500,21.7500,400
1431439549,21.7500,21.8000,21.7500,21.8000,200
1431439638,21.7200,21.7800,21.7200,21.7800,1600
1431439700,21.7655,21.7700,21.7600,21.7600,800
1431439820,21.7900,21.7900,21.7800,21.7800,800
1431439966,21.7900,21.8200,21.7900,21.8000,700
1431440028,21.7800,21.8100,21.7800,21.8000,1700
1431440099,21.7800,21.8200,21.7800,21.8200,4200
1431440159,21.7700,21.7800,21.7100,21.7600,1100
1431440168,21.7700,21.7900,21.7300,21.7700,900
1431440263,21.8000,21.8000,21.7800,21.7968,700
1431440292,21.7700,21.8100,21.7700,21.8100,400
1431440364,21.7700,21.7800,21.7700,21.7800,600
1431440464,21.7595,21.7595,21.7400,21.7500,1100
1431440566,21.7750,21.7750,21.7750,21.7750,100
1431440580,21.7789,21.7789,21.7789,21.7789,200
1431440699,21.7750,21.7800,21.7700,21.7750,700
1431440740,21.6900,21.7750,21.6900,21.7750,6000
1431440817,21.7200,21.7300,21.7100,21.7300,700
1431440864,21.6700,21.7000,21.5800,21.7000,11600
1431440932,21.6300,21.7000,21.6300,21.7000,4800
1431440958,21.6600,21.6600,21.6400,21.6400,800
1431441006,21.6500,21.6700,21.6306,21.6600,4800
1431441087,21.6000,21.6350,21.6000,21.6300,1600
1431441179,21.6500,21.6600,21.6000,21.6100,7200
1431441237,21.6600,21.6700,21.6500,21.6700,2800
1431441292,21.6000,21.6700,21.6000,21.6650,4100
1431441306,21.6200,21.6200,21.6000,21.6000,500
1431441400,21.5600,21.6300,21.5600,21.6300,3100
1431441471,21.6100,21.6100,21.5600,21.5700,1700
1431441509,21.5600,21.6000,21.5200,21.5700,5400
1431441545,21.6500,21.6500,21.6000,21.6000,700
1431441685,21.6200,21.6900,21.6200,21.6700,7100
1431441779,21.6300,21.6700,21.6300,21.6560,900
1431441832,21.6400,21.6700,21.6400,21.6699,700
1431441843,21.6400,21.6900,21.6400,21.6700,500
1431441923,21.6700,21.7000,21.6200,21.6200,2000
1431442021,21.7000,21.7000,21.6700,21.6900,4100
1431442131,21.6900,21.7050,21.6900,21.7050,1100
1431442199,21.6500,21.7000,21.6500,21.7000,900
1431442259,21.6500,21.6800,21.6500,21.6600,1500
1431442316,21.6500,21.6700,21.6500,21.6600,4900
1431442370,21.6650,21.6650,21.6650,21.6650,100
1431442546,21.6900,21.7000,21.6600,21.6800,3100
1431442613,21.6899,21.6899,21.6899,21.6899,100
1431442679,21.6400,21.6850,21.6400,21.6800,1500
1431442722,21.6200,21.6300,21.5800,21.6300,2200
1431442800,21.6100,21.6599,21.6100,21.6599,700
1431442915,21.6300,21.6700,21.6300,21.6700,1200
1431443003,21.6600,21.6600,21.6600,21.6600,100
1431443060,21.6650,21.6700,21.6600,21.6700,1500
1431443152,21.6900,21.7050,21.6900,21.7000,1000
1431443165,21.6600,21.7100,21.6600,21.6900,7200
1431443239,21.6800,21.6800,21.6700,21.6700,300
1431443293,21.6300,21.6700,21.6200,21.6700,2400
1431443355,21.6400,21.6400,21.6400,21.6400,100
1431443475,21.6400,21.6600,21.6400,21.6600,300
1431443558,21.6401,21.6401,21.6401,21.6401,100
1431443589,21.6600,21.6600,21.6400,21.6599,3100
1431443686,21.6200,21.6500,21.6200,21.6500,1500
1431443734,21.6300,21.6446,21.6300,21.6446,300
1431443764,21.6200,21.6300,21.6000,21.6300,1600
1431443850,21.5900,21.6050,21.5900,21.6000,500
1431443914,21.5900,21.5900,21.5900,21.5900,200
1431444082,21.6100,21.6200,21.6001,21.6200,600
1431444236,21.6400,21.6400,21.6300,21.6300,900
1431444267,21.6300,21.6400,21.6300,21.6400,600
1431444348,21.6010,21.6100,21.6000,21.6100,600
1431444412,21.6000,21.6110,21.5900,21.5900,900
1431444431,21.5700,21.6000,21.5700,21.6000,1600
1431444599,21.5800,21.6100,21.5700,21.5700,4700
1431444602,21.5700,21.5700,21.5600,21.5700,500
1431444717,21.5239,21.5401,21.5100,21.5400,4400
1431444735,21.5400,21.5400,21.5000,21.5000,1000
1431444981,21.5700,21.5700,21.5600,21.5600,500
1431445122,21.6200,21.6200,21.5700,21.5800,4300
1431445192,21.5900,21.6100,21.5900,21.6000,2000
1431445238,21.6100,21.6100,21.6100,21.6100,200
1431445488,21.6100,21.6100,21.6000,21.6000,700
1431445570,21.6554,21.6554,21.6554,21.6554,1800
1431445653,21.6573,21.6600,21.6573,21.6590,1000
1431445710,21.6700,21.6700,21.6700,21.6700,2800
1431445756,21.6700,21.6700,21.6699,21.6699,2400
1431445849,21.6600,21.6600,21.6600,21.6600,1300
1431445860,21.6480,21.6480,21.6480,21.6480,100
1431445974,21.6500,21.6500,21.6500,21.6500,300
1431446268,21.6401,21.6401,21.6401,21.6401,200
1431446330,21.6400,21.6400,21.6400,21.6400,100
1431446399,21.5900,21.6450,21.5900,21.6400,2500
1431446448,21.5900,21.5900,21.5700,21.5700,400
1431446467,21.5800,21.5800,21.5800,21.5800,400
1431446564,21.5400,21.5600,21.5400,21.5600,400
1431446632,21.5101,21.5101,21.5101,21.5101,600
1431446663,21.5108,21.5108,21.5108,21.5108,300
1431446860,21.5492,21.5492,21.5492,21.5492,500
1431446930,21.5500,21.5500,21.5200,21.5200,1300
1431446972,21.5400,21.5699,21.5300,21.5300,1100
1431447008,21.5200,21.5200,21.5200,21.5200,400
1431447072,21.4400,21.5100,21.4400,21.5100,1800
1431447156,21.4400,21.4401,21.4400,21.4401,600
1431447273,21.4900,21.4900,21.4900,21.4900,200
1431447441,21.5000,21.5100,21.5000,21.5000,1400
1431447535,21.5200,21.5300,21.5100,21.5300,700
1431447562,21.5400,21.5400,21.5250,21.5250,2000
1431447633,21.5500,21.5500,21.5500,21.5500,100
1431447720,21.5200,21.5200,21.5200,21.5200,100
1431448030,21.5500,21.5500,21.5500,21.5500,100
1431448092,21.5800,21.5800,21.5799,21.5799,700
1431448180,21.6000,21.6100,21.6000,21.6000,1600
1431448450,21.5600,21.5600,21.5600,21.5600,100
1431448714,21.6000,21.6000,21.6000,21.6000,200
1431448793,21.5900,21.5900,21.5800,21.5900,1400
1431448852,21.6150,21.6200,21.5800,21.5800,2100
1431448888,21.6150,21.6150,21.6100,21.6100,500
1431449030,21.6000,21.6000,21.6000,21.6000,200
1431449065,21.6200,21.6200,21.6100,21.6100,200
1431449510,21.6200,21.6200,21.6200,21.6200,300
1431449576,21.6300,21.6300,21.6101,21.6101,400
1431449619,21.6600,21.6600,21.6600,21.6600,100
1431449718,21.6400,21.6700,21.6400,21.6700,2200
1431449923,21.6600,21.6600,21.6500,21.6500,1100
1431450049,21.6700,21.6700,21.6700,21.6700,300
1431450096,21.6600,21.6605,21.6600,21.6605,200
1431450170,21.6500,21.6600,21.6500,21.6600,1200
1431450229,21.6500,21.6500,21.6500,21.6500,200
1431450249,21.6500,21.6600,21.6500,21.6600,400
1431450454,21.6600,21.6700,21.6600,21.6700,200
1431450480,21.6700,21.6700,21.6600,21.6600,300
1431450659,21.6750,21.6750,21.6700,21.6700,3400
1431450663,21.6800,21.6800,21.6700,21.6700,4200
1431450828,21.6700,21.6800,21.6700,21.6700,1300
1431450899,21.6750,21.6900,21.6750,21.6750,10500
1431450902,21.6200,21.6750,21.6200,21.6750,2800
1431450967,21.6100,21.6100,21.6100,21.6100,200
1431451117,21.6100,21.6100,21.6100,21.6100,300
1431451215,21.6212,21.6212,21.6212,21.6212,100
1431451497,21.6400,21.6400,21.6300,21.6300,800
1431451518,21.6700,21.6700,21.6700,21.6700,100
1431451919,21.6600,21.6600,21.6300,21.6300,1100
1431451979,21.6400,21.6650,21.6400,21.6600,800
1431452033,21.6500,21.6500,21.6400,21.6400,700
1431452042,21.6301,21.6301,21.6300,21.6301,900
1431452149,21.6500,21.6500,21.6500,21.6500,200
1431452207,21.6300,21.6500,21.6300,21.6499,2400
1431452228,21.6000,21.6000,21.6000,21.6000,2700
1431452469,21.5600,21.5600,21.5600,21.5600,100
1431452591,21.5980,21.5980,21.5980,21.5980,700
1431452699,21.6000,21.6000,21.5900,21.5900,600
1431452731,21.6000,21.6000,21.6000,21.6000,300
1431453029,21.6200,21.6200,21.6200,21.6200,100
1431453099,21.6300,21.6300,21.6200,21.6200,1000
1431453162,21.6300,21.6400,21.6300,21.6400,500
1431453194,21.6100,21.6200,21.6100,21.6200,700
1431453352,21.5950,21.5950,21.5900,21.5900,300
1431453500,21.5900,21.6000,21.5800,21.5800,600
1431453580,21.6100,21.6100,21.6100,21.6100,100
1431453707,21.6200,21.6200,21.6100,21.6100,400
1431453750,21.6268,21.6268,21.6268,21.6268,300
1431453809,21.6400,21.6400,21.6400,21.6400,500
1431453857,21.6300,21.6300,21.6300,21.6300,400
1431453924,21.6000,21.6100,21.6000,21.6100,700
1431454178,21.6000,21.6000,21.6000,21.6000,200
1431454203,21.6100,21.6100,21.6100,21.6100,300
1431454361,21.6110,21.6110,21.5900,21.6000,3800
1431454520,21.6200,21.6200,21.6200,21.6200,100
1431454714,21.6100,21.6100,21.5950,21.5950,300
1431454836,21.5800,21.6100,21.5800,21.6100,200
1431454918,21.5800,21.5800,21.5800,21.5800,100
1431455012,21.6100,21.6100,21.6100,21.6100,400
1431455094,21.6400,21.6400,21.6400,21.6400,100
1431455154,21.6400,21.6400,21.6300,21.6400,500
1431455162,21.6100,21.6300,21.6100,21.6300,500
1431455221,21.6000,21.6000,21.6000,21.6000,100
1431455333,21.6200,21.6200,21.6000,21.6000,400
1431455349,21.6500,21.6500,21.6500,21.6500,100
1431455570,21.6300,21.6500,21.6300,21.6500,300
1431455582,21.6300,21.6300,21.6300,21.6300,300
1431455804,21.6300,21.6300,21.6300,21.6300,200
1431455838,21.6100,21.6100,21.6100,21.6100,100
1431455904,21.6100,21.6100,21.6100,21.6100,300
1431455957,21.5800,21.6000,21.5800,21.6000,400
1431456090,21.6000,21.6000,21.6000,21.6000,100
1431456133,21.5700,21.5800,21.5700,21.5800,500
1431456334,21.5700,21.5900,21.5600,21.5700,2600
1431456538,21.5300,21.5700,21.5000,21.5700,3400
1431456579,21.5450,21.5500,21.5400,21.5500,400
1431456649,21.5400,21.5400,21.5400,21.5400,200
1431456724,21.5500,21.5500,21.5500,21.5500,100
1431456784,21.5200,21.5500,21.5200,21.5500,400
1431456879,21.5400,21.5400,21.5400,21.5400,100
1431457044,21.5500,21.5500,21.5400,21.5465,300
1431457192,21.5000,21.5100,21.5000,21.5100,900
1431457258,21.5300,21.5300,21.5000,21.5300,800
1431457427,21.5400,21.5600,21.5000,21.5300,2400
1431457485,21.5000,21.5300,21.5000,21.5300,700
1431457516,21.5100,21.5100,21.4800,21.5100,3700
1431457564,21.4500,21.5000,21.4500,21.5000,2100
1431457629,21.5100,21.5100,21.5100,21.5100,100
1431457697,21.4600,21.4640,21.4600,21.4640,1400
1431457848,21.5000,21.5000,21.4999,21.5000,700
1431457919,21.5200,21.5600,21.5000,21.5000,8000
1431457928,21.5100,21.5300,21.5100,21.5300,700
1431457991,21.4850,21.4850,21.4700,21.4800,1600
1431458080,21.5000,21.5000,21.5000,21.5000,100
1431458149,21.4940,21.4940,21.4800,21.4800,1200
1431458242,21.4700,21.5000,21.4700,21.5000,1300
1431458329,21.4800,21.5000,21.4600,21.4600,6100
1431458378,21.4630,21.4640,21.4630,21.4640,1000
1431458431,21.5000,21.5100,21.4730,21.4750,3600
1431458474,21.4900,21.5050,21.4900,21.4900,800
1431458535,21.4800,21.4920,21.4700,21.4900,2000
1431458614,21.4900,21.4900,21.4700,21.4700,1100
1431458644,21.4730,21.4740,21.4730,21.4740,1000
1431458743,21.4900,21.5000,21.4700,21.4900,2100
1431458938,21.4950,21.4950,21.4900,21.4900,800
1431458942,21.5100,21.5100,21.4830,21.4830,2500
1431459223,21.5200,21.5350,21.5200,21.5350,1000
1431459294,21.5100,21.5500,21.5050,21.5500,2600
1431459332,21.4600,21.5100,21.4600,21.5000,500
1431459478,21.5100,21.5100,21.5100,21.5100,100
1431459519,21.5000,21.5000,21.4900,21.4900,800
1431459595,21.4900,21.5000,21.4800,21.5000,500
1431459648,21.4700,21.4800,21.4700,21.4800,900
1431459670,21.4600,21.4600,21.4600,21.4600,500
1431459822,21.4600,21.4600,21.4600,21.4600,400
1431459848,21.4700,21.4750,21.4600,21.4700,3400
1431459957,21.4800,21.4800,21.4800,21.4800,1600
1431460016,21.5050,21.5100,21.4900,21.4900,3300
1431460062,21.4900,21.5100,21.4900,21.5100,2000
1431460139,21.5000,21.5000,21.4800,21.4996,3000
1431460140,21.5000,21.5000,21.4700,21.5000,1700
1431460258,21.4800,21.5100,21.4800,21.5000,1800
1431460264,21.4900,21.5000,21.4800,21.4800,2200
1431460372,21.5200,21.5200,21.5000,21.5000,2300
1431460385,21.5150,21.5200,21.5000,21.5200,4200
1431460495,21.4800,21.5250,21.4800,21.5200,3900
1431460555,21.4950,21.4999,21.4750,21.4900,5800
1431460612,21.5000,21.5100,21.4950,21.4950,2200
1431460675,21.4850,21.5100,21.4850,21.5100,2500
1431460725,21.4850,21.4900,21.4850,21.4900,400
1431460744,21.4900,21.5000,21.4700,21.4800,13200
1431460745,21.4800,21.4800,21.4800,21.4800,0
1431460800,21.5000,21.5000,21.5000,21.5000,9100
                                                                                               