uri:/instrument/1.0/STBZ/chartdata;type=quote;range=500d/csv
ticker:stbz
Company-Name:State Bank Financial Corporatio
Exchange-Name:NCM
unit:MIN
timezone:EDT
currency:USD
gmtoffset:-14400
previous_close:19.9200
range:20150424,1429882200,1429905600
range:20150427,1430141400,1430164800
range:20150428,1430227800,1430251200
range:20150429,1430314200,1430337600
range:20150430,1430400600,1430424000
range:20150501,1430487000,1430510400
range:20150504,1430746200,1430769600
range:20150505,1430832600,1430856000
range:20150506,1430919000,1430942400
range:20150507,1431005400,1431028800
range:20150508,1431091800,1431115200
range:20150511,1431351000,1431374400
range:20150512,1431437400,1431460800
range:20150513,1431523800,1431547200
range:20150514,1431610200,1431633600
Timestamp:1429882200,1431633600
labels:1429882200,1430141400,1430227800,1430314200,1430400600,1430487000,1430746200,1430832600,1430919000,1431005400,1431091800,1431351000,1431437400,1431523800,1431610200
values:Timestamp,close,high,low,open,volume
close:19.6300,21.1900
high:19.6500,21.1900
low:19.6200,21.1400
open:19.6300,21.1400
volume:0,31200
1429882200,20.9800,20.9800,20.9800,20.9800,900
1429882785,20.9200,20.9600,20.8900,20.8900,1600
1429882969,20.9000,20.9200,20.8700,20.9200,1700
1429883359,20.8900,20.9000,20.8800,20.8900,2400
1429883521,20.8900,20.8900,20.8800,20.8900,3500
1429883770,20.8900,20.8900,20.8900,20.8900,300
1429884260,20.7805,20.9000,20.7800,20.8900,21800
1429884405,20.8400,20.8400,20.8400,20.8400,200
1429884887,20.8900,20.8900,20.8500,20.8500,2100
1429885179,20.8800,20.8900,20.8600,20.8900,1600
1429885477,20.8900,20.8900,20.8700,20.8700,1100
1429885760,20.8900,20.9000,20.8900,20.8900,1900
1429886016,20.8900,20.9100,20.8800,20.8900,5700
1429886347,20.8900,20.8900,20.8700,20.8800,2300
1429886664,20.9300,20.9600,20.8800,20.8900,5500
1429886848,20.9050,20.9400,20.9050,20.9100,300
1429887285,20.9700,20.9700,20.9150,20.9150,400
1429887546,20.9600,20.9600,20.9200,20.9400,31200
1429887708,20.9500,20.9600,20.9400,20.9400,300
1429888164,20.9600,20.9600,20.9600,20.9600,300
1429888491,20.9200,20.9400,20.9200,20.9350,3000
1429888787,20.9000,20.9200,20.8900,20.9200,3400
1429889093,20.8800,20.8900,20.8500,20.8900,2100
1429889353,20.8900,20.8900,20.8900,20.8900,400
1429889583,20.8800,20.8900,20.8700,20.8800,1900
1429889992,20.8650,20.8700,20.8500,20.8500,2900
1429890279,20.8600,20.8700,20.8600,20.8700,1700
1429890350,20.8600,20.8700,20.8600,20.8700,500
1429890867,20.8400,20.8400,20.8400,20.8400,400
1429890930,20.8600,20.8600,20.8600,20.8600,100
1429891751,20.7900,20.8400,20.7900,20.8400,7600
1429891998,20.8000,20.8200,20.7900,20.8000,500
1429892326,20.7900,20.8000,20.7900,20.8000,200
1429892590,20.8000,20.8100,20.8000,20.8000,1300
1429892951,20.8100,20.8100,20.7800,20.7900,1100
1429893297,20.8100,20.8110,20.8100,20.8110,300
1429893492,20.8200,20.8200,20.7900,20.7900,1700
1429894010,20.8100,20.8100,20.7900,20.7900,1600
1429894430,20.8000,20.8000,20.8000,20.8000,100
1429894722,20.8000,20.8000,20.7900,20.7900,2200
1429895040,20.8300,20.8300,20.7900,20.8000,1500
1429895392,20.8100,20.8600,20.8100,20.8300,2600
1429895534,20.8100,20.8100,20.7700,20.8000,2100
1429895908,20.8000,20.8000,20.8000,20.8000,200
1429896593,20.8100,20.8200,20.8100,20.8200,500
1429896765,20.7900,20.7900,20.7900,20.7900,100
1429897155,20.7900,20.8300,20.7900,20.8300,500
1429897476,20.8400,20.8400,20.8020,20.8150,1200
1429897939,20.8400,20.8400,20.8400,20.8400,200
1429898297,20.8400,20.8400,20.8400,20.8400,600
1429898601,20.8400,20.8500,20.8400,20.8500,1500
1429898855,20.8200,20.8600,20.8200,20.8500,1300
1429899272,20.8300,20.8400,20.8300,20.8400,800
1429899557,20.8200,20.8200,20.8100,20.8200,900
1429899862,20.8000,20.8150,20.8000,20.8000,18900
1429900194,20.8000,20.8100,20.7900,20.8100,1500
1429900456,20.8100,20.8200,20.8000,20.8100,1400
1429900641,20.8050,20.8150,20.7900,20.8100,8900
1429901082,20.8100,20.8100,20.8000,20.8000,200
1429901342,20.7700,20.8100,20.7700,20.8000,3100
1429901486,20.7800,20.7800,20.7800,20.7800,200
1429901946,20.7900,20.8000,20.7700,20.7700,3700
1429902273,20.8300,20.8300,20.7900,20.7900,1500
1429902450,20.8300,20.8300,20.8100,20.8100,300
1429902744,20.7900,20.8100,20.7900,20.7900,1200
1429903153,20.7700,20.7700,20.7700,20.7700,400
1429903445,20.7900,20.7900,20.7700,20.7750,2200
1429903742,20.7900,20.7900,20.7900,20.7900,200
1429904044,20.7800,20.7900,20.7800,20.7800,1100
1429904394,20.8000,20.8100,20.7899,20.7899,5900
1429904693,20.8000,20.8100,20.7900,20.8000,4100
1429904974,20.7900,20.8000,20.7900,20.7950,3800
1429905292,20.8200,20.8400,20.7900,20.8000,7600
1429905541,20.8500,20.8500,20.8200,20.8200,23900
1429905600,20.8500,20.8500,20.8500,20.8500,15500
1430141400,20.9100,20.9100,20.9100,20.9100,0
1430142095,20.9500,20.9500,20.9500,20.9500,600
1430142421,21.0100,21.0500,20.9800,20.9800,2300
1430142844,21.0100,21.0499,20.9900,20.9900,3700
1430143150,21.0300,21.0300,21.0000,21.0000,4000
1430143455,21.0600,21.0800,21.0500,21.0500,2400
1430143691,21.0200,21.0600,21.0200,21.0600,700
1430144042,21.0200,21.0600,21.0200,21.0200,800
1430144342,21.0500,21.0500,21.0200,21.0400,1900
1430144627,21.0500,21.0700,21.0500,21.0700,700
1430144815,21.0500,21.0500,21.0500,21.0500,100
1430145518,21.0900,21.0900,21.0800,21.0800,300
1430145885,21.0700,21.0700,21.0600,21.0600,1300
1430146038,21.0600,21.0600,21.0600,21.0600,500
1430146480,20.9500,21.0400,20.9500,21.0100,2000
1430146785,20.9000,20.9000,20.9000,20.9000,100
1430147041,20.8800,20.9000,20.8800,20.8800,1200
1430147326,20.9000,20.9000,20.8800,20.8800,1800
1430147695,20.8800,20.8900,20.8800,20.8900,200
1430147815,20.8600,20.8800,20.8600,20.8800,400
1430148476,20.8500,20.8500,20.8500,20.8500,200
1430148831,20.8200,20.8200,20.8200,20.8200,100
1430149185,20.8700,20.8700,20.8500,20.8500,800
1430149790,20.8500,20.8600,20.8400,20.8500,1900
1430150050,20.8250,20.8500,20.8100,20.8200,1300
1430150327,20.8300,20.8500,20.8200,20.8200,1400
1430150561,20.8500,20.8500,20.8400,20.8400,1000
1430150965,20.8400,20.8550,20.8400,20.8400,4400
1430151179,20.8400,20.8800,20.8100,20.8400,4100
1430151598,20.8600,20.8700,20.8200,20.8400,10400
1430151883,20.8500,20.8600,20.8300,20.8500,3800
1430152197,20.8700,20.8700,20.8500,20.8500,2100
1430152433,20.8500,20.8700,20.8500,20.8700,1000
1430152769,20.8600,20.8600,20.8500,20.8500,1900
1430152943,20.8700,20.8800,20.8500,20.8700,1600
1430153397,20.8700,20.8800,20.8700,20.8800,600
1430153641,20.8600,20.8700,20.8300,20.8700,5700
1430153929,20.8500,20.8500,20.8400,20.8500,3200
1430154277,20.8501,20.8700,20.8500,20.8500,1000
1430154563,20.8600,20.8650,20.8501,20.8501,1200
1430154889,20.8500,20.8500,20.8400,20.8500,1700
1430155190,20.8500,20.8600,20.8030,20.8400,8500
1430155468,20.8500,20.8600,20.8300,20.8450,4500
1430155668,20.8700,20.8700,20.8500,20.8500,1100
1430156301,20.9050,20.9050,20.9050,20.9050,100
1430156589,20.9300,20.9300,20.9100,20.9100,900
1430156961,20.8900,20.9600,20.8900,20.9100,700
1430157195,20.8800,20.8800,20.8800,20.8800,100
1430157549,20.9000,20.9000,20.8800,20.8800,900
1430157665,20.9300,20.9300,20.9100,20.9200,500
1430158140,20.9300,20.9300,20.9000,20.9050,600
1430158675,20.9100,20.9100,20.9100,20.9100,100
1430159186,20.9300,20.9300,20.9200,20.9200,500
1430159687,20.9600,20.9700,20.9600,20.9700,400
1430159920,20.9200,20.9700,20.9200,20.9700,800
1430160164,20.9300,20.9300,20.9300,20.9300,200
1430160840,20.9200,20.9500,20.9200,20.9500,200
1430161001,20.9000,20.9200,20.9000,20.9200,400
1430161426,20.9200,20.9300,20.9100,20.9300,400
1430161746,20.9600,20.9600,20.9300,20.9300,500
1430162064,20.9200,20.9400,20.9200,20.9300,12600
1430162342,20.9050,20.9200,20.9000,20.9000,500
1430162588,20.8900,20.9100,20.8800,20.9100,900
1430162835,20.9000,20.9100,20.8900,20.8900,900
1430163235,20.9100,20.9100,20.8900,20.9100,1100
1430163849,20.9100,20.9100,20.8900,20.8900,2200
1430164151,20.8900,20.9100,20.8900,20.9000,900
1430164498,20.8800,20.9000,20.8800,20.9000,2700
1430164740,20.8500,20.8900,20.8500,20.8800,13500
1430164800,20.8700,20.8700,20.8700,20.8700,9800
1430228095,20.9600,20.9820,20.9000,20.9000,0
1430228232,20.9400,21.0200,20.9400,20.9700,5000
1430228462,20.8600,20.9100,20.8600,20.9100,300
1430228838,20.8800,20.8800,20.8300,20.8700,5400
1430229189,20.9800,20.9800,20.9300,20.9300,900
1430229473,21.0000,21.0000,21.0000,21.0000,100
1430230045,20.9700,20.9700,20.9200,20.9300,3400
1430230499,20.8400,20.9400,20.8200,20.9200,2100
1430230597,20.8600,20.8900,20.8500,20.8500,800
1430231007,20.8200,20.8600,20.8200,20.8600,300
1430231345,20.9500,21.0000,20.8800,20.8800,2200
1430231697,21.0000,21.0000,20.9600,20.9600,1000
1430231973,21.0000,21.0300,20.9900,20.9999,3000
1430232139,21.0300,21.0300,21.0300,21.0300,100
1430232598,20.9900,21.0200,20.9900,21.0200,500
1430232745,21.0000,21.0400,20.9701,20.9900,700
1430233368,21.0000,21.0300,20.9700,20.9900,2000
1430233795,21.0200,21.0400,21.0100,21.0400,2400
1430234018,20.9900,21.0300,20.9900,21.0300,1300
1430234351,21.0000,21.0000,20.9800,20.9800,1800
1430234608,21.0000,21.0000,21.0000,21.0000,1000
1430234882,21.0100,21.0100,20.9601,20.9601,1400
1430235232,21.0500,21.0500,21.0300,21.0300,900
1430235577,21.0400,21.0600,21.0400,21.0500,1200
1430235883,21.0500,21.0500,21.0200,21.0400,3800
1430236142,21.0200,21.0499,21.0100,21.0499,1200
1430236402,21.0100,21.0100,21.0100,21.0100,700
1430236740,21.0000,21.0100,21.0000,21.0001,1100
1430237052,20.9900,20.9900,20.9900,20.9900,400
1430237380,21.0000,21.0100,20.9950,21.0000,3300
1430237541,21.0000,21.0100,21.0000,21.0100,700
1430237909,21.0000,21.0000,20.9900,20.9900,1100
1430238226,20.9900,21.0100,20.9900,21.0100,1400
1430238528,21.0100,21.0300,20.9900,20.9900,5200
1430238807,20.9900,21.0200,20.9700,21.0200,2300
1430239086,20.9800,20.9900,20.9800,20.9900,600
1430239464,20.9700,20.9750,20.9700,20.9700,1100
1430239607,20.9800,20.9800,20.9800,20.9800,700
1430240092,21.0100,21.0100,20.9900,20.9900,2200
1430240100,21.0000,21.0100,21.0000,21.0100,600
1430240678,21.0000,21.0000,20.9800,20.9800,1800
1430240799,20.9950,21.0000,20.9800,21.0000,500
1430241256,20.9800,21.0000,20.9800,20.9800,1000
1430241776,20.9700,20.9700,20.9700,20.9700,100
1430242038,21.0000,21.0000,20.9800,20.9800,800
1430242494,20.9900,20.9900,20.9800,20.9800,1000
1430242765,21.0000,21.0000,20.9900,21.0000,1400
1430242833,20.9900,20.9950,20.9800,20.9800,700
1430243352,20.9900,20.9900,20.9900,20.9900,300
1430243629,20.9900,21.0000,20.9900,21.0000,700
1430243981,21.0100,21.0200,20.9800,20.9900,3000
1430244299,21.0000,21.0000,20.9700,21.0000,1800
1430244726,20.9900,21.0000,20.9800,20.9800,1500
1430245322,20.9600,20.9600,20.9600,20.9600,800
1430245767,20.9700,20.9700,20.8900,20.9000,1500
1430246023,20.9900,20.9900,20.9600,20.9600,300
1430246385,20.9900,20.9900,20.9900,20.9900,400
1430246633,20.9700,20.9700,20.9700,20.9700,100
1430246955,20.9600,21.0000,20.9600,20.9900,2200
1430247212,20.9800,20.9800,20.9600,20.9600,1100
1430247805,21.0000,21.0000,21.0000,21.0000,300
1430248159,21.0700,21.0700,20.9700,20.9700,3500
1430248426,21.0300,21.0600,21.0200,21.0600,3800
1430248783,21.0200,21.0300,21.0100,21.0300,1300
1430249076,21.0300,21.0300,20.9400,21.0100,6200
1430249273,21.0400,21.0500,21.0200,21.0400,600
1430249639,21.0200,21.0200,21.0100,21.0200,3200
1430249949,21.0000,21.0200,21.0000,21.0100,2200
1430250287,20.9800,21.0000,20.9800,21.0000,3300
1430250599,20.9800,20.9900,20.9600,20.9800,2900
1430250842,21.0000,21.0200,20.9700,20.9800,5100
1430251143,21.0700,21.0700,20.9900,21.0000,17400
1430251200,21.0700,21.0700,21.0700,21.0700,10100
1430314454,21.1000,21.1000,21.0000,21.0700,0
1430314743,21.0900,21.1100,21.0100,21.0200,3600
1430315065,21.1100,21.1100,21.0800,21.0800,3200
1430315327,21.1490,21.1500,21.1100,21.1100,2200
1430315674,21.0700,21.1400,21.0700,21.1400,3000
1430315997,21.0000,21.0800,20.9900,21.0800,2400
1430316295,21.0100,21.0200,21.0100,21.0200,700
1430316575,21.0500,21.0500,21.0000,21.0100,1700
1430316863,21.0400,21.0700,21.0400,21.0500,1700
1430316990,21.0600,21.0600,21.0200,21.0200,500
1430317499,21.0000,21.0300,21.0000,21.0300,1200
1430317705,20.9900,21.0000,20.9900,21.0000,200
1430317987,21.0300,21.0600,21.0100,21.0300,3600
1430318343,21.0400,21.0600,21.0400,21.0400,400
1430318803,21.0600,21.0600,21.0500,21.0600,400
1430319286,21.0200,21.0200,21.0200,21.0200,200
1430319602,21.0200,21.0200,21.0200,21.0200,100
1430320197,21.1000,21.1000,21.0500,21.0500,8400
1430320381,21.0800,21.1000,21.0700,21.1000,1600
1430320562,21.1000,21.1000,21.1000,21.1000,700
1430321060,21.1000,21.1000,21.0700,21.0900,700
1430321667,21.0700,21.0900,21.0700,21.0900,400
1430321853,21.0300,21.0300,21.0300,21.0300,700
1430322261,21.0100,21.0200,21.0100,21.0200,200
1430322681,21.0300,21.0400,21.0100,21.0250,1700
1430323183,21.0200,21.0300,21.0200,21.0300,400
1430323462,21.0450,21.0450,21.0400,21.0400,500
1430323713,21.0300,21.0400,21.0300,21.0400,1200
1430323935,21.0300,21.0400,20.9900,21.0400,1300
1430324379,21.0500,21.0500,21.0500,21.0500,500
1430324768,21.0300,21.0500,21.0100,21.0100,700
1430325121,21.0200,21.0300,20.9900,21.0300,1800
1430325383,21.0300,21.0300,21.0300,21.0300,100
1430325671,21.0400,21.0400,21.0300,21.0400,2000
1430326185,21.0200,21.0200,21.0200,21.0200,100
1430326358,21.0400,21.0400,21.0400,21.0400,300
1430326798,21.0300,21.0400,21.0300,21.0400,200
1430326803,21.0300,21.0300,21.0300,21.0300,100
1430327860,21.0300,21.0300,21.0300,21.0300,100
1430328273,21.0100,21.0400,21.0100,21.0400,400
1430328589,21.0100,21.0100,20.9900,20.9900,1100
1430328886,20.9700,20.9800,20.9700,20.9800,400
1430329036,20.9600,20.9700,20.9600,20.9700,200
1430329378,20.9900,20.9900,20.9900,20.9900,100
1430329601,20.9900,20.9900,20.9900,20.9900,100
1430330099,20.9800,20.9900,20.9800,20.9900,700
1430330340,20.9800,20.9800,20.9800,20.9800,400
1430330684,21.0450,21.0450,20.9500,20.9600,5500
1430330719,21.0600,21.0600,21.0400,21.0400,500
1430331248,21.0200,21.0200,20.9900,21.0000,500
1430331585,21.0700,21.0700,21.0200,21.0500,1800
1430331618,21.1300,21.1300,21.1300,21.1300,100
1430332457,21.1900,21.1900,21.1400,21.1400,400
1430333210,21.1050,21.1200,21.0700,21.1200,1400
1430333613,21.0800,21.0800,21.0600,21.0700,800
1430333924,21.0800,21.0800,21.0500,21.0600,2800
1430334269,21.0500,21.0900,21.0500,21.0800,2900
1430334441,21.0400,21.0400,21.0100,21.0100,1900
1430334620,21.0300,21.0300,21.0300,21.0300,1100
1430335071,21.0500,21.0700,21.0400,21.0400,900
1430335334,21.0500,21.0500,21.0500,21.0500,900
1430335747,21.0200,21.0800,21.0200,21.0500,2800
1430335993,21.0500,21.0500,21.0200,21.0200,2400
1430336399,21.0200,21.0500,21.0200,21.0500,2800
1430336617,21.0000,21.0200,21.0000,21.0200,3900
1430336964,20.9900,21.0000,20.9900,20.9900,1100
1430337281,21.0000,21.0200,20.9800,20.9900,6800
1430337549,20.9700,21.0000,20.9300,21.0000,6200
1430337600,20.9700,20.9700,20.9700,20.9700,6400
1430400834,20.5400,20.8300,20.3800,20.3800,0
1430401150,20.4200,20.4900,20.4100,20.4900,2900
1430401406,20.3500,20.3800,20.2100,20.2100,3100
1430401730,20.3400,20.4200,20.3100,20.3700,2200
1430402094,20.3600,20.3600,20.3300,20.3300,700
1430402340,20.2800,20.3500,20.2800,20.3500,2800
1430402660,20.1700,20.2500,20.1600,20.2500,2100
1430402988,20.1900,20.2500,20.1900,20.2200,1400
1430403069,20.2300,20.2300,20.2100,20.2100,400
1430403595,20.1600,20.2000,20.1600,20.1800,2400
1430403873,20.1200,20.1600,20.1200,20.1600,1900
1430404125,20.1600,20.1700,20.1200,20.1200,1600
1430404782,20.1600,20.1700,20.1600,20.1700,200
1430404934,20.1900,20.2000,20.1600,20.1600,3100
1430405370,20.2200,20.2500,20.1900,20.1900,900
1430405563,20.1800,20.2100,20.1700,20.2100,1100
1430405775,20.1900,20.1900,20.1600,20.1600,800
1430406023,20.2200,20.2200,20.2100,20.2100,600
1430406594,20.2300,20.2300,20.2300,20.2300,100
1430406712,20.2300,20.2300,20.2100,20.2300,2200
1430407103,20.2100,20.2200,20.2100,20.2200,1500
1430407314,20.2600,20.2600,20.2100,20.2100,1400
1430407743,20.2800,20.2800,20.2500,20.2600,2500
1430408046,20.2800,20.2800,20.2500,20.2500,400
1430408374,20.2500,20.2700,20.2500,20.2700,2000
1430408529,20.2400,20.2600,20.2400,20.2600,1300
1430408864,20.2400,20.2400,20.2400,20.2400,200
1430409270,20.1800,20.2400,20.1800,20.2400,2800
1430409597,20.1200,20.1800,20.1100,20.1800,3100
1430409794,20.0800,20.1000,20.0500,20.1000,3700
1430410166,20.0400,20.0500,20.0400,20.0500,900
1430410477,19.9200,20.0000,19.9100,20.0000,2700
1430410728,19.8800,19.9200,19.8800,19.9200,900
1430410998,19.9000,19.9000,19.8850,19.8900,1800
1430411384,19.8900,19.8900,19.8900,19.8900,400
1430411557,19.8700,19.8900,19.8700,19.8900,1600
1430411944,19.8700,19.8700,19.8700,19.8700,800
1430412264,19.9000,19.9000,19.8600,19.8600,1500
1430412597,19.9000,19.9200,19.8800,19.9100,3900
1430412830,19.9350,19.9700,19.8800,19.9000,4100
1430413090,19.9900,20.0000,19.9350,19.9350,2800
1430413459,19.9500,19.9700,19.9500,19.9700,800
1430413718,19.9800,19.9800,19.9700,19.9700,1500
1430414044,19.9650,19.9650,19.9500,19.9500,200
1430414364,19.9700,19.9800,19.9575,19.9700,700
1430414440,19.9600,19.9600,19.9600,19.9600,100
1430414920,19.9650,19.9700,19.9500,19.9700,400
1430415018,19.9800,19.9800,19.9650,19.9650,200
1430415539,19.9900,20.0000,19.9700,19.9700,5000
1430415809,19.9900,19.9900,19.9900,19.9900,300
1430416144,19.9900,20.0000,19.9800,19.9900,1600
1430416490,19.9850,19.9900,19.9800,19.9800,3400
1430416731,19.9825,19.9900,19.9825,19.9850,900
1430417094,20.0200,20.0200,19.9815,19.9850,7500
1430417232,19.9800,20.0200,19.9407,20.0200,2900
1430417562,19.9900,19.9900,19.9650,19.9650,600
1430417979,19.9700,19.9850,19.9700,19.9850,300
1430418288,20.0100,20.0100,19.9700,19.9800,8900
1430418563,19.9750,20.0200,19.9600,20.0000,4700
1430418892,19.9850,19.9900,19.9750,19.9750,2500
1430419163,20.0000,20.0000,19.9800,19.9850,4200
1430419420,19.9950,20.0000,19.9900,20.0000,2300
1430419725,19.9700,19.9750,19.9500,19.9700,1900
1430420026,20.0000,20.0200,19.9600,19.9650,5300
1430420369,19.9700,20.0000,19.9600,20.0000,5200
1430420621,19.9500,19.9750,19.9500,19.9500,7700
1430420976,19.9450,19.9800,19.9300,19.9500,4600
1430421205,19.9500,19.9500,19.9300,19.9300,2700
1430421534,20.0000,20.0000,19.9500,19.9500,3000
1430421810,20.0200,20.0300,20.0000,20.0000,2600
1430422102,20.0000,20.0400,19.9900,20.0200,4200
1430422485,20.0200,20.0300,20.0100,20.0200,2300
1430422765,20.0700,20.0700,20.0150,20.0200,2800
1430423059,20.0000,20.0400,19.9800,20.0400,8400
1430423398,20.0200,20.0350,20.0000,20.0050,8300
1430423699,20.0200,20.0300,19.9900,20.0000,8600
1430423940,20.0200,20.0400,20.0000,20.0300,16100
1430424000,20.0100,20.0100,20.0100,20.0100,18800
1430487000,20.0200,20.0200,20.0200,20.0200,0
1430487593,19.9450,19.9800,19.9100,19.9700,1800
1430487785,19.9400,19.9600,19.9100,19.9500,5400
1430488188,19.9000,19.9800,19.9000,19.9800,500
1430488498,19.9100,19.9600,19.9100,19.9300,4800
1430488659,19.8800,19.8800,19.7200,19.8775,6300
1430489038,19.9400,19.9400,19.9300,19.9300,900
1430489572,19.9200,19.9300,19.9200,19.9300,400
1430489766,19.8800,19.8800,19.8800,19.8800,100
1430490207,20.0100,20.0100,19.9200,19.9200,4000
1430490578,19.9500,19.9600,19.9400,19.9400,5000
1430490858,19.9600,19.9600,19.9400,19.9500,2300
1430491085,19.9600,19.9600,19.9300,19.9600,5200
1430491398,19.9350,19.9600,19.9300,19.9450,7500
1430491695,19.9500,19.9500,19.9100,19.9100,1200
1430492071,20.0100,20.0100,19.9407,19.9407,1300
1430492703,19.9100,19.9600,19.9100,19.9600,900
1430493134,19.8700,19.8850,19.8200,19.8600,1000
1430493568,19.9000,19.9000,19.8200,19.8200,2400
1430493898,19.9050,19.9100,19.8800,19.8800,3800
1430494098,19.9200,19.9200,19.9200,19.9200,300
1430494415,19.9000,19.9490,19.8700,19.9490,1300
1430494773,19.8400,19.8700,19.8300,19.8500,3700
1430495096,19.8500,19.8700,19.8200,19.8500,3600
1430495368,19.7600,19.8550,19.7600,19.8200,900
1430495926,19.8000,19.8100,19.7800,19.7800,1600
1430496267,19.8150,19.8150,19.7400,19.7500,2200
1430496522,19.7800,19.8100,19.7500,19.8100,5100
1430497134,19.7500,19.7900,19.7500,19.7800,500
1430497408,19.7650,19.7650,19.7650,19.7650,100
1430497799,19.8900,19.8900,19.7800,19.7800,1100
1430498049,19.8900,19.8900,19.8400,19.8400,300
1430498291,19.9000,19.9000,19.8800,19.8800,2500
1430498581,19.8600,19.8600,19.8600,19.8600,100
1430498995,19.8750,19.8750,19.8600,19.8600,800
1430499298,19.8000,19.8850,19.8000,19.8850,1100
1430499374,19.8000,19.8000,19.8000,19.8000,400
1430499721,19.8400,19.8400,19.8200,19.8200,1200
1430500159,19.8100,19.8100,19.8100,19.8100,300
1430500331,19.8100,19.8200,19.8100,19.8100,600
1430500760,19.8100,19.8466,19.8100,19.8100,1500
1430501055,19.7700,19.8100,19.7700,19.8100,1400
1430501299,19.7800,19.7900,19.7500,19.7700,3300
1430501680,19.7400,19.7700,19.7400,19.7700,7000
1430501881,19.7700,19.8000,19.7300,19.7300,4300
1430502154,19.7650,19.7700,19.7500,19.7700,3800
1430502598,19.7700,19.7800,19.7700,19.7800,200
1430502816,19.7850,19.8000,19.7700,19.8000,700
1430503138,19.7700,19.8000,19.7700,19.8000,700
1430503446,19.7500,19.7700,19.7275,19.7700,3200
1430503763,19.7500,19.7500,19.7200,19.7200,3000
1430504088,19.8000,19.8000,19.7400,19.7450,2300
1430504184,19.7300,19.7500,19.7300,19.7500,800
1430504594,19.7000,19.7000,19.7000,19.7000,100
1430504833,19.7400,19.7400,19.7000,19.7150,4400
1430505116,19.7200,19.7500,19.7200,19.7400,5300
1430505533,19.7000,19.7050,19.7000,19.7050,500
1430505872,19.7000,19.7200,19.6800,19.7000,4200
1430506145,19.6900,19.7050,19.6700,19.7000,5200
1430506483,19.6600,19.6800,19.6600,19.6800,1300
1430506996,19.6900,19.6900,19.6500,19.6500,7300
1430507362,19.6700,19.6700,19.6700,19.6700,1600
1430507690,19.6700,19.6700,19.6600,19.6700,1600
1430507816,19.6700,19.6700,19.6700,19.6700,100
1430508276,19.6600,19.6800,19.6600,19.6700,2900
1430508540,19.6300,19.6500,19.6300,19.6500,2100
1430508806,19.6600,19.6600,19.6300,19.6300,2700
1430509198,19.6900,19.6900,19.6700,19.6900,900
1430509495,19.7000,19.7000,19.6600,19.6700,2100
1430509683,19.6900,19.7300,19.6900,19.7000,4200
1430510097,19.7300,19.7300,19.6900,19.7000,9900
1430510350,19.7300,19.7400,19.7000,19.7200,10800
1430510400,19.7000,19.7000,19.7000,19.7000,14500
1430746200,19.7100,19.7100,19.7100,19.7100,0
1430746707,19.7841,19.7841,19.7841,19.7841,2000
1430746979,19.7900,19.8100,19.7500,19.7500,600
1430747678,19.7825,19.7825,19.7201,19.7201,1000
1430748322,19.8300,19.8300,19.8200,19.8200,300
1430748895,19.7900,19.7900,19.7800,19.7800,300
1430749159,19.7700,19.7900,19.7700,19.7900,900
1430749750,19.7500,19.7600,19.7500,19.7600,1300
1430750055,19.7500,19.7500,19.7400,19.7500,1200
1430750388,19.7500,19.7500,19.7400,19.7400,300
1430750693,19.7600,19.7700,19.7200,19.7400,600
1430750778,19.7200,19.7200,19.7200,19.7200,100
1430751133,19.7500,19.7500,19.7300,19.7300,800
1430751497,19.7500,19.7500,19.7000,19.7300,5500
1430751768,19.7700,19.7700,19.7600,19.7600,400
1430752193,19.8400,19.8400,19.7200,19.7200,2100
1430752845,19.7600,19.7600,19.7600,19.7600,100
1430753306,19.7900,19.7900,19.7700,19.7700,200
1430753619,19.7600,19.7600,19.7500,19.7500,400
1430754513,19.7700,19.7700,19.7700,19.7700,100
1430754760,19.7700,19.7900,19.7600,19.7900,2300
1430755234,19.7600,19.7600,19.7600,19.7600,100
1430755992,19.7750,19.7850,19.7600,19.7850,800
1430756142,19.7600,19.7600,19.7600,19.7600,200
1430756593,19.7400,19.7700,19.7400,19.7500,1600
1430756867,19.7400,19.7400,19.7400,19.7400,100
1430757252,19.7300,19.7700,19.7300,19.7700,400
1430757664,19.7500,19.7500,19.7500,19.7500,100
1430758030,19.7700,19.7700,19.7700,19.7700,100
1430758702,19.7700,19.7700,19.7700,19.7700,300
1430759074,19.7600,19.7800,19.7500,19.7700,1600
1430759350,19.7800,19.7800,19.7600,19.7600,3400
1430759526,19.7700,19.7700,19.7700,19.7700,100
1430759898,19.7500,19.7600,19.7500,19.7600,600
1430760259,19.7700,19.7700,19.7500,19.7500,1600
1430760570,19.7900,19.7900,19.7500,19.7500,1900
1430760871,19.7850,19.7850,19.7600,19.7600,1100
1430761174,19.7800,19.7800,19.7600,19.7800,500
1430761587,19.7600,19.7600,19.7600,19.7600,200
1430761854,19.8000,19.8000,19.8000,19.8000,400
1430762471,19.7800,19.7800,19.7800,19.7800,100
1430762978,19.8100,19.8100,19.8100,19.8100,100
1430763262,19.8000,19.8300,19.7900,19.8200,1600
1430763490,19.7700,19.7700,19.7700,19.7700,200
1430763792,19.7700,19.7700,19.7700,19.7700,200
1430764142,19.7900,19.7900,19.7600,19.7700,2000
1430764499,19.8100,19.8100,19.7700,19.7700,300
1430764617,19.7900,19.8000,19.7900,19.8000,300
1430765384,19.7700,19.7900,19.7700,19.7800,2000
1430765580,19.7700,19.7700,19.7700,19.7700,100
1430765969,19.8000,19.8100,19.8000,19.8100,900
1430766014,19.7800,19.7800,19.7800,19.7800,100
1430766589,19.8000,19.8000,19.7800,19.8000,600
1430766817,19.8000,19.8100,19.7900,19.7900,2100
1430767084,19.7900,19.8100,19.7800,19.8000,1300
1430767336,19.8300,19.8300,19.7900,19.7900,1200
1430767688,19.8400,19.8600,19.8400,19.8500,600
1430768079,19.8500,19.8500,19.8300,19.8400,5100
1430768386,19.8400,19.8600,19.8300,19.8300,3300
1430768598,19.8400,19.8500,19.8400,19.8400,1000
1430768968,19.8400,19.8500,19.8300,19.8400,2200
1430769249,19.8300,19.8500,19.8200,19.8400,4000
1430769540,19.7900,19.8400,19.7700,19.8200,14700
1430769600,19.7900,19.7900,19.7900,19.7900,5900
1430832896,19.6500,19.7100,19.6500,19.7100,0
1430833028,19.7200,19.7200,19.7200,19.7200,1800
1430833298,19.7100,19.7100,19.7100,19.7100,500
1430833568,19.7000,19.7000,19.6900,19.6900,700
1430834074,19.7000,19.7000,19.6700,19.6700,500
1430834338,19.7000,19.7000,19.6750,19.6750,500
1430834526,19.7600,19.7600,19.7100,19.7100,1000
1430834934,19.7500,19.7500,19.7000,19.7300,1000
1430835205,19.7600,19.7700,19.7300,19.7300,2100
1430835506,19.7300,19.7400,19.7300,19.7400,1200
1430836187,19.7500,19.7700,19.7500,19.7600,4600
1430836372,19.7700,19.7700,19.7600,19.7600,200
1430836707,19.7000,19.7600,19.7000,19.7600,1300
1430837059,19.7100,19.7100,19.6700,19.6800,800
1430837390,19.7300,19.7300,19.7200,19.7200,400
1430837590,19.7450,19.7700,19.7200,19.7700,2100
1430837977,19.7850,19.8000,19.7600,19.7650,9200
1430838299,19.7650,19.8000,19.7650,19.8000,600
1430838516,19.7600,19.7600,19.7500,19.7550,700
1430838884,19.8000,19.8000,19.7300,19.7700,5000
1430839194,19.7900,19.7950,19.7500,19.7950,4000
1430839333,19.7800,19.7900,19.7500,19.7900,800
1430839772,19.7550,19.7700,19.7400,19.7700,1000
1430840084,19.7600,19.7600,19.7450,19.7500,3100
1430840351,19.7600,19.7700,19.7500,19.7500,400
1430840549,19.7650,19.7799,19.7650,19.7799,200
1430840953,19.7550,19.7600,19.7500,19.7600,1000
1430841235,19.6600,19.7350,19.6600,19.7350,500
1430841556,19.7000,19.7000,19.6700,19.6900,1400
1430841601,19.7000,19.7000,19.7000,19.7000,300
1430842180,19.7500,19.7500,19.7100,19.7200,1300
1430842252,19.7100,19.7100,19.7100,19.7100,100
1430842631,19.7600,19.7700,19.7300,19.7300,900
1430842982,19.7300,19.7300,19.7300,19.7300,100
1430843337,19.7300,19.7300,19.7000,19.7000,400
1430843515,19.7000,19.7000,19.7000,19.7000,100
1430844144,19.7100,19.7300,19.6950,19.7300,400
1430844674,19.7100,19.7700,19.7100,19.7100,800
1430845497,19.6900,19.7200,19.6800,19.6800,500
1430845739,19.7100,19.7300,19.6900,19.6900,700
1430846090,19.6800,19.6900,19.6400,19.6600,1600
1430846260,19.6900,19.6900,19.6700,19.6700,700
1430846688,19.7000,19.7300,19.6800,19.6800,1000
1430846876,19.7400,19.7400,19.7100,19.7100,400
1430847036,19.7000,19.7000,19.7000,19.7000,200
1430847403,19.6800,19.6800,19.6800,19.6800,100
1430847875,19.6800,19.6900,19.6500,19.6900,800
1430848164,19.6700,19.7400,19.6700,19.6800,1100
1430848360,19.6800,19.6800,19.6800,19.6800,200
1430848774,19.7200,19.7200,19.7000,19.7000,200
1430849053,19.6900,19.7200,19.6500,19.6500,2400
1430849356,19.6600,19.6700,19.6500,19.6600,600
1430849617,19.6900,19.7100,19.6800,19.6800,900
1430850072,19.6900,19.6900,19.6900,19.6900,200
1430850575,19.6800,19.6800,19.6500,19.6600,1400
1430850890,19.6900,19.7200,19.6600,19.6600,3700
1430851140,19.6800,19.6900,19.6500,19.6900,2100
1430851298,19.6700,19.6700,19.6300,19.6300,1000
1430851741,19.6700,19.6850,19.6400,19.6400,8700
1430852030,19.6800,19.6800,19.6500,19.6500,800
1430852340,19.6850,19.7000,19.6700,19.6700,10600
1430852589,19.6400,19.7000,19.6400,19.7000,24700
1430852992,19.6600,19.6600,19.6400,19.6400,400
1430853238,19.6700,19.6700,19.6500,19.6500,1200
1430853590,19.6700,19.6800,19.6700,19.6700,300
1430853844,19.6600,19.6800,19.6600,19.6800,1000
1430854147,19.6800,19.6800,19.6800,19.6800,5600
1430854410,19.6700,19.6800,19.6700,19.6700,4300
1430854782,19.6600,19.7050,19.6300,19.6790,9900
1430855006,19.7100,19.7100,19.6200,19.6300,1600
1430855399,19.6800,19.7100,19.6500,19.7100,4800
1430855647,19.6900,19.7300,19.6800,19.7000,8700
1430855940,19.7800,19.8100,19.6900,19.6900,23000
1430856000,19.7800,19.7800,19.7800,19.7800,29300
1430919295,19.9200,19.9200,19.7500,19.7500,0
1430919858,19.8500,19.8500,19.8500,19.8500,500
1430920417,19.7500,19.8200,19.7500,19.8200,400
1430920558,19.8000,19.8000,19.8000,19.8000,200
1430921377,19.8050,19.8500,19.8050,19.8500,200
1430921645,19.7600,19.7600,19.7500,19.7500,200
1430921858,19.8000,19.8000,19.7700,19.7700,500
1430922278,19.7300,19.8000,19.7300,19.8000,800
1430922537,19.7500,19.7500,19.7500,19.7500,100
1430922730,19.7400,19.7600,19.7300,19.7600,600
1430923464,19.8000,19.8000,19.7400,19.7400,700
1430923770,19.8200,19.8200,19.8200,19.8200,100
1430924479,19.8200,19.8400,19.7900,19.8400,900
1430925186,19.8000,19.8300,19.8000,19.8300,1000
1430925470,19.7900,19.7900,19.7800,19.7800,500
1430926274,19.8000,19.8300,19.8000,19.8300,300
1430926671,19.8200,19.8200,19.8000,19.8000,900
1430927075,19.8100,19.8700,19.8100,19.8700,8100
1430927211,19.8200,19.8200,19.8200,19.8200,200
1430927579,19.8500,19.8500,19.8300,19.8300,200
1430927999,19.8300,19.8300,19.8300,19.8300,200
1430928479,19.8200,19.8200,19.8200,19.8200,100
1430930727,19.8000,19.8200,19.8000,19.8200,200
1430931296,19.8100,19.8199,19.7800,19.8000,2600
1430931424,19.8000,19.8100,19.7900,19.8000,2000
1430931733,19.8200,19.8200,19.8000,19.8100,1100
1430932093,19.7950,19.8000,19.7800,19.7950,700
1430932394,19.7950,19.8000,19.7900,19.8000,1500
1430932807,19.7700,19.7700,19.7700,19.7700,300
1430933115,19.7900,19.7900,19.7900,19.7900,200
1430933695,19.7700,19.8000,19.7700,19.7700,1100
1430933718,19.8000,19.8000,19.7700,19.7700,900
1430934260,19.7900,19.7900,19.7900,19.7900,100
1430934393,19.7900,19.8000,19.7900,19.8000,200
1430934864,19.7900,19.8500,19.7900,19.8100,600
1430935191,19.8100,19.8100,19.8100,19.8100,200
1430935325,19.8100,19.8100,19.8100,19.8100,200
1430935676,19.8300,19.8300,19.8300,19.8300,100
1430936078,19.8200,19.8200,19.7950,19.8100,600
1430936966,19.8200,19.8200,19.7800,19.7800,1700
1430937239,19.7800,19.8000,19.7700,19.8000,2100
1430937598,19.8200,19.8400,19.7700,19.7700,2200
1430937845,19.8500,19.8500,19.8000,19.8200,1100
1430937915,19.8500,19.8500,19.8500,19.8500,900
1430938489,19.8900,19.9100,19.8700,19.8700,1200
1430938560,19.9050,19.9200,19.9050,19.9100,800
1430939053,19.9200,19.9400,19.9200,19.9200,1800
1430939250,19.9200,19.9200,19.9100,19.9100,500
1430939639,19.9500,19.9500,19.9400,19.9400,200
1430939942,19.9200,19.9400,19.9100,19.9300,1000
1430940243,19.9500,19.9500,19.9100,19.9100,500
1430940586,19.9700,19.9700,19.9400,19.9400,600
1430940896,19.9900,19.9900,19.9700,19.9700,600
1430941180,20.0100,20.0100,19.9800,19.9900,2800
1430941446,19.9900,20.0100,19.9900,20.0000,800
1430941759,20.0300,20.0400,20.0000,20.0000,4000
1430942004,20.0400,20.0400,20.0350,20.0350,1100
1430942342,20.1000,20.1200,20.0200,20.0200,6000
1430942400,20.1000,20.1000,20.1000,20.1000,16100
1431005400,20.2860,20.2860,20.0300,20.0300,0
1431005891,19.9600,19.9600,19.9600,19.9600,500
1431006850,20.0100,20.0100,20.0100,20.0100,600
1431007008,19.9800,19.9800,19.9800,19.9800,200
1431007231,19.9600,19.9600,19.9600,19.9600,300
1431008273,19.9900,19.9900,19.9900,19.9900,100
1431008427,19.9500,19.9500,19.9500,19.9500,100
1431008945,19.9001,19.9500,19.9001,19.9500,600
1431009381,20.0000,20.0000,19.9400,19.9400,600
1431009807,19.9700,19.9700,19.9700,19.9700,100
1431009914,19.9700,19.9700,19.9700,19.9700,100
1431010307,20.0300,20.0300,20.0300,20.0300,200
1431010718,20.0000,20.0000,19.9900,19.9900,300
1431010999,20.0000,20.0000,20.0000,20.0000,200
1431011359,20.0200,20.0600,20.0000,20.0000,800
1431012453,20.0300,20.0300,20.0100,20.0100,300
1431012607,20.0000,20.0000,20.0000,20.0000,100
1431012995,19.9900,19.9900,19.9900,19.9900,100
1431013266,20.0400,20.0400,20.0400,20.0400,100
1431013924,19.9700,19.9700,19.9700,19.9700,200
1431014868,20.0000,20.0000,19.9850,19.9850,200
1431015585,20.1000,20.1000,20.0100,20.0100,2600
1431015809,20.0700,20.0700,20.0700,20.0700,600
1431016002,20.0600,20.0600,20.0600,20.0600,300
1431016727,20.1200,20.1400,20.0900,20.1100,600
1431016901,20.1200,20.1400,20.1200,20.1400,200
1431018151,20.1000,20.1300,20.0700,20.1300,700
1431018529,20.0700,20.0700,20.0700,20.0700,200
1431019002,20.0500,20.0500,20.0500,20.0500,100
1431019480,20.0200,20.0900,20.0200,20.0900,300
1431019945,20.0200,20.0200,20.0200,20.0200,100
1431020596,20.0300,20.0700,20.0300,20.0700,1200
1431021265,20.0000,20.0000,20.0000,20.0000,200
1431021348,19.9800,19.9900,19.9800,19.9900,400
1431021705,19.9800,19.9800,19.9800,19.9800,100
1431021988,19.9800,19.9800,19.9800,19.9800,400
1431022222,19.9800,19.9800,19.9800,19.9800,100
1431022535,19.9900,19.9900,19.9900,19.9900,100
1431023099,20.0000,20.0100,19.9900,19.9900,1100
1431023220,20.0300,20.0300,19.9900,19.9900,400
1431023697,20.0400,20.0400,20.0000,20.0100,700
1431024122,20.0000,20.0000,20.0000,20.0000,300
1431024346,20.0000,20.0200,20.0000,20.0200,200
1431024714,19.9600,19.9800,19.9600,19.9800,500
1431025269,19.9700,19.9700,19.9700,19.9700,400
1431025738,19.9700,20.0000,19.9700,20.0000,300
1431026059,19.9500,19.9700,19.9500,19.9700,600
1431026383,19.9200,19.9500,19.9200,19.9300,1600
1431026525,19.9300,19.9700,19.9300,19.9300,1000
1431026947,19.9600,19.9600,19.9500,19.9500,400
1431027134,19.9700,19.9700,19.9500,19.9500,800
1431027589,19.9350,19.9500,19.9200,19.9500,600
1431027855,19.9500,19.9500,19.9200,19.9500,1500
1431028109,20.0000,20.0000,19.9400,19.9400,1200
1431028407,19.9700,20.0000,19.9500,19.9800,3700
1431028749,19.9900,20.0100,19.9700,19.9700,5100
1431028800,19.9900,19.9900,19.9900,19.9900,5500
1431091921,19.7800,20.1300,19.7800,20.1300,0
1431093252,19.9500,19.9700,19.8900,19.8900,1200
1431093340,19.9800,19.9800,19.9800,19.9800,100
1431094037,19.9350,19.9350,19.8800,19.9300,500
1431094416,19.9600,19.9600,19.9600,19.9600,200
1431094741,19.9000,19.9500,19.9000,19.9500,2200
1431095696,19.8600,19.9000,19.8600,19.9000,2000
1431095801,19.8100,19.8100,19.8100,19.8100,200
1431096295,19.8500,19.8500,19.8400,19.8400,2100
1431096429,19.9000,19.9000,19.8900,19.8900,600
1431097189,19.9200,19.9200,19.9200,19.9200,100
1431097236,19.9300,19.9300,19.9200,19.9200,400
1431097820,19.9800,19.9800,19.9800,19.9800,100
1431098169,19.9300,19.9400,19.9300,19.9400,600
1431098957,19.9000,19.9000,19.9000,19.9000,100
1431099261,19.9100,19.9400,19.8910,19.9400,1300
1431099479,19.9100,19.9100,19.9100,19.9100,100
1431099879,19.9400,19.9400,19.9400,19.9400,100
1431100152,19.9700,19.9700,19.9200,19.9400,7000
1431101370,20.0000,20.0000,19.9700,19.9900,600
1431101542,19.9300,19.9700,19.9200,19.9700,1600
1431101857,19.9200,19.9400,19.9200,19.9400,200
1431102180,19.9200,19.9200,19.9200,19.9200,100
1431102629,19.9300,19.9500,19.9300,19.9500,300
1431103140,19.9550,19.9700,19.9500,19.9500,300
1431103555,19.9300,19.9700,19.9300,19.9700,700
1431104337,19.9600,19.9600,19.9600,19.9600,100
1431104891,19.9400,19.9600,19.9400,19.9600,500
1431105456,19.9600,19.9700,19.9500,19.9600,800
1431105827,19.9400,19.9700,19.9400,19.9700,500
1431106109,19.9900,19.9900,19.9900,19.9900,200
1431106442,19.9900,19.9900,19.9900,19.9900,100
1431106735,19.9400,19.9600,19.9400,19.9600,800
1431107212,19.9300,19.9300,19.9300,19.9300,100
1431107545,19.9200,19.9300,19.9100,19.9300,500
1431107773,19.9300,19.9300,19.9300,19.9300,100
1431108209,19.9700,19.9700,19.9300,19.9300,400
1431108855,19.9200,19.9500,19.9200,19.9500,300
1431109147,19.9700,19.9700,19.9600,19.9600,800
1431109727,19.9200,19.9400,19.9200,19.9400,800
1431110299,19.9400,19.9400,19.9100,19.9200,900
1431110638,19.9600,19.9600,19.9600,19.9600,100
1431110978,19.9900,20.0000,19.9900,20.0000,200
1431111078,19.9700,19.9700,19.9700,19.9700,300
1431111580,19.9700,19.9700,19.9500,19.9700,900
1431111783,20.0100,20.0100,20.0100,20.0100,100
1431112009,19.9900,19.9900,19.9900,19.9900,200
1431112488,20.0100,20.0500,20.0000,20.0000,1800
1431112763,20.0000,20.0100,20.0000,20.0000,600
1431113018,20.0000,20.0200,20.0000,20.0000,2000
1431113397,20.0000,20.0000,20.0000,20.0000,100
1431113464,20.0000,20.0000,20.0000,20.0000,300
1431113925,19.9900,20.0500,19.9800,20.0400,2100
1431114294,20.0000,20.0200,20.0000,20.0200,1000
1431114599,20.0200,20.0300,19.9900,19.9900,2200
1431114887,20.0100,20.0100,19.9900,20.0100,2700
1431115144,19.9500,20.0300,19.9500,20.0100,7500
1431115200,19.9800,19.9800,19.9800,19.9800,6000
1431351000,19.9300,19.9300,19.9300,19.9300,0
1431351434,19.9999,20.0200,19.9999,20.0200,400
1431351888,19.9900,20.0823,19.9900,20.0400,2600
1431352112,19.9850,20.0000,19.9300,19.9300,600
1431352470,19.9750,19.9750,19.9695,19.9695,300
1431353386,20.0044,20.0400,20.0044,20.0400,300
1431353681,19.9996,20.0300,19.9996,20.0100,700
1431353988,20.0050,20.0050,20.0000,20.0000,300
1431354289,19.9700,20.0000,19.9700,20.0000,1200
1431354531,19.9850,19.9850,19.9850,19.9850,100
1431354668,19.9900,19.9900,19.9400,19.9750,700
1431355750,19.9881,20.0000,19.9800,19.9800,1200
1431355878,20.0000,20.0000,20.0000,20.0000,300
1431356297,20.0400,20.0400,20.0400,20.0400,100
1431356416,20.0000,20.0000,20.0000,20.0000,200
1431357279,20.0600,20.0700,20.0400,20.0400,500
1431357547,20.0900,20.1100,20.0550,20.1100,600
1431357719,20.0700,20.1200,20.0700,20.1200,200
1431358097,20.1000,20.1100,20.1000,20.1100,600
1431358569,20.1400,20.1400,20.1400,20.1400,100
1431358950,20.1150,20.1150,20.1000,20.1000,300
1431359742,20.0900,20.1100,20.0900,20.1100,500
1431360241,20.0800,20.0900,20.0700,20.0900,600
1431360344,20.0900,20.0900,20.0900,20.0900,100
1431360780,20.1000,20.1000,20.1000,20.1000,300
1431361092,20.0900,20.0900,20.0600,20.0900,500
1431361793,20.0800,20.0800,20.0800,20.0800,100
1431362076,20.0850,20.0850,20.0850,20.0850,200
1431362290,20.1000,20.1000,20.0750,20.0750,600
1431362601,20.1000,20.1000,20.0950,20.0950,400
1431363293,20.0500,20.0800,20.0500,20.0800,900
1431363569,20.0400,20.0800,20.0400,20.0500,1500
1431363798,20.0500,20.0650,20.0400,20.0500,1000
1431364185,20.0600,20.0700,20.0500,20.0500,700
1431364447,20.0800,20.0800,20.0200,20.0500,5300
1431364567,20.0700,20.0700,20.0600,20.0600,200
1431365048,20.0900,20.0900,20.0900,20.0900,400
1431365398,20.1000,20.1000,20.1000,20.1000,100
1431365601,20.1150,20.1400,20.1100,20.1100,800
1431365825,20.1100,20.1100,20.1000,20.1100,300
1431366133,20.1000,20.1500,20.1000,20.1000,300
1431366518,20.0950,20.1050,20.0800,20.1050,300
1431366868,20.1000,20.1000,20.1000,20.1000,300
1431367211,20.1200,20.1200,20.1200,20.1200,100
1431367590,20.0950,20.0950,20.0950,20.0950,400
1431367867,20.0829,20.0829,20.0600,20.0601,400
1431368288,20.0500,20.0500,20.0500,20.0500,100
1431368551,20.0500,20.0500,20.0500,20.0500,100
1431368881,20.0500,20.0500,20.0500,20.0500,600
1431369466,20.0400,20.0400,20.0400,20.0400,100
1431369825,20.0600,20.0600,20.0400,20.0400,300
1431370400,20.0300,20.0500,20.0300,20.0400,600
1431370797,19.9900,20.0100,19.9900,20.0000,1000
1431370951,19.9500,19.9600,19.9500,19.9600,400
1431371350,19.9900,19.9900,19.9500,19.9500,1800
1431371671,19.9900,20.0200,19.9900,19.9950,1300
1431371988,20.0650,20.0650,19.9900,20.0100,1000
1431372198,20.0500,20.1000,20.0500,20.0500,1200
1431372505,20.0575,20.0800,20.0500,20.0600,1200
1431372704,20.0400,20.0700,20.0400,20.0400,1200
1431373147,19.9900,20.0400,19.9900,20.0400,1200
1431373472,20.0200,20.0248,20.0200,20.0200,500
1431373782,20.0000,20.0400,20.0000,20.0100,800
1431374080,20.0600,20.0700,20.0000,20.0050,6300
1431374340,20.0700,20.1200,20.0200,20.0700,17700
1431374400,20.0700,20.0700,20.0700,20.0700,8800
1431437400,19.9800,19.9800,19.9800,19.9800,0
1431438551,19.9200,19.9200,19.8200,19.8200,400
1431438758,19.8900,19.8900,19.8400,19.8700,600
1431439100,19.8900,19.9000,19.8600,19.9000,1100
1431439446,19.8500,19.8700,19.8500,19.8700,400
1431439770,19.8000,19.8900,19.8000,19.8400,800
1431439999,19.8300,19.8300,19.8300,19.8300,200
1431440240,19.8000,19.8400,19.8000,19.8200,3800
1431440984,19.7950,19.8100,19.7700,19.7700,1000
1431441141,19.8100,19.8200,19.8100,19.8200,200
1431441597,19.8200,19.8600,19.8200,19.8300,1200
1431441720,19.8400,19.8700,19.8400,19.8500,600
1431442400,19.9900,19.9900,19.9900,19.9900,100
1431442755,19.9900,19.9900,19.9300,19.9300,300
1431443358,19.9300,20.0100,19.9300,20.0100,2400
1431443898,19.9000,19.9000,19.9000,19.9000,500
1431444294,19.9100,19.9300,19.9100,19.9300,200
1431444353,19.9100,19.9100,19.9100,19.9100,100
1431444862,19.9100,19.9100,19.9100,19.9100,300
1431445489,19.9200,19.9200,19.8900,19.9100,700
1431445990,19.9000,19.9400,19.9000,19.9400,400
1431446582,19.8900,19.9000,19.8900,19.9000,300
1431446969,19.8400,19.8400,19.8400,19.8400,100
1431447147,19.8700,19.8700,19.8200,19.8200,200
1431447492,19.8500,19.8700,19.8300,19.8400,700
1431448154,19.8500,19.8500,19.8200,19.8400,3900
1431448334,19.8200,19.8300,19.8200,19.8300,2500
1431448770,19.8350,19.8400,19.8200,19.8400,700
1431448834,19.8100,19.8600,19.8100,19.8500,1000
1431449414,19.8600,19.8600,19.8600,19.8600,100
1431450548,19.8300,19.8300,19.8300,19.8300,100
1431450804,19.8900,19.8900,19.8300,19.8300,500
1431451447,19.9000,19.9000,19.9000,19.9000,100
1431451796,19.8600,19.8600,19.8600,19.8600,100
1431452203,19.8700,19.8700,19.8700,19.8700,200
1431452697,19.8600,19.8700,19.8600,19.8700,200
1431452787,19.8500,19.8700,19.8500,19.8700,500
1431453437,19.8400,19.8400,19.8400,19.8400,200
1431453774,19.9000,19.9000,19.9000,19.9000,100
1431454081,19.9000,19.9000,19.9000,19.9000,100
1431454424,19.8900,19.8900,19.8900,19.8900,300
1431454610,19.8900,19.8930,19.8900,19.8930,200
1431454925,19.9100,19.9100,19.9100,19.9100,100
1431455267,19.9500,19.9500,19.9500,19.9500,200
1431455691,20.0000,20.0000,19.9900,19.9900,500
1431455993,20.0000,20.0000,19.9800,20.0000,3300
1431456056,20.0000,20.0000,20.0000,20.0000,300
1431456536,19.9400,19.9700,19.9400,19.9700,300
1431456784,19.9200,19.9200,19.9200,19.9200,100
1431457119,19.9200,19.9200,19.9200,19.9200,500
1431457424,19.8900,19.8900,19.8900,19.8900,100
1431458379,19.9400,19.9400,19.9300,19.9300,500
1431458536,19.9300,19.9300,19.9300,19.9300,200
1431458772,19.9200,19.9200,19.9200,19.9200,100
1431459595,19.9000,19.9200,19.9000,19.9200,700
1431459856,19.9200,19.9200,19.9100,19.9200,400
1431460168,19.9100,19.9100,19.9100,19.9100,800
1431460454,19.9200,19.9200,19.8900,19.8900,1700
1431460744,19.8900,19.9300,19.8800,19.9300,9700
1431460800,19.9100,19.9100,19.9100,19.9100,5400
1431523800,19.9400,19.9400,19.9400,19.9400,0
1431524389,19.7768,19.7768,19.7768,19.7768,500
1431524775,19.8700,19.8700,19.8700,19.8700,100
1431525871,19.8564,19.8564,19.8564,19.8564,700
1431526012,19.8500,19.8500,19.8500,19.8500,200
1431526202,19.8300,19.8400,19.8300,19.8400,200
1431527699,19.8400,19.8500,19.7800,19.8500,3400
1431527955,19.7800,19.8000,19.7800,19.8000,700
1431528023,19.8000,19.8000,19.7500,19.8000,300
1431528456,19.8000,19.8400,19.8000,19.8400,300
1431528744,19.8000,19.8000,19.8000,19.8000,300
1431529194,19.8000,19.8300,19.7600,19.8300,2300
1431529344,19.8000,19.8000,19.7900,19.8000,2100
1431529727,19.8000,19.8100,19.8000,19.8000,800
1431530047,19.8200,19.8200,19.8000,19.8000,300
1431530522,19.8400,19.8400,19.8100,19.8100,400
1431531268,19.8700,19.8700,19.8000,19.8000,600
1431533309,19.9500,19.9600,19.9000,19.9000,1000
1431533667,19.9700,19.9800,19.9700,19.9800,400
1431533724,19.9600,19.9700,19.9600,19.9700,200
1431534551,19.9300,19.9500,19.9300,19.9400,700
1431534742,19.9100,19.9300,19.9100,19.9300,300
1431535962,19.9000,19.9500,19.9000,19.9500,900
1431536246,19.9100,19.9100,19.9100,19.9100,100
1431536662,19.9800,19.9800,19.9500,19.9500,400
1431536860,19.9300,19.9800,19.9300,19.9800,300
1431537502,19.9700,19.9700,19.9700,19.9700,100
1431538423,19.9800,19.9900,19.9700,19.9700,500
1431538662,19.9500,19.9600,19.9500,19.9500,400
1431538909,19.9600,19.9620,19.9600,19.9620,200
1431539396,19.9200,19.9500,19.9100,19.9500,1400
1431539408,19.9000,19.9600,19.9000,19.9100,1100
1431539999,19.9400,19.9700,19.9300,19.9300,3500
1431540272,19.9100,19.9300,19.8800,19.9300,1600
1431540470,19.9200,19.9400,19.9200,19.9400,400
1431541491,19.9200,19.9300,19.9200,19.9200,500
1431541759,19.9200,19.9200,19.9100,19.9100,400
1431541998,19.9100,19.9100,19.9100,19.9100,600
1431542361,19.9400,19.9400,19.9300,19.9300,300
1431543086,19.9400,19.9400,19.9400,19.9400,100
1431543540,19.9400,19.9450,19.9200,19.9400,1400
1431543875,19.9500,19.9500,19.9200,19.9200,500
1431544002,19.9300,19.9300,19.9300,19.9300,200
1431544442,19.8900,19.9600,19.8900,19.9600,4100
1431544627,19.8900,19.9350,19.8900,19.9300,1100
1431544961,19.9300,19.9400,19.9100,19.9100,700
1431545138,19.9300,19.9300,19.9300,19.9300,100
1431545601,19.9600,19.9700,19.9600,19.9700,300
1431545940,19.9600,19.9600,19.9400,19.9500,1300
1431546242,19.9400,19.9500,19.9400,19.9400,1200
1431546592,19.9500,19.9500,19.9300,19.9500,500
1431546889,19.9300,19.9900,19.9100,19.9600,5800
1431547143,19.9400,19.9400,19.9000,19.9300,6500
1431547200,19.9200,19.9200,19.9200,19.9200,2700
1431610379,20.2000,20.2400,20.0000,20.0500,0
1431610772,20.0000,20.0000,20.0000,20.0000,400
1431610917,20.0000,20.0000,20.0000,20.0000,200
1431611132,20.0100,20.0100,20.0000,20.0000,500
1431611678,19.9900,20.0000,19.9900,20.0000,200
1431611783,20.0000,20.0000,20.0000,20.0000,2300
1431612045,19.9850,19.9850,19.9500,19.9500,300
1431612354,19.9900,19.9900,19.9900,19.9900,200
1431612827,20.0000,20.0000,19.9900,19.9900,600
1431613162,20.0210,20.0210,19.9900,20.0100,900
1431613262,20.0000,20.0300,20.0000,20.0300,300
1431613628,19.9900,20.0000,19.9900,20.0000,700
1431615044,19.9890,19.9890,19.9890,19.9890,100
1431615411,20.0000,20.0000,20.0000,20.0000,200
1431616984,19.9700,19.9700,19.9700,19.9700,100
1431617383,19.9500,19.9700,19.9500,19.9700,500
1431617790,19.9500,19.9500,19.9500,19.9500,200
1431618194,19.9500,19.9500,19.9400,19.9400,200
1431618480,19.9100,19.9200,19.9100,19.9200,300
1431618900,19.9200,19.9300,19.9100,19.9100,600
1431619561,19.9100,19.9100,19.9100,19.9100,200
1431620083,19.9100,19.9300,19.9100,19.9300,300
1431620385,19.9200,19.9276,19.9200,19.9276,600
1431620547,19.9500,19.9500,19.9500,19.9500,100
1431620996,19.9400,19.9400,19.9400,19.9400,100
1431621122,19.9750,20.0000,19.9750,19.9900,500
1431621349,19.9898,19.9898,19.9776,19.9776,500
1431621775,19.9700,19.9700,19.9700,19.9700,200
1431622020,19.9700,19.9700,19.9700,19.9700,300
                                                                       