uri:/instrument/1.0/UMBF/chartdata;type=quote;range=1d/csv
ticker:umbf
Company-Name:UMB Financial Corporation
Exchange-Name:NMS
unit:MIN
timezone:EDT
currency:USD
gmtoffset:-14400
previous_close:52.2700
Timestamp:1431523800,1431547200
labels:1431525600,1431529200,1431532800,1431536400,1431540000,1431543600,1431547200
values:Timestamp,close,high,low,open,volume
close:51.7300,52.5950
high:51.7900,52.6100
low:51.7300,52.5950
open:51.7750,52.6100
volume:0,11900
1431523975,52.2300,52.2300,52.2300,52.2300,1200
1431524112,52.0900,52.1300,52.0900,52.1300,200
1431524341,51.9100,51.9500,51.9100,51.9500,300
1431524475,52.1200,52.1200,52.0700,52.0700,300
1431524647,52.2400,52.2400,52.2000,52.2000,200
1431525014,52.3600,52.3600,52.3600,52.3600,100
1431525086,52.2600,52.3500,52.2600,52.3500,700
1431525461,52.3800,52.3800,52.3800,52.3800,100
1431525576,52.3500,52.3500,52.3500,52.3500,200
1431525612,52.2900,52.2900,52.2900,52.2900,300
1431525699,52.0600,52.0600,52.0600,52.0600,100
1431525884,52.3100,52.3100,52.2700,52.2700,1000
1431526253,52.2900,52.2900,52.2900,52.2900,200
1431526392,52.3100,52.3100,52.3100,52.3100,200
1431526454,52.3200,52.3200,52.3200,52.3200,100
1431526729,52.3000,52.3000,52.3000,52.3000,300
1431526747,52.2818,52.2818,52.2818,52.2818,300
1431526801,52.1200,52.1200,52.1200,52.1200,100
1431527100,52.1500,52.1500,52.1500,52.1500,100
1431527463,52.1100,52.1100,52.1100,52.1100,100
1431527535,52.1000,52.1000,52.1000,52.1000,200
1431527752,52.0500,52.0500,52.0500,52.0500,200
1431527792,52.0150,52.0150,52.0150,52.0150,100
1431527824,51.9800,51.9800,51.9800,51.9800,600
1431527900,52.0700,52.0700,52.0200,52.0200,600
1431528259,52.0600,52.0600,52.0600,52.0600,200
1431528411,52.0300,52.0500,51.9800,52.0500,300
1431528751,52.0300,52.0300,52.0300,52.0300,200
1431528781,51.9900,51.9900,51.9800,51.9900,500
1431528873,51.9950,51.9950,51.9900,51.9900,4000
1431528950,51.9100,51.9500,51.9100,51.9500,500
1431529184,51.8650,51.8800,51.8200,51.8800,1200
1431529272,51.8300,51.8300,51.7900,51.7900,1200
1431529418,51.7800,51.8580,51.7800,51.8580,200
1431529590,51.8400,51.8400,51.8400,51.8400,100
1431529758,51.7300,51.7900,51.7300,51.7800,1000
1431529884,51.8380,51.8380,51.8380,51.8380,100
1431529933,51.8300,51.8300,51.7750,51.7750,300
1431530099,51.8300,51.8300,51.8300,51.8300,100
1431530138,51.9000,51.9000,51.8400,51.8400,800
1431530237,52.0300,52.0300,52.0300,52.0300,100
1431530639,52.1300,52.1300,52.1200,52.1200,200
1431530675,52.1400,52.1400,52.1400,52.1400,100
1431530849,52.0800,52.1400,52.0800,52.1400,900
1431531223,52.1600,52.1700,52.1600,52.1700,200
1431531288,52.2800,52.2800,52.2800,52.2800,200
1431532016,52.3300,52.3300,52.3200,52.3200,400
1431532037,52.3890,52.3890,52.3890,52.3890,100
1431532102,52.4400,52.4400,52.4400,52.4400,100
1431533074,52.3800,52.3800,52.3800,52.3800,100
1431533267,52.4050,52.4050,52.4050,52.4050,600
1431533396,52.4050,52.4050,52.4050,52.4050,200
1431533401,52.3900,52.3900,52.3900,52.3900,400
1431533508,52.3750,52.4090,52.3700,52.4000,600
1431533522,52.3000,52.3600,52.3000,52.3550,3500
1431533731,52.3600,52.4150,52.3600,52.4000,1300
1431533775,52.3000,52.3300,52.2900,52.3300,1500
1431533821,52.4200,52.4200,52.4200,52.4200,100
1431533914,52.3405,52.3700,52.3400,52.3700,600
1431533988,52.4000,52.4000,52.4000,52.4000,100
1431534178,52.3300,52.3300,52.3300,52.3300,100
1431534231,52.2800,52.3200,52.2800,52.3105,600
1431534276,52.2000,52.2300,52.2000,52.2300,300
1431534357,52.1850,52.1850,52.1850,52.1850,200
1431534432,52.1900,52.1900,52.1800,52.1800,400
1431534539,52.2350,52.2350,52.2350,52.2350,100
1431534557,52.2200,52.2200,52.1500,52.1900,1800
1431534617,52.3300,52.3300,52.3300,52.3300,100
1431534686,52.2200,52.2600,52.2000,52.2600,1500
1431534739,52.2400,52.2750,52.2400,52.2750,300
1431534793,52.2000,52.2000,52.1900,52.2000,700
1431534878,52.2400,52.2600,52.2000,52.2000,800
1431534926,52.1800,52.2400,52.1800,52.2300,2600
1431534977,52.1400,52.2000,52.1400,52.2000,1800
1431535131,52.1880,52.2350,52.1500,52.2050,3900
1431535145,52.2200,52.2200,52.1800,52.2000,1100
1431535336,52.2700,52.3000,52.2500,52.3000,500
1431535493,52.3600,52.3600,52.3200,52.3200,300
1431535616,52.2850,52.2850,52.2700,52.2800,900
1431535946,52.2600,52.2600,52.2300,52.2300,200
1431535998,52.2600,52.2600,52.2600,52.2600,400
1431536457,52.3200,52.3200,52.2400,52.2400,2600
1431536497,52.2500,52.3300,52.2500,52.3200,2800
1431536710,52.3400,52.3400,52.3400,52.3400,100
1431536913,52.3400,52.3400,52.2900,52.2900,300
1431537039,52.3400,52.3400,52.3400,52.3400,100
1431537177,52.3400,52.3400,52.3400,52.3400,100
1431537235,52.3200,52.3200,52.3200,52.3200,200
1431537242,52.3000,52.3200,52.2800,52.3200,1300
1431537394,52.3500,52.3800,52.3200,52.3500,1400
1431537479,52.3870,52.3870,52.3870,52.3870,100
1431537480,52.4000,52.4000,52.3700,52.3700,300
1431538221,52.4200,52.4200,52.3800,52.3800,400
1431538766,52.4900,52.4900,52.4300,52.4900,800
1431538844,52.4500,52.4700,52.4500,52.4700,300
1431538922,52.4700,52.4800,52.4700,52.4800,300
1431539091,52.4000,52.4000,52.4000,52.4000,100
1431539216,52.4395,52.4400,52.4200,52.4400,500
1431539274,52.4900,52.4900,52.4900,52.4900,100
1431539375,52.4100,52.4100,52.4100,52.4100,400
1431539459,52.4200,52.4200,52.3901,52.3901,1100
1431539513,52.4000,52.4000,52.4000,52.4000,100
1431539618,52.4000,52.4000,52.4000,52.4000,100
1431539660,52.3800,52.4200,52.3800,52.4000,800
1431539846,52.4200,52.4900,52.4200,52.4300,1200
1431540324,52.5000,52.5100,52.5000,52.5100,200
1431540399,52.5000,52.5000,52.4600,52.4600,200
1431540570,52.4792,52.4792,52.4792,52.4792,100
1431540658,52.4500,52.4500,52.3800,52.4500,1500
1431540751,52.4500,52.4500,52.4500,52.4500,300
1431540925,52.5400,52.5400,52.5350,52.5350,400
1431540973,52.5300,52.5300,52.5300,52.5300,100
1431541184,52.4120,52.4120,52.4120,52.4120,100
1431541217,52.4650,52.4650,52.4650,52.4650,100
1431541276,52.4100,52.4600,52.4100,52.4300,500
1431541506,52.3800,52.3900,52.3800,52.3900,200
1431541645,52.4500,52.4500,52.4500,52.4500,100
1431541857,52.3400,52.3500,52.3400,52.3500,300
1431542223,52.4800,52.4800,52.4100,52.4100,600
1431542314,52.4400,52.5000,52.4400,52.4400,900
1431542374,52.4400,52.4400,52.4400,52.4400,200
1431542422,52.4400,52.4600,52.4400,52.4400,400
1431542464,52.4400,52.4400,52.4400,52.4400,200
1431542663,52.4000,52.4600,52.4000,52.4500,600
1431542767,52.4100,52.4100,52.4100,52.4100,100
1431542840,52.4100,52.4450,52.4100,52.4450,200
1431542908,52.4500,52.4700,52.4500,52.4500,600
1431543046,52.4500,52.4500,52.4500,52.4500,100
1431543114,52.4400,52.4400,52.4400,52.4400,300
1431543122,52.4400,52.4700,52.4400,52.4500,600
1431543186,52.4600,52.4700,52.4200,52.4700,1200
1431543359,52.4564,52.4700,52.4400,52.4700,900
1431543377,52.4300,52.4400,52.4300,52.4400,300
1431543529,52.4800,52.4800,52.4800,52.4800,200
1431543651,52.4600,52.4600,52.4600,52.4600,200
1431543736,52.5250,52.5250,52.5250,52.5250,100
1431543828,52.5300,52.5300,52.5300,52.5300,100
1431543943,52.5300,52.5300,52.5300,52.5300,200
1431544057,52.5500,52.5500,52.5300,52.5300,800
1431544150,52.5950,52.5950,52.5950,52.5950,100
1431544213,52.5500,52.5500,52.5500,52.5500,200
1431544302,52.5600,52.5600,52.5600,52.5600,100
1431544357,52.5600,52.6100,52.5600,52.6100,200
1431544405,52.5800,52.5800,52.5800,52.5800,100
1431544485,52.5600,52.5600,52.5500,52.5600,800
1431544540,52.5300,52.5300,52.5300,52.5300,100
1431544766,52.5500,52.5500,52.5300,52.5400,500
1431544848,52.5050,52.5050,52.5000,52.5000,300
1431545005,52.4500,52.4600,52.4500,52.4600,200
1431545098,52.5000,52.5000,52.5000,52.5000,1200
1431545158,52.5000,52.5000,52.4500,52.4500,500
1431545186,52.4950,52.4950,52.4950,52.4950,100
1431545283,52.4950,52.4950,52.4950,52.4950,300
1431545393,52.4900,52.4900,52.4900,52.4900,100
1431545493,52.4200,52.4600,52.4200,52.4600,1200
1431545578,52.4400,52.4400,52.4400,52.4400,100
1431545663,52.3700,52.4400,52.3700,52.4400,200
1431545754,52.4350,52.4350,52.4350,52.4350,100
1431545813,52.3700,52.3700,52.3600,52.3600,200
1431545845,52.4350,52.4350,52.4350,52.4350,100
1431545938,52.4400,52.4400,52.3700,52.3700,1200
1431545960,52.4500,52.4600,52.4400,52.4400,500
1431546026,52.4550,52.4600,52.4200,52.4500,1500
1431546117,52.4200,52.4750,52.4200,52.4600,1700
1431546158,52.4000,52.4400,52.4000,52.4400,200
1431546187,52.4500,52.4500,52.4000,52.4000,700
1431546271,52.4450,52.4450,52.4400,52.4400,200
1431546302,52.4500,52.4500,52.4400,52.4500,300
1431546419,52.4400,52.4400,52.4400,52.4400,100
1431546439,52.4600,52.4700,52.4100,52.4500,3100
1431546537,52.4400,52.4400,52.4200,52.4200,300
1431546588,52.4100,52.4500,52.4100,52.4500,300
1431546613,52.4500,52.4500,52.4300,52.4500,800
1431546718,52.4100,52.4500,52.4100,52.4500,700
1431546747,52.3700,52.4100,52.3500,52.4100,1100
1431546814,52.3800,52.3800,52.3600,52.3600,800
1431546880,52.3600,52.3600,52.3600,52.3600,200
1431546952,52.3600,52.3900,52.3600,52.3680,500
1431546996,52.3600,52.3700,52.3600,52.3700,600
1431547023,52.3600,52.3800,52.3600,52.3700,1100
1431547134,52.3200,52.3700,52.3100,52.3700,1800
1431547152,52.3600,52.3600,52.3100,52.3400,11900
1431547200,52.3800,52.3800,52.3800,52.3800,0
                                                                                     