uri:/instrument/1.0/WSTC/chartdata;type=quote;range=1d/csv
ticker:wstc
Company-Name:West Corporation
Exchange-Name:NMS
unit:MIN
timezone:EDT
currency:USD
gmtoffset:-14400
previous_close:30.7600
Timestamp:1431437400,1431460800
labels:1431439200,1431442800,1431446400,1431450000,1431453600,1431457200,1431460800
values:Timestamp,close,high,low,open,volume
close:30.0700,30.9600
high:30.1000,30.9700
low:30.0500,30.9600
open:30.0600,30.9600
volume:0,18900
1431437700,30.3200,30.4800,30.3200,30.4800,3100
1431437930,30.3400,30.3400,30.3400,30.3400,200
1431438080,30.3400,30.4100,30.3400,30.4100,500
1431438126,30.2800,30.2800,30.2546,30.2546,200
1431438186,30.2000,30.2000,30.2000,30.2000,400
1431438272,30.1600,30.1900,30.1600,30.1900,400
1431438303,30.1400,30.1950,30.1200,30.1700,1000
1431438373,30.0800,30.1300,30.0500,30.1000,2200
1431438437,30.1150,30.1150,30.1150,30.1150,100
1431438498,30.0800,30.1150,30.0800,30.1150,200
1431438558,30.1350,30.1350,30.0500,30.0600,800
1431438643,30.1300,30.1300,30.1300,30.1300,100
1431438703,30.1300,30.1300,30.0600,30.0700,500
1431438774,30.1500,30.1700,30.1100,30.1400,18900
1431438826,30.1500,30.2000,30.1300,30.1800,900
1431438845,30.1450,30.1500,30.1000,30.1500,1000
1431438957,30.0700,30.1500,30.0700,30.0701,900
1431439015,30.0900,30.1450,30.0700,30.1450,500
1431439079,30.1300,30.1300,30.0500,30.1300,900
1431439088,30.1000,30.1000,30.1000,30.1000,900
1431439199,30.1500,30.1750,30.1000,30.1750,500
1431439220,30.1500,30.1500,30.1500,30.1500,100
1431439317,30.1700,30.1700,30.1350,30.1350,600
1431439372,30.1350,30.1350,30.1350,30.1350,200
1431439388,30.2800,30.2800,30.1700,30.1700,1500
1431439446,30.2600,30.3000,30.2600,30.2600,300
1431439518,30.4100,30.4100,30.2600,30.2600,8500
1431439601,30.3400,30.4200,30.3400,30.4100,600
1431439633,30.3000,30.3400,30.3000,30.3400,1000
1431439715,30.2500,30.3000,30.2500,30.3000,700
1431439831,30.2500,30.2500,30.2500,30.2500,500
1431439945,30.2900,30.2900,30.2900,30.2900,300
1431439980,30.2914,30.2914,30.2800,30.2800,200
1431440086,30.3000,30.3000,30.2500,30.2500,800
1431440150,30.3300,30.3300,30.3100,30.3100,500
1431440176,30.3400,30.3700,30.3400,30.3700,200
1431440243,30.3600,30.3601,30.3600,30.3601,700
1431440291,30.3000,30.3000,30.3000,30.3000,100
1431440408,30.2500,30.2800,30.2500,30.2800,1800
1431440477,30.2100,30.2100,30.2000,30.2000,200
1431440526,30.2000,30.2000,30.2000,30.2000,200
1431440631,30.2100,30.2100,30.2100,30.2100,300
1431440647,30.2400,30.2400,30.2000,30.2000,1300
1431440781,30.2900,30.2900,30.2600,30.2600,1100
1431440889,30.2500,30.2950,30.2500,30.2800,700
1431441016,30.2500,30.2500,30.2500,30.2500,600
1431441140,30.2700,30.3000,30.2700,30.2900,600
1431441260,30.3300,30.3300,30.3100,30.3100,500
1431441321,30.3000,30.3000,30.3000,30.3000,400
1431441410,30.2900,30.3100,30.2900,30.3000,500
1431441441,30.2600,30.3200,30.2600,30.3200,200
1431441599,30.3200,30.3200,30.2600,30.2600,400
1431441617,30.4400,30.4400,30.3500,30.3500,1900
1431441757,30.4600,30.4600,30.4600,30.4600,100
1431441907,30.4800,30.4800,30.4600,30.4600,700
1431441972,30.5600,30.5600,30.5600,30.5600,100
1431442073,30.5749,30.5749,30.5749,30.5749,100
1431442108,30.5500,30.5600,30.5500,30.5600,300
1431442163,30.5300,30.5300,30.5300,30.5300,100
1431442254,30.5000,30.5000,30.5000,30.5000,300
1431442400,30.4700,30.4800,30.4700,30.4800,300
1431442547,30.4700,30.4700,30.4700,30.4700,300
1431442567,30.4945,30.4945,30.4945,30.4945,100
1431442638,30.4400,30.4400,30.4400,30.4400,200
1431442693,30.4000,30.4000,30.4000,30.4000,300
1431442755,30.4400,30.4400,30.4400,30.4400,400
1431442811,30.4200,30.4600,30.4200,30.4600,200
1431442934,30.4800,30.4800,30.4800,30.4800,100
1431442983,30.4300,30.4300,30.4300,30.4300,200
1431443111,30.5200,30.5200,30.4550,30.4800,600
1431443167,30.5079,30.5079,30.5079,30.5079,100
1431443231,30.5100,30.5800,30.5100,30.5312,1300
1431443413,30.5499,30.5499,30.5000,30.5100,600
1431443500,30.5400,30.5400,30.5400,30.5400,100
1431443557,30.4800,30.4800,30.4800,30.4800,200
1431443678,30.4600,30.4600,30.4600,30.4600,100
1431443754,30.4100,30.4300,30.4100,30.4300,600
1431443763,30.3900,30.4000,30.3900,30.4000,300
1431443847,30.3900,30.3900,30.3900,30.3900,1100
1431443898,30.3800,30.3800,30.3800,30.3800,100
1431443990,30.3700,30.3700,30.3700,30.3700,700
1431444074,30.4600,30.4600,30.4100,30.4200,1000
1431444209,30.4699,30.4699,30.4300,30.4400,1400
1431444425,30.3700,30.4200,30.3700,30.4200,500
1431444571,30.3200,30.3400,30.3200,30.3400,1300
1431444622,30.3600,30.3600,30.3400,30.3400,500
1431444718,30.3400,30.3400,30.3400,30.3400,100
1431444824,30.3400,30.3400,30.3400,30.3400,200
1431444864,30.3000,30.3100,30.3000,30.3100,200
1431444952,30.2600,30.3300,30.2600,30.2900,1500
1431445019,30.2600,30.2600,30.2600,30.2600,1100
1431445060,30.2600,30.2600,30.2600,30.2600,600
1431445087,30.2428,30.2600,30.2428,30.2600,4100
1431445149,30.2650,30.2900,30.2500,30.2900,500
1431445304,30.2100,30.2600,30.2100,30.2400,400
1431445451,30.2100,30.2200,30.2100,30.2200,400
1431445504,30.2600,30.2600,30.2400,30.2400,400
1431445601,30.3000,30.3000,30.2600,30.2600,500
1431445621,30.3000,30.3000,30.3000,30.3000,100
1431445746,30.2600,30.2600,30.2600,30.2600,100
1431445854,30.2700,30.3000,30.2700,30.3000,400
1431445895,30.2600,30.2700,30.2600,30.2700,200
1431446044,30.3000,30.3000,30.2700,30.2700,500
1431446197,30.2600,30.2600,30.2600,30.2600,200
1431446229,30.2900,30.2900,30.2900,30.2900,300
1431446350,30.2700,30.2700,30.2700,30.2700,300
1431446507,30.2600,30.2601,30.2600,30.2601,300
1431446561,30.2600,30.2700,30.2600,30.2600,700
1431446625,30.2600,30.2900,30.2600,30.2900,800
1431446665,30.2600,30.2600,30.2600,30.2600,500
1431446838,30.2600,30.2600,30.2600,30.2600,300
1431446988,30.2600,30.2800,30.2600,30.2600,1000
1431447024,30.2800,30.2800,30.2600,30.2600,400
1431447152,30.2600,30.2600,30.2600,30.2600,200
1431447252,30.2800,30.2900,30.2800,30.2800,1200
1431447408,30.2900,30.3200,30.2900,30.2900,1000
1431447485,30.2700,30.2700,30.2700,30.2700,200
1431447637,30.2500,30.2600,30.2500,30.2600,1400
1431447829,30.2400,30.2400,30.2400,30.2400,200
1431447869,30.3200,30.3300,30.2900,30.2900,1400
1431447924,30.3500,30.3500,30.3500,30.3500,200
1431448030,30.3200,30.3200,30.3200,30.3200,100
1431448184,30.2700,30.2800,30.2700,30.2800,200
1431448367,30.2500,30.2500,30.2500,30.2500,300
1431448550,30.2500,30.2500,30.2500,30.2500,200
1431448573,30.2600,30.2700,30.2600,30.2700,200
1431448697,30.3100,30.3100,30.3100,30.3100,700
1431448883,30.3500,30.3500,30.3500,30.3500,200
1431448945,30.3300,30.3300,30.3300,30.3300,200
1431449025,30.3500,30.3600,30.3500,30.3600,500
1431449147,30.3500,30.3500,30.3500,30.3500,200
1431449275,30.3300,30.3714,30.3300,30.3714,400
1431449362,30.3573,30.3700,30.3300,30.3400,1100
1431449439,30.3400,30.3699,30.3400,30.3699,300
1431449476,30.3400,30.3400,30.3400,30.3400,300
1431449569,30.3899,30.3899,30.3600,30.3799,1200
1431449602,30.3803,30.3803,30.3803,30.3803,300
1431449640,30.3800,30.3900,30.3800,30.3900,500
1431449758,30.3899,30.3899,30.3899,30.3899,300
1431449790,30.3899,30.3899,30.3899,30.3899,600
1431449854,30.3895,30.3895,30.3895,30.3895,300
1431449909,30.3500,30.3900,30.3500,30.3900,500
1431449977,30.3300,30.3773,30.3300,30.3773,1000
1431450084,30.3543,30.3543,30.3543,30.3543,400
1431450166,30.3699,30.3699,30.3545,30.3545,800
1431450180,30.3100,30.3200,30.3100,30.3200,400
1431450241,30.2900,30.3100,30.2900,30.3100,300
1431450400,30.3114,30.3499,30.2900,30.3499,1000
1431450452,30.3096,30.3096,30.3096,30.3096,300
1431450533,30.3600,30.3600,30.3000,30.3300,1000
1431450588,30.4600,30.4600,30.3800,30.3800,1100
1431450606,30.4100,30.4599,30.4000,30.4599,1400
1431450663,30.4950,30.4950,30.4700,30.4709,1800
1431450779,30.5700,30.5700,30.4800,30.4999,2400
1431450787,30.5400,30.5400,30.5300,30.5300,300
1431450881,30.5825,30.6100,30.5700,30.6000,1000
1431450958,30.5900,30.6375,30.5900,30.6200,2500
1431450963,30.6100,30.6700,30.6000,30.6200,3100
1431451060,30.6200,30.6200,30.6200,30.6200,100
1431451099,30.6400,30.6500,30.6000,30.6500,500
1431451244,30.6994,30.6994,30.6994,30.6994,1000
1431451310,30.6100,30.6700,30.5800,30.6700,500
1431451374,30.5500,30.6100,30.5500,30.5600,1200
1431451460,30.6300,30.6300,30.5700,30.5700,1000
1431451525,30.6400,30.6400,30.5900,30.6300,700
1431451592,30.6343,30.6343,30.6343,30.6343,100
1431451677,30.6450,30.6500,30.6100,30.6500,1000
1431451697,30.6999,30.6999,30.6700,30.6700,700
1431451797,30.7100,30.7100,30.6600,30.6750,1900
1431451846,30.7100,30.7600,30.6800,30.7100,1100
1431451910,30.6400,30.7000,30.6400,30.7000,1600
1431451958,30.6200,30.6899,30.6200,30.6300,700
1431451990,30.6700,30.6700,30.6700,30.6700,100
1431452077,30.6400,30.6700,30.6400,30.6700,500
1431452216,30.6500,30.6782,30.6500,30.6600,800
1431452245,30.6700,30.6700,30.6700,30.6700,400
1431452283,30.6608,30.6700,30.6608,30.6700,300
1431452389,30.6900,30.7008,30.6700,30.6700,800
1431452402,30.7073,30.7200,30.6800,30.6900,1600
1431452511,30.7200,30.7200,30.7200,30.7200,400
1431452551,30.6800,30.7200,30.6800,30.7200,200
1431452611,30.7025,30.7025,30.7025,30.7025,800
1431452660,30.6917,30.6917,30.6917,30.6917,500
1431452756,30.7500,30.7500,30.6963,30.7000,2700
1431452797,30.7315,30.7500,30.7200,30.7500,1200
1431452911,30.7763,30.7763,30.7400,30.7400,1500
1431452980,30.7500,30.7700,30.7500,30.7700,500
1431453047,30.7300,30.7300,30.7300,30.7300,100
1431453063,30.7585,30.7585,30.7585,30.7585,500
1431453164,30.7200,30.7400,30.7200,30.7400,700
1431453199,30.7450,30.7450,30.7100,30.7200,600
1431453285,30.7100,30.7100,30.7100,30.7100,300
1431453345,30.7600,30.7600,30.7600,30.7600,100
1431453361,30.7573,30.7573,30.7200,30.7436,600
1431453438,30.7100,30.7300,30.7100,30.7300,1100
1431453559,30.6900,30.7200,30.6900,30.7150,1000
1431453602,30.7300,30.7300,30.7300,30.7300,1000
1431453671,30.6900,30.7200,30.6900,30.7200,500
1431453749,30.7000,30.7000,30.7000,30.7000,200
1431453791,30.7400,30.7400,30.7300,30.7400,800
1431453844,30.7700,30.7700,30.7600,30.7600,800
1431453957,30.7560,30.7560,30.7400,30.7400,500
1431454082,30.7500,30.7500,30.7500,30.7500,700
1431454233,30.7600,30.7600,30.7600,30.7600,100
1431454275,30.7200,30.7400,30.7200,30.7400,900
1431454323,30.6900,30.7000,30.6900,30.7000,200
1431454415,30.7000,30.7000,30.7000,30.7000,200
1431454517,30.6900,30.7000,30.6900,30.6900,5000
1431454711,30.7098,30.7098,30.6900,30.6900,600
1431454771,30.7200,30.7200,30.7100,30.7100,700
1431454839,30.7500,30.7500,30.7100,30.7150,1500
1431454881,30.7700,30.7700,30.7600,30.7600,300
1431454961,30.8200,30.8200,30.7600,30.7600,1200
1431455028,30.8300,30.8500,30.8300,30.8500,1200
1431455072,30.8694,30.8694,30.8694,30.8694,400
1431455141,30.8351,30.8351,30.8100,30.8100,700
1431455190,30.8000,30.8343,30.8000,30.8343,300
1431455273,30.7900,30.7900,30.7900,30.7900,100
1431455302,30.8100,30.8100,30.7952,30.7952,1100
1431455343,30.8000,30.8100,30.7900,30.7900,800
1431455400,30.8900,30.8900,30.8600,30.8600,800
1431455500,30.8900,30.8900,30.8800,30.8800,1000
1431455559,30.8700,30.9000,30.8700,30.8800,1900
1431455631,30.9094,30.9300,30.8700,30.9100,1100
1431455675,30.8856,30.8856,30.8856,30.8856,400
1431455752,30.8600,30.8600,30.8600,30.8600,200
1431455819,30.8201,30.8201,30.8200,30.8200,400
1431455879,30.8300,30.8500,30.8300,30.8500,1200
1431455958,30.8200,30.8400,30.8200,30.8400,800
1431456041,30.8300,30.8300,30.8300,30.8300,700
1431456118,30.8500,30.9400,30.8500,30.8700,3300
1431456176,30.8900,30.9400,30.8600,30.9100,1400
1431456222,30.9500,30.9600,30.9100,30.9300,1800
1431456278,30.9600,30.9700,30.8900,30.8900,1000
1431456344,30.9600,30.9600,30.9600,30.9600,200
1431456431,30.8900,30.8900,30.8900,30.8900,400
1431456584,30.7900,30.8400,30.7800,30.8400,900
1431456609,30.8300,30.8600,30.8050,30.8050,900
1431456730,30.7600,30.8100,30.7600,30.8100,500
1431456875,30.7100,30.7300,30.7100,30.7300,400
1431456934,30.6900,30.6900,30.6900,30.6900,200
1431457015,30.6600,30.6800,30.6600,30.6800,500
1431457021,30.6900,30.6900,30.6900,30.6900,200
1431457151,30.6700,30.6800,30.6300,30.6550,1900
1431457202,30.7200,30.7200,30.7200,30.7200,100
1431457409,30.6900,30.6900,30.6900,30.6900,200
1431457494,30.6900,30.6900,30.6600,30.6900,1600
1431457503,30.6900,30.6900,30.6600,30.6700,2300
1431457605,30.7100,30.7100,30.7100,30.7100,200
1431457686,30.7000,30.7100,30.7000,30.7100,600
1431457764,30.7000,30.7000,30.7000,30.7000,700
1431457877,30.6900,30.6900,30.6900,30.6900,200
1431457921,30.7300,30.7400,30.7100,30.7100,1000
1431458039,30.8000,30.8400,30.7700,30.7700,1500
1431458089,30.7900,30.8600,30.7900,30.8200,1200
1431458156,30.7750,30.7750,30.7750,30.7750,100
1431458176,30.7800,30.8053,30.7700,30.8053,1000
1431458327,30.7600,30.7700,30.7600,30.7700,800
1431458351,30.7400,30.7500,30.7300,30.7500,400
1431458408,30.7200,30.7200,30.7200,30.7200,200
1431458510,30.7000,30.7204,30.6800,30.7204,1400
1431458603,30.6800,30.6900,30.6800,30.6900,200
1431458687,30.6800,30.7000,30.6700,30.6800,800
1431458702,30.7200,30.7200,30.6900,30.6900,1000
1431458760,30.7100,30.7500,30.7100,30.7300,800
1431458855,30.6900,30.6900,30.6900,30.6900,700
1431458938,30.6900,30.6900,30.6700,30.6800,1600
1431458941,30.7000,30.7000,30.6900,30.6900,300
1431459009,30.7700,30.7700,30.7100,30.7100,1600
1431459157,30.7500,30.7500,30.7500,30.7500,100
1431459234,30.7800,30.8100,30.7300,30.7400,4800
1431459279,30.7920,30.8000,30.7800,30.7800,900
1431459307,30.7700,30.7700,30.7700,30.7700,900
1431459447,30.7400,30.7400,30.7400,30.7400,300
1431459529,30.7300,30.7400,30.7300,30.7400,800
1431459574,30.7200,30.7400,30.7100,30.7100,1800
1431459690,30.6700,30.7000,30.6700,30.7000,800
1431459745,30.6900,30.6900,30.6600,30.6600,1600
1431459805,30.6700,30.6701,30.6700,30.6701,200
1431459845,30.7000,30.7000,30.6800,30.6800,800
1431459911,30.7100,30.7100,30.7100,30.7100,200
1431459984,30.7100,30.7100,30.6700,30.6900,3100
1431460070,30.7100,30.7100,30.7100,30.7100,100
1431460096,30.7200,30.7200,30.7100,30.7100,700
1431460193,30.7000,30.7100,30.7000,30.7100,700
1431460256,30.7100,30.7400,30.7100,30.7300,3200
1431460315,30.6800,30.6900,30.6700,30.6900,2100
1431460371,30.7100,30.7100,30.6900,30.6900,1000
1431460426,30.7100,30.7100,30.6900,30.7100,1100
1431460490,30.7500,30.7500,30.6900,30.6900,4100
1431460511,30.7600,30.7600,30.7200,30.7500,3200
1431460616,30.7000,30.7400,30.7000,30.7200,1200
1431460679,30.7200,30.7400,30.7000,30.7400,4100
1431460682,30.6900,30.7100,30.6900,30.7100,4200
1431460740,30.7600,30.7700,30.7000,30.7000,9300
1431460752,30.7000,30.7000,30.7000,30.7000,0
1431460800,30.7600,30.7600,30.7600,30.7600,10500
                                 